2026-03-26 15:32:45  Run tag : run_win_20260326_153245
2026-03-26 15:32:45  Log dir : C:\Users\laure\1own_projects\1polytopia_score\RL\logs
2026-03-26 15:32:45  Loading pretrained weights: .\checkpoints_win_reward\policy_update_00115.pt
2026-03-26 15:32:45  Checkpoint loaded.
2026-03-26 15:32:45  
2026-03-26 15:32:45  ========================================================================
2026-03-26 15:32:45    POLYTOPIA RL — PPO  (win-reward fine-tuning)
2026-03-26 15:32:45  ========================================================================
2026-03-26 15:32:45    Device            : cuda
2026-03-26 15:32:45    Board size        : random square [11×11 … 11×11]
2026-03-26 15:32:45    Workers × envs    : 16 × 8  =  128 parallel envs
2026-03-26 15:32:45    Rollout steps     : 256
2026-03-26 15:32:45    Full batch        : 32,768 samples (256 steps × 128 envs)
2026-03-26 15:32:45    Minibatch size    : 128  →  256 minibatches / epoch  (drop_last=True)
2026-03-26 15:32:45    PPO epochs        : 4  |  Updates: 500
2026-03-26 15:32:45    Win reward        : 30.0   |  Loss reward : -10.0
2026-03-26 15:32:45    clip_eps / vf / ent: 0.2 / 0.5 / 0.02
2026-03-26 15:32:45    γ / λ             : 0.998 / 0.95
2026-03-26 15:32:45    LR                : 4e-05
2026-03-26 15:32:45    AMP               : True
2026-03-26 15:32:45    Encoder           : 4 layers × 64d (4 heads)
2026-03-26 15:32:45    Selection heads   : 2 layers × 64d (4 heads)
2026-03-26 15:32:45    MLP               : 3 layers × 128d
2026-03-26 15:32:45    Conv kernels      : (5, 3) × 1 layers
2026-03-26 15:32:45    Context bias      : 4
2026-03-26 15:32:45    Start update      : 116
2026-03-26 15:32:45    Pretrained        : .\checkpoints_win_reward\policy_update_00115.pt
2026-03-26 15:32:45  
2026-03-26 15:32:45    GAE mode          : per-player MDP (cross-turn credit assignment)
2026-03-26 15:32:45    Update gate       : only advances when ≥1 conquest in batch
2026-03-26 15:32:45  
2026-03-26 15:32:45  
2026-03-26 15:32:45  Spawned 16 worker processes.
2026-03-26 15:36:13  
[update 0116] winner found after 1 simulation round(s)  (dist 0.242s | collect 207.25s)
2026-03-26 15:36:13  [update 0116] per-player GAE in 0.0220s
2026-03-26 15:59:17  [update 0116] PPO update done in 1383.77s
2026-03-26 15:59:19    [ckpt] saved → checkpoints_win_reward\policy_update_00116.pt  (keeping last 3)
2026-03-26 15:59:19  
2026-03-26 15:59:19  ╔══ update 0116 ════════════════════════════════════════════
2026-03-26 15:59:19  ║  Wall time     : 1593.5s  (dist 0.24s | collect 207.25s | GAE 0.0220s | PPO 1383.77s)
2026-03-26 15:59:19  ║  Simul rounds  : 1
2026-03-26 15:59:19  ║  Games finished:     63  (conquest 63, timeout 0)
2026-03-26 15:59:19  ║  Win rate      : 1.000
2026-03-26 15:59:19  ║  Avg ep length : 520.1 steps
2026-03-26 15:59:19  ║  Avg reward/ep : 20.0000
2026-03-26 15:59:19  ║  p_loss        : 0.0020
2026-03-26 15:59:19  ║  v_loss        : 0.4328
2026-03-26 15:59:19  ║  entropy       : 1.1391
2026-03-26 15:59:19  ╚════════════════════════════════════════════════════════════
2026-03-26 15:59:19  
2026-03-26 16:04:01  
[update 0117] winner found after 1 simulation round(s)  (dist 0.076s | collect 282.01s)
2026-03-26 16:04:01  [update 0117] per-player GAE in 0.0217s
2026-03-26 16:20:55  [update 0117] PPO update done in 1011.94s
2026-03-26 16:20:57    [ckpt] saved → checkpoints_win_reward\policy_update_00117.pt  (keeping last 3)
2026-03-26 16:20:57  
2026-03-26 16:20:57  ╔══ update 0117 ════════════════════════════════════════════
2026-03-26 16:20:57  ║  Wall time     : 1298.3s  (dist 0.08s | collect 282.01s | GAE 0.0217s | PPO 1011.94s)
2026-03-26 16:20:57  ║  Simul rounds  : 1
2026-03-26 16:20:57  ║  Games finished:     33  (conquest 33, timeout 0)
2026-03-26 16:20:57  ║  Win rate      : 1.000
2026-03-26 16:20:57  ║  Avg ep length : 993.0 steps
2026-03-26 16:20:57  ║  Avg reward/ep : 20.0000
2026-03-26 16:20:57  ║  p_loss        : 0.0037
2026-03-26 16:20:57  ║  v_loss        : 0.3455
2026-03-26 16:20:57  ║  entropy       : 1.3146
2026-03-26 16:20:57  ╚════════════════════════════════════════════════════════════
2026-03-26 16:20:57  
2026-03-26 16:26:06  
[update 0118] winner found after 1 simulation round(s)  (dist 0.081s | collect 308.74s)
2026-03-26 16:26:06  [update 0118] per-player GAE in 0.0223s
2026-03-26 16:39:40  [update 0118] PPO update done in 811.56s
2026-03-26 16:39:42    [ckpt] saved → checkpoints_win_reward\policy_update_00118.pt  (keeping last 3)
2026-03-26 16:39:42  
2026-03-26 16:39:42  ╔══ update 0118 ════════════════════════════════════════════
2026-03-26 16:39:42  ║  Wall time     : 1124.6s  (dist 0.08s | collect 308.74s | GAE 0.0223s | PPO 811.56s)
2026-03-26 16:39:42  ║  Simul rounds  : 1
2026-03-26 16:39:42  ║  Games finished:     35  (conquest 35, timeout 0)
2026-03-26 16:39:42  ║  Win rate      : 1.000
2026-03-26 16:39:42  ║  Avg ep length : 936.2 steps
2026-03-26 16:39:42  ║  Avg reward/ep : 20.0000
2026-03-26 16:39:42  ║  p_loss        : 0.0014
2026-03-26 16:39:42  ║  v_loss        : 0.3539
2026-03-26 16:39:42  ║  entropy       : 1.2801
2026-03-26 16:39:42  ╚════════════════════════════════════════════════════════════
2026-03-26 16:39:42  
2026-03-26 16:44:42  
[update 0119] winner found after 1 simulation round(s)  (dist 0.142s | collect 300.54s)
2026-03-26 16:44:42  [update 0119] per-player GAE in 0.0228s
2026-03-26 16:58:07  [update 0119] PPO update done in 802.19s
2026-03-26 16:58:09    [ckpt] removed old checkpoint: checkpoints_win_reward\policy_update_00116.pt
2026-03-26 16:58:09    [ckpt] saved → checkpoints_win_reward\policy_update_00119.pt  (keeping last 3)
2026-03-26 16:58:09  
2026-03-26 16:58:09  ╔══ update 0119 ════════════════════════════════════════════
2026-03-26 16:58:09  ║  Wall time     : 1107.2s  (dist 0.14s | collect 300.54s | GAE 0.0228s | PPO 802.19s)
2026-03-26 16:58:09  ║  Simul rounds  : 1
2026-03-26 16:58:09  ║  Games finished:     22  (conquest 22, timeout 0)
2026-03-26 16:58:09  ║  Win rate      : 1.000
2026-03-26 16:58:09  ║  Avg ep length : 1489.5 steps
2026-03-26 16:58:09  ║  Avg reward/ep : 20.0000
2026-03-26 16:58:09  ║  p_loss        : 0.0033
2026-03-26 16:58:09  ║  v_loss        : 0.2430
2026-03-26 16:58:09  ║  entropy       : 1.4388
2026-03-26 16:58:09  ╚════════════════════════════════════════════════════════════
2026-03-26 16:58:09  
2026-03-26 17:03:02  
[update 0120] winner found after 1 simulation round(s)  (dist 0.083s | collect 293.63s)
2026-03-26 17:03:02  [update 0120] per-player GAE in 0.0224s
2026-03-26 17:16:06  [update 0120] PPO update done in 780.86s
2026-03-26 17:16:07    [ckpt] removed old checkpoint: checkpoints_win_reward\policy_update_00117.pt
2026-03-26 17:16:07    [ckpt] saved → checkpoints_win_reward\policy_update_00120.pt  (keeping last 3)
2026-03-26 17:16:07  
2026-03-26 17:16:07  ╔══ update 0120 ════════════════════════════════════════════
2026-03-26 17:16:07  ║  Wall time     : 1078.7s  (dist 0.08s | collect 293.63s | GAE 0.0224s | PPO 780.86s)
2026-03-26 17:16:07  ║  Simul rounds  : 1
2026-03-26 17:16:07  ║  Games finished:     30  (conquest 30, timeout 0)
2026-03-26 17:16:07  ║  Win rate      : 1.000
2026-03-26 17:16:07  ║  Avg ep length : 1092.3 steps
2026-03-26 17:16:07  ║  Avg reward/ep : 20.0000
2026-03-26 17:16:07  ║  p_loss        : 0.0025
2026-03-26 17:16:07  ║  v_loss        : 0.3284
2026-03-26 17:16:07  ║  entropy       : 1.4797
2026-03-26 17:16:07  ╚════════════════════════════════════════════════════════════
2026-03-26 17:16:07  
2026-03-26 17:21:10  
[update 0121] winner found after 1 simulation round(s)  (dist 0.079s | collect 302.41s)
2026-03-26 17:21:10  [update 0121] per-player GAE in 0.0213s
2026-03-26 17:28:04  [update 0121] PPO update done in 411.74s
2026-03-26 17:28:05    [ckpt] removed old checkpoint: checkpoints_win_reward\policy_update_00118.pt
2026-03-26 17:28:05    [ckpt] saved → checkpoints_win_reward\policy_update_00121.pt  (keeping last 3)
2026-03-26 17:28:05  
2026-03-26 17:28:05  ╔══ update 0121 ════════════════════════════════════════════
2026-03-26 17:28:05  ║  Wall time     : 717.2s  (dist 0.08s | collect 302.41s | GAE 0.0213s | PPO 411.74s)
2026-03-26 17:28:05  ║  Simul rounds  : 1
2026-03-26 17:28:05  ║  Games finished:     17  (conquest 17, timeout 0)
2026-03-26 17:28:05  ║  Win rate      : 1.000
2026-03-26 17:28:05  ║  Avg ep length : 1927.5 steps
2026-03-26 17:28:05  ║  Avg reward/ep : 20.0000
2026-03-26 17:28:05  ║  p_loss        : 0.0018
2026-03-26 17:28:05  ║  v_loss        : 0.4012
2026-03-26 17:28:05  ║  entropy       : 1.4296
2026-03-26 17:28:05  ╚════════════════════════════════════════════════════════════
2026-03-26 17:28:05  
2026-03-26 17:33:21  
[update 0122] winner found after 1 simulation round(s)  (dist 0.133s | collect 316.03s)
2026-03-26 17:33:21  [update 0122] per-player GAE in 0.0206s
2026-03-26 17:38:54  [update 0122] PPO update done in 330.96s
2026-03-26 17:38:55    [ckpt] removed old checkpoint: checkpoints_win_reward\policy_update_00119.pt
2026-03-26 17:38:55    [ckpt] saved → checkpoints_win_reward\policy_update_00122.pt  (keeping last 3)
2026-03-26 17:38:55  
2026-03-26 17:38:55  ╔══ update 0122 ════════════════════════════════════════════
2026-03-26 17:38:55  ║  Wall time     : 650.3s  (dist 0.13s | collect 316.03s | GAE 0.0206s | PPO 330.96s)
2026-03-26 17:38:55  ║  Simul rounds  : 1
2026-03-26 17:38:55  ║  Games finished:     12  (conquest 12, timeout 0)
2026-03-26 17:38:55  ║  Win rate      : 1.000
2026-03-26 17:38:55  ║  Avg ep length : 2730.7 steps
2026-03-26 17:38:55  ║  Avg reward/ep : 20.0000
2026-03-26 17:38:55  ║  p_loss        : 0.0054
2026-03-26 17:38:55  ║  v_loss        : 0.2663
2026-03-26 17:38:55  ║  entropy       : 1.5072
2026-03-26 17:38:55  ╚════════════════════════════════════════════════════════════
2026-03-26 17:38:55  
2026-03-26 17:44:01  
[update 0123] winner found after 1 simulation round(s)  (dist 0.126s | collect 305.60s)
2026-03-26 17:44:01  [update 0123] per-player GAE in 0.0218s
2026-03-26 17:51:33  [update 0123] PPO update done in 449.89s
2026-03-26 17:51:34    [ckpt] removed old checkpoint: checkpoints_win_reward\policy_update_00120.pt
2026-03-26 17:51:34    [ckpt] saved → checkpoints_win_reward\policy_update_00123.pt  (keeping last 3)
2026-03-26 17:51:34  
2026-03-26 17:51:34  ╔══ update 0123 ════════════════════════════════════════════
2026-03-26 17:51:34  ║  Wall time     : 759.1s  (dist 0.13s | collect 305.60s | GAE 0.0218s | PPO 449.89s)
2026-03-26 17:51:34  ║  Simul rounds  : 1
2026-03-26 17:51:34  ║  Games finished:     16  (conquest 16, timeout 0)
2026-03-26 17:51:34  ║  Win rate      : 1.000
2026-03-26 17:51:34  ║  Avg ep length : 2048.0 steps
2026-03-26 17:51:34  ║  Avg reward/ep : 20.0000
2026-03-26 17:51:34  ║  p_loss        : 0.0071
2026-03-26 17:51:34  ║  v_loss        : 0.2970
2026-03-26 17:51:34  ║  entropy       : 1.5400
2026-03-26 17:51:34  ╚════════════════════════════════════════════════════════════
2026-03-26 17:51:34  
2026-03-26 17:57:10  
[update 0124] winner found after 1 simulation round(s)  (dist 0.146s | collect 335.86s)
2026-03-26 17:57:10  [update 0124] per-player GAE in 0.0225s
2026-03-26 18:01:51  [update 0124] PPO update done in 278.83s
2026-03-26 18:01:52    [ckpt] removed old checkpoint: checkpoints_win_reward\policy_update_00121.pt
2026-03-26 18:01:52    [ckpt] saved → checkpoints_win_reward\policy_update_00124.pt  (keeping last 3)
2026-03-26 18:01:52  
2026-03-26 18:01:52  ╔══ update 0124 ════════════════════════════════════════════
2026-03-26 18:01:52  ║  Wall time     : 617.8s  (dist 0.15s | collect 335.86s | GAE 0.0225s | PPO 278.83s)
2026-03-26 18:01:52  ║  Simul rounds  : 1
2026-03-26 18:01:52  ║  Games finished:      6  (conquest 6, timeout 0)
2026-03-26 18:01:52  ║  Win rate      : 1.000
2026-03-26 18:01:52  ║  Avg ep length : 5461.3 steps
2026-03-26 18:01:52  ║  Avg reward/ep : 20.0000
2026-03-26 18:01:52  ║  p_loss        : 0.0107
2026-03-26 18:01:52  ║  v_loss        : 0.1192
2026-03-26 18:01:52  ║  entropy       : 1.3587
2026-03-26 18:01:52  ╚════════════════════════════════════════════════════════════
2026-03-26 18:01:52  
2026-03-26 18:07:10  
[update 0125] winner found after 1 simulation round(s)  (dist 0.078s | collect 318.49s)
2026-03-26 18:07:10  [update 0125] per-player GAE in 0.0239s
2026-03-26 18:17:42  [update 0125] PPO update done in 628.81s
2026-03-26 18:17:43    [ckpt] removed old checkpoint: checkpoints_win_reward\policy_update_00122.pt
2026-03-26 18:17:43    [ckpt] saved → checkpoints_win_reward\policy_update_00125.pt  (keeping last 3)
2026-03-26 18:17:43  
2026-03-26 18:17:43  ╔══ update 0125 ════════════════════════════════════════════
2026-03-26 18:17:43  ║  Wall time     : 950.8s  (dist 0.08s | collect 318.49s | GAE 0.0239s | PPO 628.81s)
2026-03-26 18:17:43  ║  Simul rounds  : 1
2026-03-26 18:17:43  ║  Games finished:     25  (conquest 25, timeout 0)
2026-03-26 18:17:43  ║  Win rate      : 1.000
2026-03-26 18:17:43  ║  Avg ep length : 1310.7 steps
2026-03-26 18:17:43  ║  Avg reward/ep : 20.0000
2026-03-26 18:17:43  ║  p_loss        : 0.0052
2026-03-26 18:17:43  ║  v_loss        : 0.3937
2026-03-26 18:17:43  ║  entropy       : 1.5046
2026-03-26 18:17:43  ╚════════════════════════════════════════════════════════════
2026-03-26 18:17:43  
2026-03-26 18:23:10  
[update 0126] winner found after 1 simulation round(s)  (dist 0.144s | collect 326.79s)
2026-03-26 18:23:10  [update 0126] per-player GAE in 0.0214s
2026-03-26 18:26:17  [update 0126] PPO update done in 185.37s
2026-03-26 18:26:18    [ckpt] removed old checkpoint: checkpoints_win_reward\policy_update_00123.pt
2026-03-26 18:26:18    [ckpt] saved → checkpoints_win_reward\policy_update_00126.pt  (keeping last 3)
2026-03-26 18:26:18  
2026-03-26 18:26:18  ╔══ update 0126 ════════════════════════════════════════════
2026-03-26 18:26:18  ║  Wall time     : 514.9s  (dist 0.14s | collect 326.79s | GAE 0.0214s | PPO 185.37s)
2026-03-26 18:26:18  ║  Simul rounds  : 1
2026-03-26 18:26:18  ║  Games finished:      5  (conquest 5, timeout 0)
2026-03-26 18:26:18  ║  Win rate      : 1.000
2026-03-26 18:26:18  ║  Avg ep length : 6553.6 steps
2026-03-26 18:26:18  ║  Avg reward/ep : 20.0000
2026-03-26 18:26:18  ║  p_loss        : 0.0074
2026-03-26 18:26:18  ║  v_loss        : 0.3543
2026-03-26 18:26:18  ║  entropy       : 1.5616
2026-03-26 18:26:18  ╚════════════════════════════════════════════════════════════
2026-03-26 18:26:18  
2026-03-26 18:31:54  
[update 0127] winner found after 1 simulation round(s)  (dist 0.138s | collect 336.03s)
2026-03-26 18:31:54  [update 0127] per-player GAE in 0.0219s
2026-03-26 18:35:07  [update 0127] PPO update done in 190.45s
2026-03-26 18:35:07    [ckpt] removed old checkpoint: checkpoints_win_reward\policy_update_00124.pt
2026-03-26 18:35:07    [ckpt] saved → checkpoints_win_reward\policy_update_00127.pt  (keeping last 3)
2026-03-26 18:35:07  
2026-03-26 18:35:07  ╔══ update 0127 ════════════════════════════════════════════
2026-03-26 18:35:07  ║  Wall time     : 529.5s  (dist 0.14s | collect 336.03s | GAE 0.0219s | PPO 190.45s)
2026-03-26 18:35:07  ║  Simul rounds  : 1
2026-03-26 18:35:07  ║  Games finished:      4  (conquest 4, timeout 0)
2026-03-26 18:35:07  ║  Win rate      : 1.000
2026-03-26 18:35:07  ║  Avg ep length : 8192.0 steps
2026-03-26 18:35:07  ║  Avg reward/ep : 20.0000
2026-03-26 18:35:07  ║  p_loss        : 0.0089
2026-03-26 18:35:07  ║  v_loss        : 0.1267
2026-03-26 18:35:07  ║  entropy       : 1.7493
2026-03-26 18:35:07  ╚════════════════════════════════════════════════════════════
2026-03-26 18:35:07  
2026-03-26 18:40:40  
[update 0128] winner found after 1 simulation round(s)  (dist 0.154s | collect 332.90s)
2026-03-26 18:40:40  [update 0128] per-player GAE in 0.0221s
2026-03-26 18:44:15  [update 0128] PPO update done in 212.46s
2026-03-26 18:44:16    [ckpt] removed old checkpoint: checkpoints_win_reward\policy_update_00125.pt
2026-03-26 18:44:16    [ckpt] saved → checkpoints_win_reward\policy_update_00128.pt  (keeping last 3)
2026-03-26 18:44:16  
2026-03-26 18:44:16  ╔══ update 0128 ════════════════════════════════════════════
2026-03-26 18:44:16  ║  Wall time     : 548.7s  (dist 0.15s | collect 332.90s | GAE 0.0221s | PPO 212.46s)
2026-03-26 18:44:16  ║  Simul rounds  : 1
2026-03-26 18:44:16  ║  Games finished:      9  (conquest 9, timeout 0)
2026-03-26 18:44:16  ║  Win rate      : 1.000
2026-03-26 18:44:16  ║  Avg ep length : 3640.9 steps
2026-03-26 18:44:16  ║  Avg reward/ep : 20.0000
2026-03-26 18:44:16  ║  p_loss        : 0.0043
2026-03-26 18:44:16  ║  v_loss        : 0.4008
2026-03-26 18:44:16  ║  entropy       : 1.5649
2026-03-26 18:44:16  ╚════════════════════════════════════════════════════════════
2026-03-26 18:44:16  
2026-03-26 18:49:49  
[update 0129] winner found after 1 simulation round(s)  (dist 0.147s | collect 333.53s)
2026-03-26 18:49:49  [update 0129] per-player GAE in 0.0227s
2026-03-26 18:53:23  [update 0129] PPO update done in 210.95s
2026-03-26 18:53:24    [ckpt] removed old checkpoint: checkpoints_win_reward\policy_update_00126.pt
2026-03-26 18:53:24    [ckpt] saved → checkpoints_win_reward\policy_update_00129.pt  (keeping last 3)
2026-03-26 18:53:24  
2026-03-26 18:53:24  ╔══ update 0129 ════════════════════════════════════════════
2026-03-26 18:53:24  ║  Wall time     : 547.8s  (dist 0.15s | collect 333.53s | GAE 0.0227s | PPO 210.95s)
2026-03-26 18:53:24  ║  Simul rounds  : 1
2026-03-26 18:53:24  ║  Games finished:      7  (conquest 7, timeout 0)
2026-03-26 18:53:24  ║  Win rate      : 1.000
2026-03-26 18:53:24  ║  Avg ep length : 4681.1 steps
2026-03-26 18:53:24  ║  Avg reward/ep : 20.0000
2026-03-26 18:53:24  ║  p_loss        : 0.0112
2026-03-26 18:53:24  ║  v_loss        : 0.3509
2026-03-26 18:53:24  ║  entropy       : 1.5037
2026-03-26 18:53:24  ╚════════════════════════════════════════════════════════════
2026-03-26 18:53:24  
2026-03-26 18:58:59  
[update 0130] winner found after 1 simulation round(s)  (dist 0.147s | collect 335.20s)
2026-03-26 18:58:59  [update 0130] per-player GAE in 0.0236s
2026-03-26 18:59:52  [update 0130] PPO update done in 50.69s
2026-03-26 18:59:52    [ckpt] removed old checkpoint: checkpoints_win_reward\policy_update_00127.pt
2026-03-26 18:59:52    [ckpt] saved → checkpoints_win_reward\policy_update_00130.pt  (keeping last 3)
2026-03-26 18:59:52  
2026-03-26 18:59:52  ╔══ update 0130 ════════════════════════════════════════════
2026-03-26 18:59:52  ║  Wall time     : 388.9s  (dist 0.15s | collect 335.20s | GAE 0.0236s | PPO 50.69s)
2026-03-26 18:59:52  ║  Simul rounds  : 1
2026-03-26 18:59:52  ║  Games finished:      3  (conquest 3, timeout 0)
2026-03-26 18:59:52  ║  Win rate      : 1.000
2026-03-26 18:59:52  ║  Avg ep length : 10922.7 steps
2026-03-26 18:59:52  ║  Avg reward/ep : 20.0000
2026-03-26 18:59:52  ║  p_loss        : 0.0046
2026-03-26 18:59:52  ║  v_loss        : 0.4458
2026-03-26 18:59:52  ║  entropy       : 1.3938
2026-03-26 18:59:52  ╚════════════════════════════════════════════════════════════
2026-03-26 18:59:52  
2026-03-26 19:05:18  
[update 0131] winner found after 1 simulation round(s)  (dist 0.146s | collect 325.47s)
2026-03-26 19:05:18  [update 0131] per-player GAE in 0.0214s
2026-03-26 19:08:49  [update 0131] PPO update done in 208.36s
2026-03-26 19:08:49    [ckpt] removed old checkpoint: checkpoints_win_reward\policy_update_00128.pt
2026-03-26 19:08:49    [ckpt] saved → checkpoints_win_reward\policy_update_00131.pt  (keeping last 3)
2026-03-26 19:08:49  
2026-03-26 19:08:49  ╔══ update 0131 ════════════════════════════════════════════
2026-03-26 19:08:49  ║  Wall time     : 536.8s  (dist 0.15s | collect 325.47s | GAE 0.0214s | PPO 208.36s)
2026-03-26 19:08:49  ║  Simul rounds  : 1
2026-03-26 19:08:49  ║  Games finished:      9  (conquest 9, timeout 0)
2026-03-26 19:08:49  ║  Win rate      : 1.000
2026-03-26 19:08:49  ║  Avg ep length : 3640.9 steps
2026-03-26 19:08:49  ║  Avg reward/ep : 20.0000
2026-03-26 19:08:49  ║  p_loss        : 0.0041
2026-03-26 19:08:49  ║  v_loss        : 0.5085
2026-03-26 19:08:49  ║  entropy       : 1.5812
2026-03-26 19:08:49  ╚════════════════════════════════════════════════════════════
2026-03-26 19:08:49  
2026-03-26 19:14:15  [update 0132] no conquest in round 1 — re-simulating …
2026-03-26 19:19:42  
[update 0132] winner found after 2 simulation round(s)  (dist 0.240s | collect 649.65s)
2026-03-26 19:19:42  [update 0132] per-player GAE in 0.0224s
2026-03-26 19:24:15  [update 0132] PPO update done in 270.86s
2026-03-26 19:24:15    [ckpt] removed old checkpoint: checkpoints_win_reward\policy_update_00129.pt
2026-03-26 19:24:15    [ckpt] saved → checkpoints_win_reward\policy_update_00132.pt  (keeping last 3)
2026-03-26 19:24:15  
2026-03-26 19:24:15  ╔══ update 0132 ════════════════════════════════════════════
2026-03-26 19:24:15  ║  Wall time     : 926.1s  (dist 0.24s | collect 649.65s | GAE 0.0224s | PPO 270.86s)
2026-03-26 19:24:15  ║  Simul rounds  : 2
2026-03-26 19:24:15  ║  Games finished:      7  (conquest 7, timeout 0)
2026-03-26 19:24:15  ║  Win rate      : 1.000
2026-03-26 19:24:15  ║  Avg ep length : 4681.1 steps
2026-03-26 19:24:15  ║  Avg reward/ep : 20.0000
2026-03-26 19:24:15  ║  p_loss        : 0.0074
2026-03-26 19:24:15  ║  v_loss        : 0.2569
2026-03-26 19:24:15  ║  entropy       : 1.4364
2026-03-26 19:24:15  ╚════════════════════════════════════════════════════════════
2026-03-26 19:24:15  
2026-03-26 19:29:59  
[update 0133] winner found after 1 simulation round(s)  (dist 0.153s | collect 343.89s)
2026-03-26 19:29:59  [update 0133] per-player GAE in 0.0221s
2026-03-26 19:30:24  [update 0133] PPO update done in 21.44s
2026-03-26 19:30:24    [ckpt] removed old checkpoint: checkpoints_win_reward\policy_update_00130.pt
2026-03-26 19:30:24    [ckpt] saved → checkpoints_win_reward\policy_update_00133.pt  (keeping last 3)
2026-03-26 19:30:24  
2026-03-26 19:30:24  ╔══ update 0133 ════════════════════════════════════════════
2026-03-26 19:30:24  ║  Wall time     : 368.4s  (dist 0.15s | collect 343.89s | GAE 0.0221s | PPO 21.44s)
2026-03-26 19:30:24  ║  Simul rounds  : 1
2026-03-26 19:30:24  ║  Games finished:      1  (conquest 1, timeout 0)
2026-03-26 19:30:24  ║  Win rate      : 1.000
2026-03-26 19:30:24  ║  Avg ep length : 32768.0 steps
2026-03-26 19:30:24  ║  Avg reward/ep : 20.0000
2026-03-26 19:30:24  ║  p_loss        : 0.0016
2026-03-26 19:30:24  ║  v_loss        : 0.2735
2026-03-26 19:30:24  ║  entropy       : 0.7221
2026-03-26 19:30:24  ╚════════════════════════════════════════════════════════════
2026-03-26 19:30:24  
2026-03-26 19:36:10  
[update 0134] winner found after 1 simulation round(s)  (dist 0.151s | collect 346.38s)
2026-03-26 19:36:10  [update 0134] per-player GAE in 0.0214s
2026-03-26 19:40:12  [update 0134] PPO update done in 238.30s
2026-03-26 19:40:12    [ckpt] removed old checkpoint: checkpoints_win_reward\policy_update_00131.pt
2026-03-26 19:40:12    [ckpt] saved → checkpoints_win_reward\policy_update_00134.pt  (keeping last 3)
2026-03-26 19:40:12  
2026-03-26 19:40:12  ╔══ update 0134 ════════════════════════════════════════════
2026-03-26 19:40:12  ║  Wall time     : 588.4s  (dist 0.15s | collect 346.38s | GAE 0.0214s | PPO 238.30s)
2026-03-26 19:40:12  ║  Simul rounds  : 1
2026-03-26 19:40:12  ║  Games finished:      8  (conquest 8, timeout 0)
2026-03-26 19:40:12  ║  Win rate      : 1.000
2026-03-26 19:40:12  ║  Avg ep length : 4096.0 steps
2026-03-26 19:40:12  ║  Avg reward/ep : 20.0000
2026-03-26 19:40:12  ║  p_loss        : 0.0081
2026-03-26 19:40:12  ║  v_loss        : 0.2638
2026-03-26 19:40:12  ║  entropy       : 1.6477
2026-03-26 19:40:12  ╚════════════════════════════════════════════════════════════
2026-03-26 19:40:12  
2026-03-26 19:45:57  
[update 0135] winner found after 1 simulation round(s)  (dist 0.146s | collect 344.88s)
2026-03-26 19:45:57  [update 0135] per-player GAE in 0.0218s
2026-03-26 19:49:41  [update 0135] PPO update done in 221.21s
2026-03-26 19:49:41    [ckpt] removed old checkpoint: checkpoints_win_reward\policy_update_00132.pt
2026-03-26 19:49:41    [ckpt] saved → checkpoints_win_reward\policy_update_00135.pt  (keeping last 3)
2026-03-26 19:49:41  
2026-03-26 19:49:41  ╔══ update 0135 ════════════════════════════════════════════
2026-03-26 19:49:41  ║  Wall time     : 569.4s  (dist 0.15s | collect 344.88s | GAE 0.0218s | PPO 221.21s)
2026-03-26 19:49:41  ║  Simul rounds  : 1
2026-03-26 19:49:41  ║  Games finished:      8  (conquest 8, timeout 0)
2026-03-26 19:49:41  ║  Win rate      : 1.000
2026-03-26 19:49:41  ║  Avg ep length : 4096.0 steps
2026-03-26 19:49:41  ║  Avg reward/ep : 20.0000
2026-03-26 19:49:41  ║  p_loss        : 0.0078
2026-03-26 19:49:41  ║  v_loss        : 0.4107
2026-03-26 19:49:41  ║  entropy       : 1.3184
2026-03-26 19:49:41  ╚════════════════════════════════════════════════════════════
2026-03-26 19:49:41  
2026-03-26 19:55:30  
[update 0136] winner found after 1 simulation round(s)  (dist 0.143s | collect 348.18s)
2026-03-26 19:55:30  [update 0136] per-player GAE in 0.0205s
2026-03-26 19:58:32  [update 0136] PPO update done in 179.88s
2026-03-26 19:58:32    [ckpt] removed old checkpoint: checkpoints_win_reward\policy_update_00133.pt
2026-03-26 19:58:32    [ckpt] saved → checkpoints_win_reward\policy_update_00136.pt  (keeping last 3)
2026-03-26 19:58:32  
2026-03-26 19:58:32  ╔══ update 0136 ════════════════════════════════════════════
2026-03-26 19:58:32  ║  Wall time     : 530.8s  (dist 0.14s | collect 348.18s | GAE 0.0205s | PPO 179.88s)
2026-03-26 19:58:32  ║  Simul rounds  : 1
2026-03-26 19:58:32  ║  Games finished:      6  (conquest 6, timeout 0)
2026-03-26 19:58:32  ║  Win rate      : 1.000
2026-03-26 19:58:32  ║  Avg ep length : 5461.3 steps
2026-03-26 19:58:32  ║  Avg reward/ep : 20.0000
2026-03-26 19:58:32  ║  p_loss        : 0.0047
2026-03-26 19:58:32  ║  v_loss        : 0.6087
2026-03-26 19:58:32  ║  entropy       : 1.4460
2026-03-26 19:58:32  ╚════════════════════════════════════════════════════════════
2026-03-26 19:58:32  
2026-03-26 20:03:52  
[update 0137] winner found after 1 simulation round(s)  (dist 0.126s | collect 320.06s)
2026-03-26 20:03:52  [update 0137] per-player GAE in 0.0204s
2026-03-26 20:07:27  [update 0137] PPO update done in 212.09s
2026-03-26 20:07:28    [ckpt] removed old checkpoint: checkpoints_win_reward\policy_update_00134.pt
2026-03-26 20:07:28    [ckpt] saved → checkpoints_win_reward\policy_update_00137.pt  (keeping last 3)
2026-03-26 20:07:28  
2026-03-26 20:07:28  ╔══ update 0137 ════════════════════════════════════════════
2026-03-26 20:07:28  ║  Wall time     : 535.3s  (dist 0.13s | collect 320.06s | GAE 0.0204s | PPO 212.09s)
2026-03-26 20:07:28  ║  Simul rounds  : 1
2026-03-26 20:07:28  ║  Games finished:     10  (conquest 10, timeout 0)
2026-03-26 20:07:28  ║  Win rate      : 1.000
2026-03-26 20:07:28  ║  Avg ep length : 3276.8 steps
2026-03-26 20:07:28  ║  Avg reward/ep : 20.0000
2026-03-26 20:07:28  ║  p_loss        : 0.0038
2026-03-26 20:07:28  ║  v_loss        : 0.3172
2026-03-26 20:07:28  ║  entropy       : 1.4246
2026-03-26 20:07:28  ╚════════════════════════════════════════════════════════════
2026-03-26 20:07:28  
2026-03-26 20:13:30  
[update 0138] winner found after 1 simulation round(s)  (dist 0.129s | collect 361.96s)
2026-03-26 20:13:30  [update 0138] per-player GAE in 0.0209s
2026-03-26 20:16:59  [update 0138] PPO update done in 206.46s
2026-03-26 20:16:59    [ckpt] removed old checkpoint: checkpoints_win_reward\policy_update_00135.pt
2026-03-26 20:16:59    [ckpt] saved → checkpoints_win_reward\policy_update_00138.pt  (keeping last 3)
2026-03-26 20:16:59  
2026-03-26 20:16:59  ╔══ update 0138 ════════════════════════════════════════════
2026-03-26 20:16:59  ║  Wall time     : 571.8s  (dist 0.13s | collect 361.96s | GAE 0.0209s | PPO 206.46s)
2026-03-26 20:16:59  ║  Simul rounds  : 1
2026-03-26 20:16:59  ║  Games finished:      4  (conquest 4, timeout 0)
2026-03-26 20:16:59  ║  Win rate      : 1.000
2026-03-26 20:16:59  ║  Avg ep length : 8192.0 steps
2026-03-26 20:16:59  ║  Avg reward/ep : 20.0000
2026-03-26 20:16:59  ║  p_loss        : 0.0112
2026-03-26 20:16:59  ║  v_loss        : 0.3110
2026-03-26 20:16:59  ║  entropy       : 1.6270
2026-03-26 20:16:59  ╚════════════════════════════════════════════════════════════
2026-03-26 20:16:59  
2026-03-26 20:22:47  
[update 0139] winner found after 1 simulation round(s)  (dist 0.087s | collect 347.99s)
2026-03-26 20:22:47  [update 0139] per-player GAE in 0.0210s
2026-03-26 20:24:21  [update 0139] PPO update done in 90.91s
2026-03-26 20:24:21    [ckpt] removed old checkpoint: checkpoints_win_reward\policy_update_00136.pt
2026-03-26 20:24:21    [ckpt] saved → checkpoints_win_reward\policy_update_00139.pt  (keeping last 3)
2026-03-26 20:24:21  
2026-03-26 20:24:21  ╔══ update 0139 ════════════════════════════════════════════
2026-03-26 20:24:21  ║  Wall time     : 442.0s  (dist 0.09s | collect 347.99s | GAE 0.0210s | PPO 90.91s)
2026-03-26 20:24:21  ║  Simul rounds  : 1
2026-03-26 20:24:21  ║  Games finished:      5  (conquest 5, timeout 0)
2026-03-26 20:24:21  ║  Win rate      : 1.000
2026-03-26 20:24:21  ║  Avg ep length : 6553.6 steps
2026-03-26 20:24:21  ║  Avg reward/ep : 20.0000
2026-03-26 20:24:21  ║  p_loss        : 0.0072
2026-03-26 20:24:21  ║  v_loss        : 0.4601
2026-03-26 20:24:21  ║  entropy       : 1.3301
2026-03-26 20:24:21  ╚════════════════════════════════════════════════════════════
2026-03-26 20:24:21  
2026-03-26 20:30:15  
[update 0140] winner found after 1 simulation round(s)  (dist 0.145s | collect 353.38s)
2026-03-26 20:30:15  [update 0140] per-player GAE in 0.0213s
2026-03-26 20:32:44  [update 0140] PPO update done in 146.10s
2026-03-26 20:32:44    [ckpt] removed old checkpoint: checkpoints_win_reward\policy_update_00137.pt
2026-03-26 20:32:44    [ckpt] saved → checkpoints_win_reward\policy_update_00140.pt  (keeping last 3)
2026-03-26 20:32:44  
2026-03-26 20:32:44  ╔══ update 0140 ════════════════════════════════════════════
2026-03-26 20:32:44  ║  Wall time     : 502.9s  (dist 0.15s | collect 353.38s | GAE 0.0213s | PPO 146.10s)
2026-03-26 20:32:44  ║  Simul rounds  : 1
2026-03-26 20:32:44  ║  Games finished:      4  (conquest 4, timeout 0)
2026-03-26 20:32:44  ║  Win rate      : 1.000
2026-03-26 20:32:44  ║  Avg ep length : 8192.0 steps
2026-03-26 20:32:44  ║  Avg reward/ep : 20.0000
2026-03-26 20:32:44  ║  p_loss        : 0.0066
2026-03-26 20:32:44  ║  v_loss        : 0.5277
2026-03-26 20:32:44  ║  entropy       : 1.4661
2026-03-26 20:32:44  ╚════════════════════════════════════════════════════════════
2026-03-26 20:32:44  
2026-03-26 20:38:24  
[update 0141] winner found after 1 simulation round(s)  (dist 0.144s | collect 339.80s)
2026-03-26 20:38:24  [update 0141] per-player GAE in 0.0208s
2026-03-26 20:38:59  [update 0141] PPO update done in 32.37s
2026-03-26 20:38:59    [ckpt] removed old checkpoint: checkpoints_win_reward\policy_update_00138.pt
2026-03-26 20:38:59    [ckpt] saved → checkpoints_win_reward\policy_update_00141.pt  (keeping last 3)
2026-03-26 20:38:59  
2026-03-26 20:38:59  ╔══ update 0141 ════════════════════════════════════════════
2026-03-26 20:38:59  ║  Wall time     : 375.3s  (dist 0.14s | collect 339.80s | GAE 0.0208s | PPO 32.37s)
2026-03-26 20:38:59  ║  Simul rounds  : 1
2026-03-26 20:38:59  ║  Games finished:      3  (conquest 3, timeout 0)
2026-03-26 20:38:59  ║  Win rate      : 1.000
2026-03-26 20:38:59  ║  Avg ep length : 10922.7 steps
2026-03-26 20:38:59  ║  Avg reward/ep : 20.0000
2026-03-26 20:38:59  ║  p_loss        : 0.0052
2026-03-26 20:38:59  ║  v_loss        : 1.0095
2026-03-26 20:38:59  ║  entropy       : 1.4396
2026-03-26 20:38:59  ╚════════════════════════════════════════════════════════════
2026-03-26 20:38:59  
2026-03-26 20:45:12  
[update 0142] winner found after 1 simulation round(s)  (dist 0.147s | collect 371.93s)
2026-03-26 20:45:12  [update 0142] per-player GAE in 0.0210s
2026-03-26 20:46:18  [update 0142] PPO update done in 63.48s
2026-03-26 20:46:18    [ckpt] removed old checkpoint: checkpoints_win_reward\policy_update_00139.pt
2026-03-26 20:46:18    [ckpt] saved → checkpoints_win_reward\policy_update_00142.pt  (keeping last 3)
2026-03-26 20:46:18  
2026-03-26 20:46:18  ╔══ update 0142 ════════════════════════════════════════════
2026-03-26 20:46:18  ║  Wall time     : 438.7s  (dist 0.15s | collect 371.93s | GAE 0.0210s | PPO 63.48s)
2026-03-26 20:46:18  ║  Simul rounds  : 1
2026-03-26 20:46:18  ║  Games finished:      4  (conquest 4, timeout 0)
2026-03-26 20:46:18  ║  Win rate      : 1.000
2026-03-26 20:46:18  ║  Avg ep length : 8192.0 steps
2026-03-26 20:46:18  ║  Avg reward/ep : 20.0000
2026-03-26 20:46:18  ║  p_loss        : 0.0053
2026-03-26 20:46:18  ║  v_loss        : 0.4924
2026-03-26 20:46:18  ║  entropy       : 1.5339
2026-03-26 20:46:18  ╚════════════════════════════════════════════════════════════
2026-03-26 20:46:18  
2026-03-26 20:52:07  
[update 0143] winner found after 1 simulation round(s)  (dist 0.093s | collect 348.40s)
2026-03-26 20:52:07  [update 0143] per-player GAE in 0.0214s
2026-03-26 20:54:08  [update 0143] PPO update done in 118.71s
2026-03-26 20:54:08    [ckpt] removed old checkpoint: checkpoints_win_reward\policy_update_00140.pt
2026-03-26 20:54:08    [ckpt] saved → checkpoints_win_reward\policy_update_00143.pt  (keeping last 3)
2026-03-26 20:54:08  
2026-03-26 20:54:08  ╔══ update 0143 ════════════════════════════════════════════
2026-03-26 20:54:08  ║  Wall time     : 469.9s  (dist 0.09s | collect 348.40s | GAE 0.0214s | PPO 118.71s)
2026-03-26 20:54:08  ║  Simul rounds  : 1
2026-03-26 20:54:08  ║  Games finished:      3  (conquest 3, timeout 0)
2026-03-26 20:54:08  ║  Win rate      : 1.000
2026-03-26 20:54:08  ║  Avg ep length : 10922.7 steps
2026-03-26 20:54:08  ║  Avg reward/ep : 20.0000
2026-03-26 20:54:08  ║  p_loss        : 0.0047
2026-03-26 20:54:08  ║  v_loss        : 0.1189
2026-03-26 20:54:08  ║  entropy       : 1.4153
2026-03-26 20:54:08  ╚════════════════════════════════════════════════════════════
2026-03-26 20:54:08  
2026-03-26 20:59:36  
[update 0144] winner found after 1 simulation round(s)  (dist 0.091s | collect 328.11s)
2026-03-26 20:59:36  [update 0144] per-player GAE in 0.0271s
2026-03-26 21:01:16  [update 0144] PPO update done in 97.38s
2026-03-26 21:01:17    [ckpt] removed old checkpoint: checkpoints_win_reward\policy_update_00141.pt
2026-03-26 21:01:17    [ckpt] saved → checkpoints_win_reward\policy_update_00144.pt  (keeping last 3)
2026-03-26 21:01:17  
2026-03-26 21:01:17  ╔══ update 0144 ════════════════════════════════════════════
2026-03-26 21:01:17  ║  Wall time     : 428.6s  (dist 0.09s | collect 328.11s | GAE 0.0271s | PPO 97.38s)
2026-03-26 21:01:17  ║  Simul rounds  : 1
2026-03-26 21:01:17  ║  Games finished:      5  (conquest 5, timeout 0)
2026-03-26 21:01:17  ║  Win rate      : 1.000
2026-03-26 21:01:17  ║  Avg ep length : 6553.6 steps
2026-03-26 21:01:17  ║  Avg reward/ep : 20.0000
2026-03-26 21:01:17  ║  p_loss        : 0.0103
2026-03-26 21:01:17  ║  v_loss        : 0.5295
2026-03-26 21:01:17  ║  entropy       : 1.4358
2026-03-26 21:01:17  ╚════════════════════════════════════════════════════════════
2026-03-26 21:01:17  
2026-03-26 21:07:03  
[update 0145] winner found after 1 simulation round(s)  (dist 0.091s | collect 346.17s)
2026-03-26 21:07:03  [update 0145] per-player GAE in 0.0213s
2026-03-26 21:10:39  [update 0145] PPO update done in 213.28s
2026-03-26 21:10:40    [ckpt] removed old checkpoint: checkpoints_win_reward\policy_update_00142.pt
2026-03-26 21:10:40    [ckpt] saved → checkpoints_win_reward\policy_update_00145.pt  (keeping last 3)
2026-03-26 21:10:40  
2026-03-26 21:10:40  ╔══ update 0145 ════════════════════════════════════════════
2026-03-26 21:10:40  ║  Wall time     : 562.9s  (dist 0.09s | collect 346.17s | GAE 0.0213s | PPO 213.28s)
2026-03-26 21:10:40  ║  Simul rounds  : 1
2026-03-26 21:10:40  ║  Games finished:      5  (conquest 5, timeout 0)
2026-03-26 21:10:40  ║  Win rate      : 1.000
2026-03-26 21:10:40  ║  Avg ep length : 6553.6 steps
2026-03-26 21:10:40  ║  Avg reward/ep : 20.0000
2026-03-26 21:10:40  ║  p_loss        : 0.0075
2026-03-26 21:10:40  ║  v_loss        : 0.2447
2026-03-26 21:10:40  ║  entropy       : 1.7509
2026-03-26 21:10:40  ╚════════════════════════════════════════════════════════════
2026-03-26 21:10:40  
2026-03-26 21:16:45  
[update 0146] winner found after 1 simulation round(s)  (dist 0.141s | collect 365.25s)
2026-03-26 21:16:45  [update 0146] per-player GAE in 0.0215s
2026-03-26 21:18:35  [update 0146] PPO update done in 107.11s
2026-03-26 21:18:35    [ckpt] removed old checkpoint: checkpoints_win_reward\policy_update_00143.pt
2026-03-26 21:18:35    [ckpt] saved → checkpoints_win_reward\policy_update_00146.pt  (keeping last 3)
2026-03-26 21:18:35  
2026-03-26 21:18:35  ╔══ update 0146 ════════════════════════════════════════════
2026-03-26 21:18:35  ║  Wall time     : 475.8s  (dist 0.14s | collect 365.25s | GAE 0.0215s | PPO 107.11s)
2026-03-26 21:18:35  ║  Simul rounds  : 1
2026-03-26 21:18:35  ║  Games finished:      4  (conquest 4, timeout 0)
2026-03-26 21:18:35  ║  Win rate      : 1.000
2026-03-26 21:18:35  ║  Avg ep length : 8192.0 steps
2026-03-26 21:18:35  ║  Avg reward/ep : 20.0000
2026-03-26 21:18:35  ║  p_loss        : 0.0097
2026-03-26 21:18:35  ║  v_loss        : 0.2523
2026-03-26 21:18:35  ║  entropy       : 1.6159
2026-03-26 21:18:35  ╚════════════════════════════════════════════════════════════
2026-03-26 21:18:35  
2026-03-26 21:24:49  
[update 0147] winner found after 1 simulation round(s)  (dist 0.152s | collect 373.75s)
2026-03-26 21:24:49  [update 0147] per-player GAE in 0.0222s
2026-03-26 21:28:54  [update 0147] PPO update done in 241.35s
2026-03-26 21:28:54    [ckpt] removed old checkpoint: checkpoints_win_reward\policy_update_00144.pt
2026-03-26 21:28:54    [ckpt] saved → checkpoints_win_reward\policy_update_00147.pt  (keeping last 3)
2026-03-26 21:28:54  
2026-03-26 21:28:54  ╔══ update 0147 ════════════════════════════════════════════
2026-03-26 21:28:54  ║  Wall time     : 618.8s  (dist 0.15s | collect 373.75s | GAE 0.0222s | PPO 241.35s)
2026-03-26 21:28:54  ║  Simul rounds  : 1
2026-03-26 21:28:54  ║  Games finished:      6  (conquest 6, timeout 0)
2026-03-26 21:28:54  ║  Win rate      : 1.000
2026-03-26 21:28:54  ║  Avg ep length : 5461.3 steps
2026-03-26 21:28:54  ║  Avg reward/ep : 20.0000
2026-03-26 21:28:54  ║  p_loss        : 0.0088
2026-03-26 21:28:54  ║  v_loss        : 0.1489
2026-03-26 21:28:54  ║  entropy       : 1.7391
2026-03-26 21:28:54  ╚════════════════════════════════════════════════════════════
2026-03-26 21:28:54  
2026-03-26 21:34:48  
[update 0148] winner found after 1 simulation round(s)  (dist 0.077s | collect 353.85s)
2026-03-26 21:34:48  [update 0148] per-player GAE in 0.0204s
2026-03-26 21:37:31  [update 0148] PPO update done in 159.96s
2026-03-26 21:37:31    [ckpt] removed old checkpoint: checkpoints_win_reward\policy_update_00145.pt
2026-03-26 21:37:31    [ckpt] saved → checkpoints_win_reward\policy_update_00148.pt  (keeping last 3)
2026-03-26 21:37:31  
2026-03-26 21:37:31  ╔══ update 0148 ════════════════════════════════════════════
2026-03-26 21:37:31  ║  Wall time     : 517.0s  (dist 0.08s | collect 353.85s | GAE 0.0204s | PPO 159.96s)
2026-03-26 21:37:31  ║  Simul rounds  : 1
2026-03-26 21:37:31  ║  Games finished:      3  (conquest 3, timeout 0)
2026-03-26 21:37:31  ║  Win rate      : 1.000
2026-03-26 21:37:31  ║  Avg ep length : 10922.7 steps
2026-03-26 21:37:31  ║  Avg reward/ep : 20.0000
2026-03-26 21:37:31  ║  p_loss        : 0.0091
2026-03-26 21:37:31  ║  v_loss        : 0.2804
2026-03-26 21:37:31  ║  entropy       : 1.9491
2026-03-26 21:37:31  ╚════════════════════════════════════════════════════════════
2026-03-26 21:37:31  
2026-03-26 21:43:21  
[update 0149] winner found after 1 simulation round(s)  (dist 0.081s | collect 349.95s)
2026-03-26 21:43:21  [update 0149] per-player GAE in 0.0218s
2026-03-26 21:44:03  [update 0149] PPO update done in 39.02s
2026-03-26 21:44:03    [ckpt] removed old checkpoint: checkpoints_win_reward\policy_update_00146.pt
2026-03-26 21:44:03    [ckpt] saved → checkpoints_win_reward\policy_update_00149.pt  (keeping last 3)
2026-03-26 21:44:03  
2026-03-26 21:44:03  ╔══ update 0149 ════════════════════════════════════════════
2026-03-26 21:44:03  ║  Wall time     : 392.1s  (dist 0.08s | collect 349.95s | GAE 0.0218s | PPO 39.02s)
2026-03-26 21:44:03  ║  Simul rounds  : 1
2026-03-26 21:44:03  ║  Games finished:      1  (conquest 1, timeout 0)
2026-03-26 21:44:03  ║  Win rate      : 1.000
2026-03-26 21:44:03  ║  Avg ep length : 32768.0 steps
2026-03-26 21:44:03  ║  Avg reward/ep : 20.0000
2026-03-26 21:44:03  ║  p_loss        : 0.0059
2026-03-26 21:44:03  ║  v_loss        : 0.2029
2026-03-26 21:44:03  ║  entropy       : 2.2294
2026-03-26 21:44:03  ╚════════════════════════════════════════════════════════════
2026-03-26 21:44:03  
2026-03-26 21:50:13  
[update 0150] winner found after 1 simulation round(s)  (dist 0.145s | collect 369.47s)
2026-03-26 21:50:13  [update 0150] per-player GAE in 0.0213s
2026-03-26 21:51:27  [update 0150] PPO update done in 71.33s
2026-03-26 21:51:27    [ckpt] removed old checkpoint: checkpoints_win_reward\policy_update_00147.pt
2026-03-26 21:51:27    [ckpt] saved → checkpoints_win_reward\policy_update_00150.pt  (keeping last 3)
2026-03-26 21:51:27  
2026-03-26 21:51:27  ╔══ update 0150 ════════════════════════════════════════════
2026-03-26 21:51:27  ║  Wall time     : 444.0s  (dist 0.14s | collect 369.47s | GAE 0.0213s | PPO 71.33s)
2026-03-26 21:51:27  ║  Simul rounds  : 1
2026-03-26 21:51:27  ║  Games finished:      1  (conquest 1, timeout 0)
2026-03-26 21:51:27  ║  Win rate      : 1.000
2026-03-26 21:51:27  ║  Avg ep length : 32768.0 steps
2026-03-26 21:51:27  ║  Avg reward/ep : 20.0000
2026-03-26 21:51:27  ║  p_loss        : 0.0146
2026-03-26 21:51:27  ║  v_loss        : 0.1264
2026-03-26 21:51:27  ║  entropy       : 1.4152
2026-03-26 21:51:27  ╚════════════════════════════════════════════════════════════
2026-03-26 21:51:27  
2026-03-26 21:57:24  
[update 0151] winner found after 1 simulation round(s)  (dist 0.082s | collect 356.93s)
2026-03-26 21:57:24  [update 0151] per-player GAE in 0.0206s
2026-03-26 21:59:43  [update 0151] PPO update done in 135.95s
2026-03-26 21:59:44    [ckpt] removed old checkpoint: checkpoints_win_reward\policy_update_00148.pt
2026-03-26 21:59:44    [ckpt] saved → checkpoints_win_reward\policy_update_00151.pt  (keeping last 3)
2026-03-26 21:59:44  
2026-03-26 21:59:44  ╔══ update 0151 ════════════════════════════════════════════
2026-03-26 21:59:44  ║  Wall time     : 496.4s  (dist 0.08s | collect 356.93s | GAE 0.0206s | PPO 135.95s)
2026-03-26 21:59:44  ║  Simul rounds  : 1
2026-03-26 21:59:44  ║  Games finished:      4  (conquest 4, timeout 0)
2026-03-26 21:59:44  ║  Win rate      : 1.000
2026-03-26 21:59:44  ║  Avg ep length : 8192.0 steps
2026-03-26 21:59:44  ║  Avg reward/ep : 20.0000
2026-03-26 21:59:44  ║  p_loss        : 0.0100
2026-03-26 21:59:44  ║  v_loss        : 0.2932
2026-03-26 21:59:44  ║  entropy       : 1.5503
2026-03-26 21:59:44  ╚════════════════════════════════════════════════════════════
2026-03-26 21:59:44  
2026-03-26 22:06:10  
[update 0152] winner found after 1 simulation round(s)  (dist 0.075s | collect 385.99s)
2026-03-26 22:06:10  [update 0152] per-player GAE in 0.0218s
2026-03-26 22:08:25  [update 0152] PPO update done in 132.27s
2026-03-26 22:08:25    [ckpt] removed old checkpoint: checkpoints_win_reward\policy_update_00149.pt
2026-03-26 22:08:25    [ckpt] saved → checkpoints_win_reward\policy_update_00152.pt  (keeping last 3)
2026-03-26 22:08:25  
2026-03-26 22:08:25  ╔══ update 0152 ════════════════════════════════════════════
2026-03-26 22:08:25  ║  Wall time     : 521.7s  (dist 0.07s | collect 385.99s | GAE 0.0218s | PPO 132.27s)
2026-03-26 22:08:25  ║  Simul rounds  : 1
2026-03-26 22:08:25  ║  Games finished:      3  (conquest 3, timeout 0)
2026-03-26 22:08:25  ║  Win rate      : 1.000
2026-03-26 22:08:25  ║  Avg ep length : 10922.7 steps
2026-03-26 22:08:25  ║  Avg reward/ep : 20.0000
2026-03-26 22:08:25  ║  p_loss        : 0.0036
2026-03-26 22:08:25  ║  v_loss        : 0.5365
2026-03-26 22:08:25  ║  entropy       : 1.5042
2026-03-26 22:08:25  ╚════════════════════════════════════════════════════════════
2026-03-26 22:08:25  
2026-03-26 22:14:38  
[update 0153] winner found after 1 simulation round(s)  (dist 0.144s | collect 372.86s)
2026-03-26 22:14:38  [update 0153] per-player GAE in 0.0220s
2026-03-26 22:19:04  [update 0153] PPO update done in 262.36s
2026-03-26 22:19:04    [ckpt] removed old checkpoint: checkpoints_win_reward\policy_update_00150.pt
2026-03-26 22:19:04    [ckpt] saved → checkpoints_win_reward\policy_update_00153.pt  (keeping last 3)
2026-03-26 22:19:04  
2026-03-26 22:19:04  ╔══ update 0153 ════════════════════════════════════════════
2026-03-26 22:19:04  ║  Wall time     : 639.1s  (dist 0.14s | collect 372.86s | GAE 0.0220s | PPO 262.36s)
2026-03-26 22:19:04  ║  Simul rounds  : 1
2026-03-26 22:19:04  ║  Games finished:      8  (conquest 8, timeout 0)
2026-03-26 22:19:04  ║  Win rate      : 1.000
2026-03-26 22:19:04  ║  Avg ep length : 4096.0 steps
2026-03-26 22:19:04  ║  Avg reward/ep : 20.0000
2026-03-26 22:19:04  ║  p_loss        : 0.0086
2026-03-26 22:19:04  ║  v_loss        : 0.2075
2026-03-26 22:19:04  ║  entropy       : 1.5171
2026-03-26 22:19:04  ╚════════════════════════════════════════════════════════════
2026-03-26 22:19:04  
2026-03-26 22:25:39  
[update 0154] winner found after 1 simulation round(s)  (dist 0.153s | collect 394.16s)
2026-03-26 22:25:39  [update 0154] per-player GAE in 0.0213s
2026-03-26 22:26:49  [update 0154] PPO update done in 67.29s
2026-03-26 22:26:49    [ckpt] removed old checkpoint: checkpoints_win_reward\policy_update_00151.pt
2026-03-26 22:26:49    [ckpt] saved → checkpoints_win_reward\policy_update_00154.pt  (keeping last 3)
2026-03-26 22:26:49  
2026-03-26 22:26:49  ╔══ update 0154 ════════════════════════════════════════════
2026-03-26 22:26:49  ║  Wall time     : 464.6s  (dist 0.15s | collect 394.16s | GAE 0.0213s | PPO 67.29s)
2026-03-26 22:26:49  ║  Simul rounds  : 1
2026-03-26 22:26:49  ║  Games finished:      3  (conquest 3, timeout 0)
2026-03-26 22:26:49  ║  Win rate      : 1.000
2026-03-26 22:26:49  ║  Avg ep length : 10922.7 steps
2026-03-26 22:26:49  ║  Avg reward/ep : 20.0000
2026-03-26 22:26:49  ║  p_loss        : 0.0063
2026-03-26 22:26:49  ║  v_loss        : 0.7783
2026-03-26 22:26:49  ║  entropy       : 1.7098
2026-03-26 22:26:49  ╚════════════════════════════════════════════════════════════
2026-03-26 22:26:49  
2026-03-26 22:33:01  
[update 0155] winner found after 1 simulation round(s)  (dist 0.093s | collect 372.00s)
2026-03-26 22:33:01  [update 0155] per-player GAE in 0.0223s
2026-03-26 22:35:28  [update 0155] PPO update done in 143.99s
2026-03-26 22:35:28    [ckpt] removed old checkpoint: checkpoints_win_reward\policy_update_00152.pt
2026-03-26 22:35:28    [ckpt] saved → checkpoints_win_reward\policy_update_00155.pt  (keeping last 3)
2026-03-26 22:35:28  
2026-03-26 22:35:28  ╔══ update 0155 ════════════════════════════════════════════
2026-03-26 22:35:28  ║  Wall time     : 519.4s  (dist 0.09s | collect 372.00s | GAE 0.0223s | PPO 143.99s)
2026-03-26 22:35:28  ║  Simul rounds  : 1
2026-03-26 22:35:28  ║  Games finished:      6  (conquest 6, timeout 0)
2026-03-26 22:35:28  ║  Win rate      : 1.000
2026-03-26 22:35:28  ║  Avg ep length : 5461.3 steps
2026-03-26 22:35:28  ║  Avg reward/ep : 20.0000
2026-03-26 22:35:28  ║  p_loss        : 0.0077
2026-03-26 22:35:28  ║  v_loss        : 0.4501
2026-03-26 22:35:28  ║  entropy       : 1.4918
2026-03-26 22:35:28  ╚════════════════════════════════════════════════════════════
2026-03-26 22:35:28  
2026-03-26 22:41:39  
[update 0156] winner found after 1 simulation round(s)  (dist 0.082s | collect 370.85s)
2026-03-26 22:41:39  [update 0156] per-player GAE in 0.0226s
2026-03-26 22:48:07  [update 0156] PPO update done in 384.39s
2026-03-26 22:48:08    [ckpt] removed old checkpoint: checkpoints_win_reward\policy_update_00153.pt
2026-03-26 22:48:08    [ckpt] saved → checkpoints_win_reward\policy_update_00156.pt  (keeping last 3)
2026-03-26 22:48:08  
2026-03-26 22:48:08  ╔══ update 0156 ════════════════════════════════════════════
2026-03-26 22:48:08  ║  Wall time     : 759.2s  (dist 0.08s | collect 370.85s | GAE 0.0226s | PPO 384.39s)
2026-03-26 22:48:08  ║  Simul rounds  : 1
2026-03-26 22:48:08  ║  Games finished:     13  (conquest 13, timeout 0)
2026-03-26 22:48:08  ║  Win rate      : 1.000
2026-03-26 22:48:08  ║  Avg ep length : 2520.6 steps
2026-03-26 22:48:08  ║  Avg reward/ep : 20.0000
2026-03-26 22:48:08  ║  p_loss        : 0.0065
2026-03-26 22:48:08  ║  v_loss        : 0.4297
2026-03-26 22:48:08  ║  entropy       : 1.5003
2026-03-26 22:48:08  ╚════════════════════════════════════════════════════════════
2026-03-26 22:48:08  
2026-03-26 22:54:27  
[update 0157] winner found after 1 simulation round(s)  (dist 0.087s | collect 379.71s)
2026-03-26 22:54:27  [update 0157] per-player GAE in 0.0211s
2026-03-26 22:56:37  [update 0157] PPO update done in 126.64s
2026-03-26 22:56:38    [ckpt] removed old checkpoint: checkpoints_win_reward\policy_update_00154.pt
2026-03-26 22:56:38    [ckpt] saved → checkpoints_win_reward\policy_update_00157.pt  (keeping last 3)
2026-03-26 22:56:38  
2026-03-26 22:56:38  ╔══ update 0157 ════════════════════════════════════════════
2026-03-26 22:56:38  ║  Wall time     : 510.1s  (dist 0.09s | collect 379.71s | GAE 0.0211s | PPO 126.64s)
2026-03-26 22:56:38  ║  Simul rounds  : 1
2026-03-26 22:56:38  ║  Games finished:      3  (conquest 3, timeout 0)
2026-03-26 22:56:38  ║  Win rate      : 1.000
2026-03-26 22:56:38  ║  Avg ep length : 10922.7 steps
2026-03-26 22:56:38  ║  Avg reward/ep : 20.0000
2026-03-26 22:56:38  ║  p_loss        : 0.0061
2026-03-26 22:56:38  ║  v_loss        : 0.3234
2026-03-26 22:56:38  ║  entropy       : 1.4273
2026-03-26 22:56:38  ╚════════════════════════════════════════════════════════════
2026-03-26 22:56:38  
2026-03-26 23:02:59  
[update 0158] winner found after 1 simulation round(s)  (dist 0.157s | collect 381.46s)
2026-03-26 23:02:59  [update 0158] per-player GAE in 0.0216s
2026-03-26 23:04:15  [update 0158] PPO update done in 72.94s
2026-03-26 23:04:16    [ckpt] removed old checkpoint: checkpoints_win_reward\policy_update_00155.pt
2026-03-26 23:04:16    [ckpt] saved → checkpoints_win_reward\policy_update_00158.pt  (keeping last 3)
2026-03-26 23:04:16  
2026-03-26 23:04:16  ╔══ update 0158 ════════════════════════════════════════════
2026-03-26 23:04:16  ║  Wall time     : 457.8s  (dist 0.16s | collect 381.46s | GAE 0.0216s | PPO 72.94s)
2026-03-26 23:04:16  ║  Simul rounds  : 1
2026-03-26 23:04:16  ║  Games finished:      5  (conquest 5, timeout 0)
2026-03-26 23:04:16  ║  Win rate      : 1.000
2026-03-26 23:04:16  ║  Avg ep length : 6553.6 steps
2026-03-26 23:04:16  ║  Avg reward/ep : 20.0000
2026-03-26 23:04:16  ║  p_loss        : 0.0082
2026-03-26 23:04:16  ║  v_loss        : 0.6011
2026-03-26 23:04:16  ║  entropy       : 1.3205
2026-03-26 23:04:16  ╚════════════════════════════════════════════════════════════
2026-03-26 23:04:16  
2026-03-26 23:10:38  
[update 0159] winner found after 1 simulation round(s)  (dist 0.146s | collect 382.06s)
2026-03-26 23:10:38  [update 0159] per-player GAE in 0.0217s
2026-03-26 23:12:07  [update 0159] PPO update done in 85.90s
2026-03-26 23:12:07    [ckpt] removed old checkpoint: checkpoints_win_reward\policy_update_00156.pt
2026-03-26 23:12:07    [ckpt] saved → checkpoints_win_reward\policy_update_00159.pt  (keeping last 3)
2026-03-26 23:12:07  
2026-03-26 23:12:07  ╔══ update 0159 ════════════════════════════════════════════
2026-03-26 23:12:07  ║  Wall time     : 471.3s  (dist 0.15s | collect 382.06s | GAE 0.0217s | PPO 85.90s)
2026-03-26 23:12:07  ║  Simul rounds  : 1
2026-03-26 23:12:07  ║  Games finished:      5  (conquest 5, timeout 0)
2026-03-26 23:12:07  ║  Win rate      : 1.000
2026-03-26 23:12:07  ║  Avg ep length : 6553.6 steps
2026-03-26 23:12:07  ║  Avg reward/ep : 20.0000
2026-03-26 23:12:07  ║  p_loss        : 0.0085
2026-03-26 23:12:07  ║  v_loss        : 0.4319
2026-03-26 23:12:07  ║  entropy       : 1.3167
2026-03-26 23:12:07  ╚════════════════════════════════════════════════════════════
2026-03-26 23:12:07  
2026-03-26 23:18:20  
[update 0160] winner found after 1 simulation round(s)  (dist 0.076s | collect 372.83s)
2026-03-26 23:18:20  [update 0160] per-player GAE in 0.0213s
2026-03-26 23:19:48  [update 0160] PPO update done in 84.99s
2026-03-26 23:19:48    [ckpt] removed old checkpoint: checkpoints_win_reward\policy_update_00157.pt
2026-03-26 23:19:48    [ckpt] saved → checkpoints_win_reward\policy_update_00160.pt  (keeping last 3)
2026-03-26 23:19:48  
2026-03-26 23:19:48  ╔══ update 0160 ════════════════════════════════════════════
2026-03-26 23:19:48  ║  Wall time     : 461.1s  (dist 0.08s | collect 372.83s | GAE 0.0213s | PPO 84.99s)
2026-03-26 23:19:48  ║  Simul rounds  : 1
2026-03-26 23:19:48  ║  Games finished:      2  (conquest 2, timeout 0)
2026-03-26 23:19:48  ║  Win rate      : 1.000
2026-03-26 23:19:48  ║  Avg ep length : 16384.0 steps
2026-03-26 23:19:48  ║  Avg reward/ep : 20.0000
2026-03-26 23:19:48  ║  p_loss        : 0.0086
2026-03-26 23:19:48  ║  v_loss        : 0.1856
2026-03-26 23:19:48  ║  entropy       : 1.8676
2026-03-26 23:19:48  ╚════════════════════════════════════════════════════════════
2026-03-26 23:19:48  
2026-03-26 23:26:08  
[update 0161] winner found after 1 simulation round(s)  (dist 0.150s | collect 379.94s)
2026-03-26 23:26:08  [update 0161] per-player GAE in 0.0215s
2026-03-26 23:28:59  [update 0161] PPO update done in 168.18s
2026-03-26 23:29:00    [ckpt] removed old checkpoint: checkpoints_win_reward\policy_update_00158.pt
2026-03-26 23:29:00    [ckpt] saved → checkpoints_win_reward\policy_update_00161.pt  (keeping last 3)
2026-03-26 23:29:00  
2026-03-26 23:29:00  ╔══ update 0161 ════════════════════════════════════════════
2026-03-26 23:29:00  ║  Wall time     : 551.7s  (dist 0.15s | collect 379.94s | GAE 0.0215s | PPO 168.18s)
2026-03-26 23:29:00  ║  Simul rounds  : 1
2026-03-26 23:29:00  ║  Games finished:      3  (conquest 3, timeout 0)
2026-03-26 23:29:00  ║  Win rate      : 1.000
2026-03-26 23:29:00  ║  Avg ep length : 10922.7 steps
2026-03-26 23:29:00  ║  Avg reward/ep : 20.0000
2026-03-26 23:29:00  ║  p_loss        : 0.0049
2026-03-26 23:29:00  ║  v_loss        : 0.4061
2026-03-26 23:29:00  ║  entropy       : 1.3491
2026-03-26 23:29:00  ╚════════════════════════════════════════════════════════════
2026-03-26 23:29:00  
2026-03-26 23:35:29  
[update 0162] winner found after 1 simulation round(s)  (dist 0.078s | collect 389.19s)
2026-03-26 23:35:29  [update 0162] per-player GAE in 0.0215s
2026-03-26 23:37:31  [update 0162] PPO update done in 118.54s
2026-03-26 23:37:31    [ckpt] removed old checkpoint: checkpoints_win_reward\policy_update_00159.pt
2026-03-26 23:37:31    [ckpt] saved → checkpoints_win_reward\policy_update_00162.pt  (keeping last 3)
2026-03-26 23:37:31  
2026-03-26 23:37:31  ╔══ update 0162 ════════════════════════════════════════════
2026-03-26 23:37:31  ║  Wall time     : 511.4s  (dist 0.08s | collect 389.19s | GAE 0.0215s | PPO 118.54s)
2026-03-26 23:37:31  ║  Simul rounds  : 1
2026-03-26 23:37:31  ║  Games finished:      2  (conquest 2, timeout 0)
2026-03-26 23:37:31  ║  Win rate      : 1.000
2026-03-26 23:37:31  ║  Avg ep length : 16384.0 steps
2026-03-26 23:37:31  ║  Avg reward/ep : 20.0000
2026-03-26 23:37:31  ║  p_loss        : 0.0015
2026-03-26 23:37:31  ║  v_loss        : 0.0671
2026-03-26 23:37:31  ║  entropy       : 1.5045
2026-03-26 23:37:31  ╚════════════════════════════════════════════════════════════
2026-03-26 23:37:31  
2026-03-26 23:43:47  
[update 0163] winner found after 1 simulation round(s)  (dist 0.153s | collect 375.72s)
2026-03-26 23:43:47  [update 0163] per-player GAE in 0.0219s
2026-03-26 23:45:16  [update 0163] PPO update done in 86.16s
2026-03-26 23:45:17    [ckpt] removed old checkpoint: checkpoints_win_reward\policy_update_00160.pt
2026-03-26 23:45:17    [ckpt] saved → checkpoints_win_reward\policy_update_00163.pt  (keeping last 3)
2026-03-26 23:45:17  
2026-03-26 23:45:17  ╔══ update 0163 ════════════════════════════════════════════
2026-03-26 23:45:17  ║  Wall time     : 465.6s  (dist 0.15s | collect 375.72s | GAE 0.0219s | PPO 86.16s)
2026-03-26 23:45:17  ║  Simul rounds  : 1
2026-03-26 23:45:17  ║  Games finished:      2  (conquest 2, timeout 0)
2026-03-26 23:45:17  ║  Win rate      : 1.000
2026-03-26 23:45:17  ║  Avg ep length : 16384.0 steps
2026-03-26 23:45:17  ║  Avg reward/ep : 20.0000
2026-03-26 23:45:17  ║  p_loss        : 0.0100
2026-03-26 23:45:17  ║  v_loss        : 0.1999
2026-03-26 23:45:17  ║  entropy       : 1.6718
2026-03-26 23:45:17  ╚════════════════════════════════════════════════════════════
2026-03-26 23:45:17  
2026-03-26 23:51:31  
[update 0164] winner found after 1 simulation round(s)  (dist 0.082s | collect 374.21s)
2026-03-26 23:51:31  [update 0164] per-player GAE in 0.0220s
2026-03-26 23:53:52  [update 0164] PPO update done in 137.34s
2026-03-26 23:53:52    [ckpt] removed old checkpoint: checkpoints_win_reward\policy_update_00161.pt
2026-03-26 23:53:52    [ckpt] saved → checkpoints_win_reward\policy_update_00164.pt  (keeping last 3)
2026-03-26 23:53:52  
2026-03-26 23:53:52  ╔══ update 0164 ════════════════════════════════════════════
2026-03-26 23:53:52  ║  Wall time     : 515.3s  (dist 0.08s | collect 374.21s | GAE 0.0220s | PPO 137.34s)
2026-03-26 23:53:52  ║  Simul rounds  : 1
2026-03-26 23:53:52  ║  Games finished:      4  (conquest 4, timeout 0)
2026-03-26 23:53:52  ║  Win rate      : 1.000
2026-03-26 23:53:52  ║  Avg ep length : 8192.0 steps
2026-03-26 23:53:52  ║  Avg reward/ep : 20.0000
2026-03-26 23:53:52  ║  p_loss        : 0.0103
2026-03-26 23:53:52  ║  v_loss        : 0.3158
2026-03-26 23:53:52  ║  entropy       : 1.4255
2026-03-26 23:53:52  ╚════════════════════════════════════════════════════════════
2026-03-26 23:53:52  
2026-03-27 00:00:11  
[update 0165] winner found after 1 simulation round(s)  (dist 0.075s | collect 378.99s)
2026-03-27 00:00:11  [update 0165] per-player GAE in 0.0272s
2026-03-27 00:04:44  [update 0165] PPO update done in 269.32s
2026-03-27 00:04:44    [ckpt] removed old checkpoint: checkpoints_win_reward\policy_update_00162.pt
2026-03-27 00:04:44    [ckpt] saved → checkpoints_win_reward\policy_update_00165.pt  (keeping last 3)
2026-03-27 00:04:44  
2026-03-27 00:04:44  ╔══ update 0165 ════════════════════════════════════════════
2026-03-27 00:04:44  ║  Wall time     : 652.3s  (dist 0.07s | collect 378.99s | GAE 0.0272s | PPO 269.32s)
2026-03-27 00:04:44  ║  Simul rounds  : 1
2026-03-27 00:04:44  ║  Games finished:      8  (conquest 8, timeout 0)
2026-03-27 00:04:44  ║  Win rate      : 1.000
2026-03-27 00:04:44  ║  Avg ep length : 4096.0 steps
2026-03-27 00:04:44  ║  Avg reward/ep : 20.0000
2026-03-27 00:04:44  ║  p_loss        : 0.0127
2026-03-27 00:04:44  ║  v_loss        : 0.3685
2026-03-27 00:04:44  ║  entropy       : 1.5576
2026-03-27 00:04:44  ╚════════════════════════════════════════════════════════════
2026-03-27 00:04:44  
2026-03-27 00:10:35  
[update 0166] winner found after 1 simulation round(s)  (dist 0.079s | collect 350.84s)
2026-03-27 00:10:35  [update 0166] per-player GAE in 0.0217s
2026-03-27 00:11:47  [update 0166] PPO update done in 68.79s
2026-03-27 00:11:47    [ckpt] removed old checkpoint: checkpoints_win_reward\policy_update_00163.pt
2026-03-27 00:11:47    [ckpt] saved → checkpoints_win_reward\policy_update_00166.pt  (keeping last 3)
2026-03-27 00:11:47  
2026-03-27 00:11:47  ╔══ update 0166 ════════════════════════════════════════════
2026-03-27 00:11:47  ║  Wall time     : 422.8s  (dist 0.08s | collect 350.84s | GAE 0.0217s | PPO 68.79s)
2026-03-27 00:11:47  ║  Simul rounds  : 1
2026-03-27 00:11:47  ║  Games finished:      2  (conquest 2, timeout 0)
2026-03-27 00:11:47  ║  Win rate      : 1.000
2026-03-27 00:11:47  ║  Avg ep length : 16384.0 steps
2026-03-27 00:11:47  ║  Avg reward/ep : 20.0000
2026-03-27 00:11:47  ║  p_loss        : 0.0103
2026-03-27 00:11:47  ║  v_loss        : 0.4172
2026-03-27 00:11:47  ║  entropy       : 1.6683
2026-03-27 00:11:47  ╚════════════════════════════════════════════════════════════
2026-03-27 00:11:47  
2026-03-27 00:18:08  
[update 0167] winner found after 1 simulation round(s)  (dist 0.134s | collect 380.99s)
2026-03-27 00:18:08  [update 0167] per-player GAE in 0.0218s
2026-03-27 00:19:42  [update 0167] PPO update done in 90.40s
2026-03-27 00:19:42    [ckpt] removed old checkpoint: checkpoints_win_reward\policy_update_00164.pt
2026-03-27 00:19:42    [ckpt] saved → checkpoints_win_reward\policy_update_00167.pt  (keeping last 3)
2026-03-27 00:19:42  
2026-03-27 00:19:42  ╔══ update 0167 ════════════════════════════════════════════
2026-03-27 00:19:42  ║  Wall time     : 474.8s  (dist 0.13s | collect 380.99s | GAE 0.0218s | PPO 90.40s)
2026-03-27 00:19:42  ║  Simul rounds  : 1
2026-03-27 00:19:42  ║  Games finished:      2  (conquest 2, timeout 0)
2026-03-27 00:19:42  ║  Win rate      : 1.000
2026-03-27 00:19:42  ║  Avg ep length : 16384.0 steps
2026-03-27 00:19:42  ║  Avg reward/ep : 20.0000
2026-03-27 00:19:42  ║  p_loss        : 0.0122
2026-03-27 00:19:42  ║  v_loss        : 0.0926
2026-03-27 00:19:42  ║  entropy       : 1.5978
2026-03-27 00:19:42  ╚════════════════════════════════════════════════════════════
2026-03-27 00:19:42  
2026-03-27 00:26:17  
[update 0168] winner found after 1 simulation round(s)  (dist 0.144s | collect 395.14s)
2026-03-27 00:26:17  [update 0168] per-player GAE in 0.0216s
2026-03-27 00:28:49  [update 0168] PPO update done in 148.74s
2026-03-27 00:28:49    [ckpt] removed old checkpoint: checkpoints_win_reward\policy_update_00165.pt
2026-03-27 00:28:49    [ckpt] saved → checkpoints_win_reward\policy_update_00168.pt  (keeping last 3)
2026-03-27 00:28:49  
2026-03-27 00:28:49  ╔══ update 0168 ════════════════════════════════════════════
2026-03-27 00:28:49  ║  Wall time     : 547.6s  (dist 0.14s | collect 395.14s | GAE 0.0216s | PPO 148.74s)
2026-03-27 00:28:49  ║  Simul rounds  : 1
2026-03-27 00:28:49  ║  Games finished:      6  (conquest 6, timeout 0)
2026-03-27 00:28:49  ║  Win rate      : 1.000
2026-03-27 00:28:49  ║  Avg ep length : 5461.3 steps
2026-03-27 00:28:49  ║  Avg reward/ep : 20.0000
2026-03-27 00:28:49  ║  p_loss        : 0.0115
2026-03-27 00:28:49  ║  v_loss        : 0.4107
2026-03-27 00:28:49  ║  entropy       : 1.7104
2026-03-27 00:28:49  ╚════════════════════════════════════════════════════════════
2026-03-27 00:28:49  
2026-03-27 00:35:25  
[update 0169] winner found after 1 simulation round(s)  (dist 0.085s | collect 395.04s)
2026-03-27 00:35:25  [update 0169] per-player GAE in 0.0233s
2026-03-27 00:38:33  [update 0169] PPO update done in 185.14s
2026-03-27 00:38:33    [ckpt] removed old checkpoint: checkpoints_win_reward\policy_update_00166.pt
2026-03-27 00:38:33    [ckpt] saved → checkpoints_win_reward\policy_update_00169.pt  (keeping last 3)
2026-03-27 00:38:33  
2026-03-27 00:38:33  ╔══ update 0169 ════════════════════════════════════════════
2026-03-27 00:38:33  ║  Wall time     : 583.9s  (dist 0.09s | collect 395.04s | GAE 0.0233s | PPO 185.14s)
2026-03-27 00:38:33  ║  Simul rounds  : 1
2026-03-27 00:38:33  ║  Games finished:      6  (conquest 6, timeout 0)
2026-03-27 00:38:33  ║  Win rate      : 1.000
2026-03-27 00:38:33  ║  Avg ep length : 5461.3 steps
2026-03-27 00:38:33  ║  Avg reward/ep : 20.0000
2026-03-27 00:38:33  ║  p_loss        : 0.0092
2026-03-27 00:38:33  ║  v_loss        : 0.3988
2026-03-27 00:38:33  ║  entropy       : 1.2917
2026-03-27 00:38:33  ╚════════════════════════════════════════════════════════════
2026-03-27 00:38:33  
2026-03-27 00:45:02  
[update 0170] winner found after 1 simulation round(s)  (dist 0.086s | collect 389.01s)
2026-03-27 00:45:02  [update 0170] per-player GAE in 0.0214s
2026-03-27 00:46:45  [update 0170] PPO update done in 99.19s
2026-03-27 00:46:45    [ckpt] removed old checkpoint: checkpoints_win_reward\policy_update_00167.pt
2026-03-27 00:46:45    [ckpt] saved → checkpoints_win_reward\policy_update_00170.pt  (keeping last 3)
2026-03-27 00:46:45  
2026-03-27 00:46:45  ╔══ update 0170 ════════════════════════════════════════════
2026-03-27 00:46:45  ║  Wall time     : 491.6s  (dist 0.09s | collect 389.01s | GAE 0.0214s | PPO 99.19s)
2026-03-27 00:46:45  ║  Simul rounds  : 1
2026-03-27 00:46:45  ║  Games finished:      4  (conquest 4, timeout 0)
2026-03-27 00:46:45  ║  Win rate      : 1.000
2026-03-27 00:46:45  ║  Avg ep length : 8192.0 steps
2026-03-27 00:46:45  ║  Avg reward/ep : 20.0000
2026-03-27 00:46:45  ║  p_loss        : 0.0107
2026-03-27 00:46:45  ║  v_loss        : 0.2883
2026-03-27 00:46:45  ║  entropy       : 1.4636
2026-03-27 00:46:45  ╚════════════════════════════════════════════════════════════
2026-03-27 00:46:45  
2026-03-27 00:53:02  
[update 0171] winner found after 1 simulation round(s)  (dist 0.079s | collect 376.59s)
2026-03-27 00:53:02  [update 0171] per-player GAE in 0.0264s
2026-03-27 00:55:17  [update 0171] PPO update done in 132.65s
2026-03-27 00:55:17    [ckpt] removed old checkpoint: checkpoints_win_reward\policy_update_00168.pt
2026-03-27 00:55:17    [ckpt] saved → checkpoints_win_reward\policy_update_00171.pt  (keeping last 3)
2026-03-27 00:55:17  
2026-03-27 00:55:17  ╔══ update 0171 ════════════════════════════════════════════
2026-03-27 00:55:17  ║  Wall time     : 512.5s  (dist 0.08s | collect 376.59s | GAE 0.0264s | PPO 132.65s)
2026-03-27 00:55:17  ║  Simul rounds  : 1
2026-03-27 00:55:17  ║  Games finished:      3  (conquest 3, timeout 0)
2026-03-27 00:55:17  ║  Win rate      : 1.000
2026-03-27 00:55:17  ║  Avg ep length : 10922.7 steps
2026-03-27 00:55:17  ║  Avg reward/ep : 20.0000
2026-03-27 00:55:17  ║  p_loss        : 0.0057
2026-03-27 00:55:17  ║  v_loss        : 0.2673
2026-03-27 00:55:17  ║  entropy       : 1.8205
2026-03-27 00:55:17  ╚════════════════════════════════════════════════════════════
2026-03-27 00:55:17  
2026-03-27 01:01:34  
[update 0172] winner found after 1 simulation round(s)  (dist 0.131s | collect 376.80s)
2026-03-27 01:01:34  [update 0172] per-player GAE in 0.0214s
2026-03-27 01:02:35  [update 0172] PPO update done in 57.97s
2026-03-27 01:02:36    [ckpt] removed old checkpoint: checkpoints_win_reward\policy_update_00169.pt
2026-03-27 01:02:36    [ckpt] saved → checkpoints_win_reward\policy_update_00172.pt  (keeping last 3)
2026-03-27 01:02:36  
2026-03-27 01:02:36  ╔══ update 0172 ════════════════════════════════════════════
2026-03-27 01:02:36  ║  Wall time     : 438.1s  (dist 0.13s | collect 376.80s | GAE 0.0214s | PPO 57.97s)
2026-03-27 01:02:36  ║  Simul rounds  : 1
2026-03-27 01:02:36  ║  Games finished:      1  (conquest 1, timeout 0)
2026-03-27 01:02:36  ║  Win rate      : 1.000
2026-03-27 01:02:36  ║  Avg ep length : 32768.0 steps
2026-03-27 01:02:36  ║  Avg reward/ep : 20.0000
2026-03-27 01:02:36  ║  p_loss        : 0.0049
2026-03-27 01:02:36  ║  v_loss        : 0.5252
2026-03-27 01:02:36  ║  entropy       : 1.3350
2026-03-27 01:02:36  ╚════════════════════════════════════════════════════════════
2026-03-27 01:02:36  
2026-03-27 01:08:39  [update 0173] no conquest in round 1 — re-simulating …
2026-03-27 01:15:05  
[update 0173] winner found after 2 simulation round(s)  (dist 0.267s | collect 745.87s)
2026-03-27 01:15:05  [update 0173] per-player GAE in 0.0247s
2026-03-27 01:16:26  [update 0173] PPO update done in 77.75s
2026-03-27 01:16:26    [ckpt] removed old checkpoint: checkpoints_win_reward\policy_update_00170.pt
2026-03-27 01:16:26    [ckpt] saved → checkpoints_win_reward\policy_update_00173.pt  (keeping last 3)
2026-03-27 01:16:26  
2026-03-27 01:16:26  ╔══ update 0173 ════════════════════════════════════════════
2026-03-27 01:16:26  ║  Wall time     : 830.6s  (dist 0.27s | collect 745.87s | GAE 0.0247s | PPO 77.75s)
2026-03-27 01:16:26  ║  Simul rounds  : 2
2026-03-27 01:16:26  ║  Games finished:      3  (conquest 3, timeout 0)
2026-03-27 01:16:26  ║  Win rate      : 1.000
2026-03-27 01:16:26  ║  Avg ep length : 10922.7 steps
2026-03-27 01:16:26  ║  Avg reward/ep : 20.0000
2026-03-27 01:16:26  ║  p_loss        : 0.0073
2026-03-27 01:16:26  ║  v_loss        : 0.4660
2026-03-27 01:16:26  ║  entropy       : 1.5837
2026-03-27 01:16:26  ╚════════════════════════════════════════════════════════════
2026-03-27 01:16:26  
2026-03-27 01:22:43  
[update 0174] winner found after 1 simulation round(s)  (dist 0.141s | collect 376.78s)
2026-03-27 01:22:43  [update 0174] per-player GAE in 0.0211s
2026-03-27 01:23:31  [update 0174] PPO update done in 44.75s
2026-03-27 01:23:31    [ckpt] removed old checkpoint: checkpoints_win_reward\policy_update_00171.pt
2026-03-27 01:23:31    [ckpt] saved → checkpoints_win_reward\policy_update_00174.pt  (keeping last 3)
2026-03-27 01:23:31  
2026-03-27 01:23:31  ╔══ update 0174 ════════════════════════════════════════════
2026-03-27 01:23:31  ║  Wall time     : 424.9s  (dist 0.14s | collect 376.78s | GAE 0.0211s | PPO 44.75s)
2026-03-27 01:23:31  ║  Simul rounds  : 1
2026-03-27 01:23:31  ║  Games finished:      1  (conquest 1, timeout 0)
2026-03-27 01:23:31  ║  Win rate      : 1.000
2026-03-27 01:23:31  ║  Avg ep length : 32768.0 steps
2026-03-27 01:23:31  ║  Avg reward/ep : 20.0000
2026-03-27 01:23:31  ║  p_loss        : -0.0020
2026-03-27 01:23:31  ║  v_loss        : 0.1041
2026-03-27 01:23:31  ║  entropy       : 1.8779
2026-03-27 01:23:31  ╚════════════════════════════════════════════════════════════
2026-03-27 01:23:31  
2026-03-27 01:29:37  
[update 0175] winner found after 1 simulation round(s)  (dist 0.077s | collect 366.12s)
2026-03-27 01:29:37  [update 0175] per-player GAE in 0.0207s
2026-03-27 01:30:30  [update 0175] PPO update done in 49.74s
2026-03-27 01:30:30    [ckpt] removed old checkpoint: checkpoints_win_reward\policy_update_00172.pt
2026-03-27 01:30:30    [ckpt] saved → checkpoints_win_reward\policy_update_00175.pt  (keeping last 3)
2026-03-27 01:30:30  
2026-03-27 01:30:30  ╔══ update 0175 ════════════════════════════════════════════
2026-03-27 01:30:30  ║  Wall time     : 419.1s  (dist 0.08s | collect 366.12s | GAE 0.0207s | PPO 49.74s)
2026-03-27 01:30:30  ║  Simul rounds  : 1
2026-03-27 01:30:30  ║  Games finished:      1  (conquest 1, timeout 0)
2026-03-27 01:30:30  ║  Win rate      : 1.000
2026-03-27 01:30:30  ║  Avg ep length : 32768.0 steps
2026-03-27 01:30:30  ║  Avg reward/ep : 20.0000
2026-03-27 01:30:30  ║  p_loss        : 0.0048
2026-03-27 01:30:30  ║  v_loss        : 0.3087
2026-03-27 01:30:30  ║  entropy       : 1.6591
2026-03-27 01:30:30  ╚════════════════════════════════════════════════════════════
2026-03-27 01:30:30  
2026-03-27 01:36:45  [update 0176] no conquest in round 1 — re-simulating …
2026-03-27 01:43:18  [update 0176] no conquest in round 2 — re-simulating …
2026-03-27 01:49:43  [update 0176] no conquest in round 3 — re-simulating …
2026-03-27 01:56:11  [update 0176] no conquest in round 4 — re-simulating …
2026-03-27 02:02:40  [update 0176] no conquest in round 5 — re-simulating …
2026-03-27 02:09:12  [update 0176] no conquest in round 6 — re-simulating …
2026-03-27 02:15:42  [update 0176] no conquest in round 7 — re-simulating …
2026-03-27 02:22:28  [update 0176] no conquest in round 8 — re-simulating …
2026-03-27 02:28:45  
[update 0176] winner found after 9 simulation round(s)  (dist 1.430s | collect 3470.21s)
2026-03-27 02:28:45  [update 0176] per-player GAE in 0.0226s
2026-03-27 02:29:13  [update 0176] PPO update done in 24.81s
2026-03-27 02:29:13    [ckpt] removed old checkpoint: checkpoints_win_reward\policy_update_00173.pt
2026-03-27 02:29:13    [ckpt] saved → checkpoints_win_reward\policy_update_00176.pt  (keeping last 3)
2026-03-27 02:29:13  
2026-03-27 02:29:13  ╔══ update 0176 ════════════════════════════════════════════
2026-03-27 02:29:13  ║  Wall time     : 3522.7s  (dist 1.43s | collect 3470.21s | GAE 0.0226s | PPO 24.81s)
2026-03-27 02:29:13  ║  Simul rounds  : 9
2026-03-27 02:29:13  ║  Games finished:      3  (conquest 2, timeout 1)
2026-03-27 02:29:13  ║  Win rate      : 0.667
2026-03-27 02:29:13  ║  Avg ep length : 10922.7 steps
2026-03-27 02:29:13  ║  Avg reward/ep : 13.3333
2026-03-27 02:29:13  ║  p_loss        : 0.0063
2026-03-27 02:29:13  ║  v_loss        : 0.1489
2026-03-27 02:29:13  ║  entropy       : 1.2962
2026-03-27 02:29:13  ╚════════════════════════════════════════════════════════════
2026-03-27 02:29:13  
2026-03-27 02:35:22  
[update 0177] winner found after 1 simulation round(s)  (dist 0.083s | collect 368.83s)
2026-03-27 02:35:22  [update 0177] per-player GAE in 0.0218s
2026-03-27 02:35:56  [update 0177] PPO update done in 31.18s
2026-03-27 02:35:56    [ckpt] removed old checkpoint: checkpoints_win_reward\policy_update_00174.pt
2026-03-27 02:35:56    [ckpt] saved → checkpoints_win_reward\policy_update_00177.pt  (keeping last 3)
2026-03-27 02:35:56  
2026-03-27 02:35:56  ╔══ update 0177 ════════════════════════════════════════════
2026-03-27 02:35:56  ║  Wall time     : 403.2s  (dist 0.08s | collect 368.83s | GAE 0.0218s | PPO 31.18s)
2026-03-27 02:35:56  ║  Simul rounds  : 1
2026-03-27 02:35:56  ║  Games finished:      1  (conquest 1, timeout 0)
2026-03-27 02:35:56  ║  Win rate      : 1.000
2026-03-27 02:35:56  ║  Avg ep length : 32768.0 steps
2026-03-27 02:35:56  ║  Avg reward/ep : 20.0000
2026-03-27 02:35:56  ║  p_loss        : 0.0037
2026-03-27 02:35:56  ║  v_loss        : 0.2306
2026-03-27 02:35:56  ║  entropy       : 1.4964
2026-03-27 02:35:56  ╚════════════════════════════════════════════════════════════
2026-03-27 02:35:56  
2026-03-27 02:42:39  [update 0178] no conquest in round 1 — re-simulating …
2026-03-27 02:48:49  
[update 0178] winner found after 2 simulation round(s)  (dist 0.243s | collect 769.64s)
2026-03-27 02:48:49  [update 0178] per-player GAE in 0.0241s
2026-03-27 02:50:58  [update 0178] PPO update done in 125.88s
2026-03-27 02:50:58    [ckpt] removed old checkpoint: checkpoints_win_reward\policy_update_00175.pt
2026-03-27 02:50:58    [ckpt] saved → checkpoints_win_reward\policy_update_00178.pt  (keeping last 3)
2026-03-27 02:50:58  
2026-03-27 02:50:58  ╔══ update 0178 ════════════════════════════════════════════
2026-03-27 02:50:58  ║  Wall time     : 902.2s  (dist 0.24s | collect 769.64s | GAE 0.0241s | PPO 125.88s)
2026-03-27 02:50:58  ║  Simul rounds  : 2
2026-03-27 02:50:58  ║  Games finished:      4  (conquest 3, timeout 1)
2026-03-27 02:50:58  ║  Win rate      : 0.750
2026-03-27 02:50:58  ║  Avg ep length : 8192.0 steps
2026-03-27 02:50:58  ║  Avg reward/ep : 15.0000
2026-03-27 02:50:58  ║  p_loss        : 0.0039
2026-03-27 02:50:58  ║  v_loss        : 0.1720
2026-03-27 02:50:58  ║  entropy       : 1.5300
2026-03-27 02:50:58  ╚════════════════════════════════════════════════════════════
2026-03-27 02:50:58  
2026-03-27 02:57:03  [update 0179] no conquest in round 1 — re-simulating …
2026-03-27 03:03:30  
[update 0179] winner found after 2 simulation round(s)  (dist 0.268s | collect 748.21s)
2026-03-27 03:03:30  [update 0179] per-player GAE in 0.0218s
2026-03-27 03:05:55  [update 0179] PPO update done in 142.15s
2026-03-27 03:05:56    [ckpt] removed old checkpoint: checkpoints_win_reward\policy_update_00176.pt
2026-03-27 03:05:56    [ckpt] saved → checkpoints_win_reward\policy_update_00179.pt  (keeping last 3)
2026-03-27 03:05:56  
2026-03-27 03:05:56  ╔══ update 0179 ════════════════════════════════════════════
2026-03-27 03:05:56  ║  Wall time     : 897.3s  (dist 0.27s | collect 748.21s | GAE 0.0218s | PPO 142.15s)
2026-03-27 03:05:56  ║  Simul rounds  : 2
2026-03-27 03:05:56  ║  Games finished:      8  (conquest 4, timeout 4)
2026-03-27 03:05:56  ║  Win rate      : 0.500
2026-03-27 03:05:56  ║  Avg ep length : 4096.0 steps
2026-03-27 03:05:56  ║  Avg reward/ep : 10.0000
2026-03-27 03:05:56  ║  p_loss        : 0.0087
2026-03-27 03:05:56  ║  v_loss        : 0.3165
2026-03-27 03:05:56  ║  entropy       : 1.1841
2026-03-27 03:05:56  ╚════════════════════════════════════════════════════════════
2026-03-27 03:05:56  
2026-03-27 03:12:10  
[update 0180] winner found after 1 simulation round(s)  (dist 0.083s | collect 374.65s)
2026-03-27 03:12:10  [update 0180] per-player GAE in 0.0214s
2026-03-27 03:13:20  [update 0180] PPO update done in 66.89s
2026-03-27 03:13:20    [ckpt] removed old checkpoint: checkpoints_win_reward\policy_update_00177.pt
2026-03-27 03:13:20    [ckpt] saved → checkpoints_win_reward\policy_update_00180.pt  (keeping last 3)
2026-03-27 03:13:20  
2026-03-27 03:13:20  ╔══ update 0180 ════════════════════════════════════════════
2026-03-27 03:13:20  ║  Wall time     : 444.7s  (dist 0.08s | collect 374.65s | GAE 0.0214s | PPO 66.89s)
2026-03-27 03:13:20  ║  Simul rounds  : 1
2026-03-27 03:13:20  ║  Games finished:      6  (conquest 3, timeout 3)
2026-03-27 03:13:20  ║  Win rate      : 0.500
2026-03-27 03:13:20  ║  Avg ep length : 5461.3 steps
2026-03-27 03:13:20  ║  Avg reward/ep : 10.0000
2026-03-27 03:13:20  ║  p_loss        : 0.0062
2026-03-27 03:13:20  ║  v_loss        : 0.3880
2026-03-27 03:13:20  ║  entropy       : 1.3926
2026-03-27 03:13:20  ╚════════════════════════════════════════════════════════════
2026-03-27 03:13:20  
2026-03-27 03:19:24  
[update 0181] winner found after 1 simulation round(s)  (dist 0.076s | collect 363.72s)
2026-03-27 03:19:24  [update 0181] per-player GAE in 0.0226s
2026-03-27 03:20:00  [update 0181] PPO update done in 32.72s
2026-03-27 03:20:00    [ckpt] removed old checkpoint: checkpoints_win_reward\policy_update_00178.pt
2026-03-27 03:20:00    [ckpt] saved → checkpoints_win_reward\policy_update_00181.pt  (keeping last 3)
2026-03-27 03:20:00  
2026-03-27 03:20:00  ╔══ update 0181 ════════════════════════════════════════════
2026-03-27 03:20:00  ║  Wall time     : 399.6s  (dist 0.08s | collect 363.72s | GAE 0.0226s | PPO 32.72s)
2026-03-27 03:20:00  ║  Simul rounds  : 1
2026-03-27 03:20:00  ║  Games finished:      1  (conquest 1, timeout 0)
2026-03-27 03:20:00  ║  Win rate      : 1.000
2026-03-27 03:20:00  ║  Avg ep length : 32768.0 steps
2026-03-27 03:20:00  ║  Avg reward/ep : 20.0000
2026-03-27 03:20:00  ║  p_loss        : 0.0092
2026-03-27 03:20:00  ║  v_loss        : 0.2215
2026-03-27 03:20:00  ║  entropy       : 1.7284
2026-03-27 03:20:00  ╚════════════════════════════════════════════════════════════
2026-03-27 03:20:00  
2026-03-27 03:26:24  
[update 0182] winner found after 1 simulation round(s)  (dist 0.149s | collect 384.04s)
2026-03-27 03:26:24  [update 0182] per-player GAE in 0.0227s
2026-03-27 03:28:06  [update 0182] PPO update done in 98.79s
2026-03-27 03:28:06    [ckpt] removed old checkpoint: checkpoints_win_reward\policy_update_00179.pt
2026-03-27 03:28:06    [ckpt] saved → checkpoints_win_reward\policy_update_00182.pt  (keeping last 3)
2026-03-27 03:28:06  
2026-03-27 03:28:06  ╔══ update 0182 ════════════════════════════════════════════
2026-03-27 03:28:06  ║  Wall time     : 486.3s  (dist 0.15s | collect 384.04s | GAE 0.0227s | PPO 98.79s)
2026-03-27 03:28:06  ║  Simul rounds  : 1
2026-03-27 03:28:06  ║  Games finished:      5  (conquest 3, timeout 2)
2026-03-27 03:28:06  ║  Win rate      : 0.600
2026-03-27 03:28:06  ║  Avg ep length : 6553.6 steps
2026-03-27 03:28:06  ║  Avg reward/ep : 12.0000
2026-03-27 03:28:06  ║  p_loss        : 0.0085
2026-03-27 03:28:06  ║  v_loss        : 0.1108
2026-03-27 03:28:06  ║  entropy       : 1.7210
2026-03-27 03:28:06  ╚════════════════════════════════════════════════════════════
2026-03-27 03:28:06  
2026-03-27 03:34:27  
[update 0183] winner found after 1 simulation round(s)  (dist 0.084s | collect 380.37s)
2026-03-27 03:34:27  [update 0183] per-player GAE in 0.0217s
2026-03-27 03:35:38  [update 0183] PPO update done in 68.92s
2026-03-27 03:35:39    [ckpt] removed old checkpoint: checkpoints_win_reward\policy_update_00180.pt
2026-03-27 03:35:39    [ckpt] saved → checkpoints_win_reward\policy_update_00183.pt  (keeping last 3)
2026-03-27 03:35:39  
2026-03-27 03:35:39  ╔══ update 0183 ════════════════════════════════════════════
2026-03-27 03:35:39  ║  Wall time     : 452.5s  (dist 0.08s | collect 380.37s | GAE 0.0217s | PPO 68.92s)
2026-03-27 03:35:39  ║  Simul rounds  : 1
2026-03-27 03:35:39  ║  Games finished:      4  (conquest 2, timeout 2)
2026-03-27 03:35:39  ║  Win rate      : 0.500
2026-03-27 03:35:39  ║  Avg ep length : 8192.0 steps
2026-03-27 03:35:39  ║  Avg reward/ep : 10.0000
2026-03-27 03:35:39  ║  p_loss        : 0.0117
2026-03-27 03:35:39  ║  v_loss        : 0.2620
2026-03-27 03:35:39  ║  entropy       : 1.5554
2026-03-27 03:35:39  ╚════════════════════════════════════════════════════════════
2026-03-27 03:35:39  
2026-03-27 03:42:06  
[update 0184] winner found after 1 simulation round(s)  (dist 0.146s | collect 386.73s)
2026-03-27 03:42:06  [update 0184] per-player GAE in 0.0220s
2026-03-27 03:43:23  [update 0184] PPO update done in 74.40s
2026-03-27 03:43:23    [ckpt] removed old checkpoint: checkpoints_win_reward\policy_update_00181.pt
2026-03-27 03:43:23    [ckpt] saved → checkpoints_win_reward\policy_update_00184.pt  (keeping last 3)
2026-03-27 03:43:23  
2026-03-27 03:43:23  ╔══ update 0184 ════════════════════════════════════════════
2026-03-27 03:43:23  ║  Wall time     : 464.4s  (dist 0.15s | collect 386.73s | GAE 0.0220s | PPO 74.40s)
2026-03-27 03:43:23  ║  Simul rounds  : 1
2026-03-27 03:43:23  ║  Games finished:      5  (conquest 5, timeout 0)
2026-03-27 03:43:23  ║  Win rate      : 1.000
2026-03-27 03:43:23  ║  Avg ep length : 6553.6 steps
2026-03-27 03:43:23  ║  Avg reward/ep : 20.0000
2026-03-27 03:43:23  ║  p_loss        : 0.0043
2026-03-27 03:43:23  ║  v_loss        : 0.7189
2026-03-27 03:43:23  ║  entropy       : 1.3555
2026-03-27 03:43:23  ╚════════════════════════════════════════════════════════════
2026-03-27 03:43:23  
2026-03-27 03:49:49  [update 0185] no conquest in round 1 — re-simulating …
2026-03-27 03:56:02  
[update 0185] winner found after 2 simulation round(s)  (dist 0.229s | collect 755.38s)
2026-03-27 03:56:02  [update 0185] per-player GAE in 0.0207s
2026-03-27 03:57:02  [update 0185] PPO update done in 56.71s
2026-03-27 03:57:02    [ckpt] removed old checkpoint: checkpoints_win_reward\policy_update_00182.pt
2026-03-27 03:57:02    [ckpt] saved → checkpoints_win_reward\policy_update_00185.pt  (keeping last 3)
2026-03-27 03:57:02  
2026-03-27 03:57:02  ╔══ update 0185 ════════════════════════════════════════════
2026-03-27 03:57:02  ║  Wall time     : 818.7s  (dist 0.23s | collect 755.38s | GAE 0.0207s | PPO 56.71s)
2026-03-27 03:57:02  ║  Simul rounds  : 2
2026-03-27 03:57:02  ║  Games finished:      5  (conquest 3, timeout 2)
2026-03-27 03:57:02  ║  Win rate      : 0.600
2026-03-27 03:57:02  ║  Avg ep length : 6553.6 steps
2026-03-27 03:57:02  ║  Avg reward/ep : 12.0000
2026-03-27 03:57:02  ║  p_loss        : 0.0050
2026-03-27 03:57:02  ║  v_loss        : 0.3397
2026-03-27 03:57:02  ║  entropy       : 1.5960
2026-03-27 03:57:02  ╚════════════════════════════════════════════════════════════
2026-03-27 03:57:02  
2026-03-27 04:03:27  
[update 0186] winner found after 1 simulation round(s)  (dist 0.140s | collect 385.52s)
2026-03-27 04:03:28  [update 0186] per-player GAE in 0.0209s
2026-03-27 04:06:12  [update 0186] PPO update done in 160.85s
2026-03-27 04:06:12    [ckpt] removed old checkpoint: checkpoints_win_reward\policy_update_00183.pt
2026-03-27 04:06:12    [ckpt] saved → checkpoints_win_reward\policy_update_00186.pt  (keeping last 3)
2026-03-27 04:06:12  
2026-03-27 04:06:12  ╔══ update 0186 ════════════════════════════════════════════
2026-03-27 04:06:12  ║  Wall time     : 550.2s  (dist 0.14s | collect 385.52s | GAE 0.0209s | PPO 160.85s)
2026-03-27 04:06:12  ║  Simul rounds  : 1
2026-03-27 04:06:12  ║  Games finished:      8  (conquest 7, timeout 1)
2026-03-27 04:06:12  ║  Win rate      : 0.875
2026-03-27 04:06:12  ║  Avg ep length : 4096.0 steps
2026-03-27 04:06:12  ║  Avg reward/ep : 18.7500
2026-03-27 04:06:12  ║  p_loss        : 0.0041
2026-03-27 04:06:12  ║  v_loss        : 0.4865
2026-03-27 04:06:12  ║  entropy       : 1.5939
2026-03-27 04:06:12  ╚════════════════════════════════════════════════════════════
2026-03-27 04:06:12  
2026-03-27 04:12:49  [update 0187] no conquest in round 1 — re-simulating …
2026-03-27 04:19:37  
[update 0187] winner found after 2 simulation round(s)  (dist 0.342s | collect 801.87s)
2026-03-27 04:19:37  [update 0187] per-player GAE in 0.0223s
2026-03-27 04:22:41  [update 0187] PPO update done in 180.65s
2026-03-27 04:22:41    [ckpt] removed old checkpoint: checkpoints_win_reward\policy_update_00184.pt
2026-03-27 04:22:41    [ckpt] saved → checkpoints_win_reward\policy_update_00187.pt  (keeping last 3)
2026-03-27 04:22:41  
2026-03-27 04:22:41  ╔══ update 0187 ════════════════════════════════════════════
2026-03-27 04:22:41  ║  Wall time     : 989.4s  (dist 0.34s | collect 801.87s | GAE 0.0223s | PPO 180.65s)
2026-03-27 04:22:41  ║  Simul rounds  : 2
2026-03-27 04:22:41  ║  Games finished:     10  (conquest 8, timeout 2)
2026-03-27 04:22:41  ║  Win rate      : 0.800
2026-03-27 04:22:41  ║  Avg ep length : 3276.8 steps
2026-03-27 04:22:41  ║  Avg reward/ep : 16.0000
2026-03-27 04:22:41  ║  p_loss        : 0.0102
2026-03-27 04:22:41  ║  v_loss        : 0.2894
2026-03-27 04:22:41  ║  entropy       : 1.5594
2026-03-27 04:22:41  ╚════════════════════════════════════════════════════════════
2026-03-27 04:22:41  
2026-03-27 04:29:01  
[update 0188] winner found after 1 simulation round(s)  (dist 0.080s | collect 379.84s)
2026-03-27 04:29:01  [update 0188] per-player GAE in 0.0216s
2026-03-27 04:31:27  [update 0188] PPO update done in 142.21s
2026-03-27 04:31:27    [ckpt] removed old checkpoint: checkpoints_win_reward\policy_update_00185.pt
2026-03-27 04:31:27    [ckpt] saved → checkpoints_win_reward\policy_update_00188.pt  (keeping last 3)
2026-03-27 04:31:27  
2026-03-27 04:31:27  ╔══ update 0188 ════════════════════════════════════════════
2026-03-27 04:31:27  ║  Wall time     : 525.6s  (dist 0.08s | collect 379.84s | GAE 0.0216s | PPO 142.21s)
2026-03-27 04:31:27  ║  Simul rounds  : 1
2026-03-27 04:31:27  ║  Games finished:      7  (conquest 5, timeout 2)
2026-03-27 04:31:27  ║  Win rate      : 0.714
2026-03-27 04:31:27  ║  Avg ep length : 4681.1 steps
2026-03-27 04:31:27  ║  Avg reward/ep : 14.2857
2026-03-27 04:31:27  ║  p_loss        : 0.0079
2026-03-27 04:31:27  ║  v_loss        : 0.3268
2026-03-27 04:31:27  ║  entropy       : 1.4441
2026-03-27 04:31:27  ╚════════════════════════════════════════════════════════════
2026-03-27 04:31:27  
2026-03-27 04:37:45  
[update 0189] winner found after 1 simulation round(s)  (dist 0.139s | collect 378.37s)
2026-03-27 04:37:46  [update 0189] per-player GAE in 0.0220s
2026-03-27 04:39:45  [update 0189] PPO update done in 116.80s
2026-03-27 04:39:46    [ckpt] removed old checkpoint: checkpoints_win_reward\policy_update_00186.pt
2026-03-27 04:39:46    [ckpt] saved → checkpoints_win_reward\policy_update_00189.pt  (keeping last 3)
2026-03-27 04:39:46  
2026-03-27 04:39:46  ╔══ update 0189 ════════════════════════════════════════════
2026-03-27 04:39:46  ║  Wall time     : 498.6s  (dist 0.14s | collect 378.37s | GAE 0.0220s | PPO 116.80s)
2026-03-27 04:39:46  ║  Simul rounds  : 1
2026-03-27 04:39:46  ║  Games finished:      6  (conquest 5, timeout 1)
2026-03-27 04:39:46  ║  Win rate      : 0.833
2026-03-27 04:39:46  ║  Avg ep length : 5461.3 steps
2026-03-27 04:39:46  ║  Avg reward/ep : 16.6667
2026-03-27 04:39:46  ║  p_loss        : 0.0084
2026-03-27 04:39:46  ║  v_loss        : 0.3123
2026-03-27 04:39:46  ║  entropy       : 1.3401
2026-03-27 04:39:46  ╚════════════════════════════════════════════════════════════
2026-03-27 04:39:46  
2026-03-27 04:46:08  
[update 0190] winner found after 1 simulation round(s)  (dist 0.084s | collect 382.16s)
2026-03-27 04:46:08  [update 0190] per-player GAE in 0.0214s
2026-03-27 04:49:17  [update 0190] PPO update done in 186.27s
2026-03-27 04:49:17    [ckpt] removed old checkpoint: checkpoints_win_reward\policy_update_00187.pt
2026-03-27 04:49:17    [ckpt] saved → checkpoints_win_reward\policy_update_00190.pt  (keeping last 3)
2026-03-27 04:49:17  
2026-03-27 04:49:17  ╔══ update 0190 ════════════════════════════════════════════
2026-03-27 04:49:17  ║  Wall time     : 571.7s  (dist 0.08s | collect 382.16s | GAE 0.0214s | PPO 186.27s)
2026-03-27 04:49:17  ║  Simul rounds  : 1
2026-03-27 04:49:17  ║  Games finished:     12  (conquest 9, timeout 3)
2026-03-27 04:49:17  ║  Win rate      : 0.750
2026-03-27 04:49:17  ║  Avg ep length : 2730.7 steps
2026-03-27 04:49:17  ║  Avg reward/ep : 15.0000
2026-03-27 04:49:17  ║  p_loss        : 0.0082
2026-03-27 04:49:17  ║  v_loss        : 0.4155
2026-03-27 04:49:17  ║  entropy       : 1.3944
2026-03-27 04:49:17  ╚════════════════════════════════════════════════════════════
2026-03-27 04:49:17  
2026-03-27 04:55:23  
[update 0191] winner found after 1 simulation round(s)  (dist 0.078s | collect 366.08s)
2026-03-27 04:55:23  [update 0191] per-player GAE in 0.0213s
2026-03-27 04:58:07  [update 0191] PPO update done in 160.38s
2026-03-27 04:58:07    [ckpt] removed old checkpoint: checkpoints_win_reward\policy_update_00188.pt
2026-03-27 04:58:07    [ckpt] saved → checkpoints_win_reward\policy_update_00191.pt  (keeping last 3)
2026-03-27 04:58:07  
2026-03-27 04:58:07  ╔══ update 0191 ════════════════════════════════════════════
2026-03-27 04:58:07  ║  Wall time     : 529.9s  (dist 0.08s | collect 366.08s | GAE 0.0213s | PPO 160.38s)
2026-03-27 04:58:07  ║  Simul rounds  : 1
2026-03-27 04:58:07  ║  Games finished:      7  (conquest 6, timeout 1)
2026-03-27 04:58:07  ║  Win rate      : 0.857
2026-03-27 04:58:07  ║  Avg ep length : 4681.1 steps
2026-03-27 04:58:07  ║  Avg reward/ep : 17.1429
2026-03-27 04:58:07  ║  p_loss        : 0.0059
2026-03-27 04:58:07  ║  v_loss        : 0.2674
2026-03-27 04:58:07  ║  entropy       : 1.7137
2026-03-27 04:58:07  ╚════════════════════════════════════════════════════════════
2026-03-27 04:58:07  
2026-03-27 05:04:52  
[update 0192] winner found after 1 simulation round(s)  (dist 0.144s | collect 404.95s)
2026-03-27 05:04:52  [update 0192] per-player GAE in 0.0216s
2026-03-27 05:06:36  [update 0192] PPO update done in 100.60s
2026-03-27 05:06:36    [ckpt] removed old checkpoint: checkpoints_win_reward\policy_update_00189.pt
2026-03-27 05:06:36    [ckpt] saved → checkpoints_win_reward\policy_update_00192.pt  (keeping last 3)
2026-03-27 05:06:36  
2026-03-27 05:06:36  ╔══ update 0192 ════════════════════════════════════════════
2026-03-27 05:06:36  ║  Wall time     : 509.1s  (dist 0.14s | collect 404.95s | GAE 0.0216s | PPO 100.60s)
2026-03-27 05:06:36  ║  Simul rounds  : 1
2026-03-27 05:06:36  ║  Games finished:      5  (conquest 2, timeout 3)
2026-03-27 05:06:36  ║  Win rate      : 0.400
2026-03-27 05:06:36  ║  Avg ep length : 6553.6 steps
2026-03-27 05:06:36  ║  Avg reward/ep : 8.0000
2026-03-27 05:06:36  ║  p_loss        : 0.0046
2026-03-27 05:06:36  ║  v_loss        : 0.3722
2026-03-27 05:06:36  ║  entropy       : 1.5190
2026-03-27 05:06:36  ╚════════════════════════════════════════════════════════════
2026-03-27 05:06:36  
2026-03-27 05:12:58  
[update 0193] winner found after 1 simulation round(s)  (dist 0.085s | collect 381.56s)
2026-03-27 05:12:58  [update 0193] per-player GAE in 0.0237s
2026-03-27 05:14:50  [update 0193] PPO update done in 108.53s
2026-03-27 05:14:50    [ckpt] removed old checkpoint: checkpoints_win_reward\policy_update_00190.pt
2026-03-27 05:14:50    [ckpt] saved → checkpoints_win_reward\policy_update_00193.pt  (keeping last 3)
2026-03-27 05:14:50  
2026-03-27 05:14:50  ╔══ update 0193 ════════════════════════════════════════════
2026-03-27 05:14:50  ║  Wall time     : 493.7s  (dist 0.08s | collect 381.56s | GAE 0.0237s | PPO 108.53s)
2026-03-27 05:14:50  ║  Simul rounds  : 1
2026-03-27 05:14:50  ║  Games finished:      2  (conquest 2, timeout 0)
2026-03-27 05:14:50  ║  Win rate      : 1.000
2026-03-27 05:14:50  ║  Avg ep length : 16384.0 steps
2026-03-27 05:14:50  ║  Avg reward/ep : 20.0000
2026-03-27 05:14:50  ║  p_loss        : 0.0046
2026-03-27 05:14:50  ║  v_loss        : 0.1878
2026-03-27 05:14:50  ║  entropy       : 1.4082
2026-03-27 05:14:50  ╚════════════════════════════════════════════════════════════
2026-03-27 05:14:50  
2026-03-27 05:21:34  
[update 0194] winner found after 1 simulation round(s)  (dist 0.154s | collect 403.64s)
2026-03-27 05:21:34  [update 0194] per-player GAE in 0.0228s
2026-03-27 05:22:39  [update 0194] PPO update done in 62.02s
2026-03-27 05:22:39    [ckpt] removed old checkpoint: checkpoints_win_reward\policy_update_00191.pt
2026-03-27 05:22:39    [ckpt] saved → checkpoints_win_reward\policy_update_00194.pt  (keeping last 3)
2026-03-27 05:22:39  
2026-03-27 05:22:39  ╔══ update 0194 ════════════════════════════════════════════
2026-03-27 05:22:39  ║  Wall time     : 469.3s  (dist 0.15s | collect 403.64s | GAE 0.0228s | PPO 62.02s)
2026-03-27 05:22:39  ║  Simul rounds  : 1
2026-03-27 05:22:39  ║  Games finished:      4  (conquest 4, timeout 0)
2026-03-27 05:22:39  ║  Win rate      : 1.000
2026-03-27 05:22:39  ║  Avg ep length : 8192.0 steps
2026-03-27 05:22:39  ║  Avg reward/ep : 20.0000
2026-03-27 05:22:39  ║  p_loss        : 0.0070
2026-03-27 05:22:39  ║  v_loss        : 0.8490
2026-03-27 05:22:39  ║  entropy       : 1.1318
2026-03-27 05:22:39  ╚════════════════════════════════════════════════════════════
2026-03-27 05:22:39  
2026-03-27 05:28:54  
[update 0195] winner found after 1 simulation round(s)  (dist 0.156s | collect 374.13s)
2026-03-27 05:28:54  [update 0195] per-player GAE in 0.0216s
2026-03-27 05:30:41  [update 0195] PPO update done in 104.76s
2026-03-27 05:30:42    [ckpt] removed old checkpoint: checkpoints_win_reward\policy_update_00192.pt
2026-03-27 05:30:42    [ckpt] saved → checkpoints_win_reward\policy_update_00195.pt  (keeping last 3)
2026-03-27 05:30:42  
2026-03-27 05:30:42  ╔══ update 0195 ════════════════════════════════════════════
2026-03-27 05:30:42  ║  Wall time     : 482.4s  (dist 0.16s | collect 374.13s | GAE 0.0216s | PPO 104.76s)
2026-03-27 05:30:42  ║  Simul rounds  : 1
2026-03-27 05:30:42  ║  Games finished:      5  (conquest 3, timeout 2)
2026-03-27 05:30:42  ║  Win rate      : 0.600
2026-03-27 05:30:42  ║  Avg ep length : 6553.6 steps
2026-03-27 05:30:42  ║  Avg reward/ep : 12.0000
2026-03-27 05:30:42  ║  p_loss        : 0.0034
2026-03-27 05:30:42  ║  v_loss        : 0.4667
2026-03-27 05:30:42  ║  entropy       : 1.5655
2026-03-27 05:30:42  ╚════════════════════════════════════════════════════════════
2026-03-27 05:30:42  
2026-03-27 05:36:53  
[update 0196] winner found after 1 simulation round(s)  (dist 0.079s | collect 370.84s)
2026-03-27 05:36:53  [update 0196] per-player GAE in 0.0208s
2026-03-27 05:38:44  [update 0196] PPO update done in 107.86s
2026-03-27 05:38:44    [ckpt] removed old checkpoint: checkpoints_win_reward\policy_update_00193.pt
2026-03-27 05:38:44    [ckpt] saved → checkpoints_win_reward\policy_update_00196.pt  (keeping last 3)
2026-03-27 05:38:44  
2026-03-27 05:38:44  ╔══ update 0196 ════════════════════════════════════════════
2026-03-27 05:38:44  ║  Wall time     : 482.2s  (dist 0.08s | collect 370.84s | GAE 0.0208s | PPO 107.86s)
2026-03-27 05:38:44  ║  Simul rounds  : 1
2026-03-27 05:38:44  ║  Games finished:      5  (conquest 4, timeout 1)
2026-03-27 05:38:44  ║  Win rate      : 0.800
2026-03-27 05:38:44  ║  Avg ep length : 6553.6 steps
2026-03-27 05:38:44  ║  Avg reward/ep : 16.0000
2026-03-27 05:38:44  ║  p_loss        : 0.0015
2026-03-27 05:38:44  ║  v_loss        : 0.4471
2026-03-27 05:38:44  ║  entropy       : 1.6365
2026-03-27 05:38:44  ╚════════════════════════════════════════════════════════════
2026-03-27 05:38:44  
2026-03-27 05:45:16  
[update 0197] winner found after 1 simulation round(s)  (dist 0.135s | collect 391.97s)
2026-03-27 05:45:16  [update 0197] per-player GAE in 0.0213s
2026-03-27 05:46:43  [update 0197] PPO update done in 84.02s
2026-03-27 05:46:43    [ckpt] removed old checkpoint: checkpoints_win_reward\policy_update_00194.pt
2026-03-27 05:46:43    [ckpt] saved → checkpoints_win_reward\policy_update_00197.pt  (keeping last 3)
2026-03-27 05:46:43  
2026-03-27 05:46:43  ╔══ update 0197 ════════════════════════════════════════════
2026-03-27 05:46:43  ║  Wall time     : 479.6s  (dist 0.14s | collect 391.97s | GAE 0.0213s | PPO 84.02s)
2026-03-27 05:46:43  ║  Simul rounds  : 1
2026-03-27 05:46:43  ║  Games finished:      5  (conquest 4, timeout 1)
2026-03-27 05:46:43  ║  Win rate      : 0.800
2026-03-27 05:46:43  ║  Avg ep length : 6553.6 steps
2026-03-27 05:46:43  ║  Avg reward/ep : 16.0000
2026-03-27 05:46:43  ║  p_loss        : 0.0038
2026-03-27 05:46:43  ║  v_loss        : 0.7446
2026-03-27 05:46:43  ║  entropy       : 1.4992
2026-03-27 05:46:43  ╚════════════════════════════════════════════════════════════
2026-03-27 05:46:43  
2026-03-27 05:53:10  
[update 0198] winner found after 1 simulation round(s)  (dist 0.073s | collect 386.29s)
2026-03-27 05:53:10  [update 0198] per-player GAE in 0.0206s
2026-03-27 05:53:42  [update 0198] PPO update done in 29.71s
2026-03-27 05:53:43    [ckpt] removed old checkpoint: checkpoints_win_reward\policy_update_00195.pt
2026-03-27 05:53:43    [ckpt] saved → checkpoints_win_reward\policy_update_00198.pt  (keeping last 3)
2026-03-27 05:53:43  
2026-03-27 05:53:43  ╔══ update 0198 ════════════════════════════════════════════
2026-03-27 05:53:43  ║  Wall time     : 419.2s  (dist 0.07s | collect 386.29s | GAE 0.0206s | PPO 29.71s)
2026-03-27 05:53:43  ║  Simul rounds  : 1
2026-03-27 05:53:43  ║  Games finished:      2  (conquest 1, timeout 1)
2026-03-27 05:53:43  ║  Win rate      : 0.500
2026-03-27 05:53:43  ║  Avg ep length : 16384.0 steps
2026-03-27 05:53:43  ║  Avg reward/ep : 10.0000
2026-03-27 05:53:43  ║  p_loss        : 0.0089
2026-03-27 05:53:43  ║  v_loss        : 0.4282
2026-03-27 05:53:43  ║  entropy       : 1.5523
2026-03-27 05:53:43  ╚════════════════════════════════════════════════════════════
2026-03-27 05:53:43  
2026-03-27 06:00:13  
[update 0199] winner found after 1 simulation round(s)  (dist 0.152s | collect 390.34s)
2026-03-27 06:00:13  [update 0199] per-player GAE in 0.0221s
2026-03-27 06:01:41  [update 0199] PPO update done in 85.19s
2026-03-27 06:01:41    [ckpt] removed old checkpoint: checkpoints_win_reward\policy_update_00196.pt
2026-03-27 06:01:41    [ckpt] saved → checkpoints_win_reward\policy_update_00199.pt  (keeping last 3)
2026-03-27 06:01:41  
2026-03-27 06:01:41  ╔══ update 0199 ════════════════════════════════════════════
2026-03-27 06:01:41  ║  Wall time     : 478.8s  (dist 0.15s | collect 390.34s | GAE 0.0221s | PPO 85.19s)
2026-03-27 06:01:41  ║  Simul rounds  : 1
2026-03-27 06:01:41  ║  Games finished:      3  (conquest 3, timeout 0)
2026-03-27 06:01:41  ║  Win rate      : 1.000
2026-03-27 06:01:41  ║  Avg ep length : 10922.7 steps
2026-03-27 06:01:41  ║  Avg reward/ep : 20.0000
2026-03-27 06:01:41  ║  p_loss        : 0.0069
2026-03-27 06:01:41  ║  v_loss        : 0.4831
2026-03-27 06:01:41  ║  entropy       : 1.4227
2026-03-27 06:01:41  ╚════════════════════════════════════════════════════════════
2026-03-27 06:01:41  
2026-03-27 06:08:06  
[update 0200] winner found after 1 simulation round(s)  (dist 0.142s | collect 384.58s)
2026-03-27 06:08:06  [update 0200] per-player GAE in 0.0207s
2026-03-27 06:11:45  [update 0200] PPO update done in 215.87s
2026-03-27 06:11:45    [ckpt] removed old checkpoint: checkpoints_win_reward\policy_update_00197.pt
2026-03-27 06:11:45    [ckpt] saved → checkpoints_win_reward\policy_update_00200.pt  (keeping last 3)
2026-03-27 06:11:45  
2026-03-27 06:11:45  ╔══ update 0200 ════════════════════════════════════════════
2026-03-27 06:11:45  ║  Wall time     : 604.1s  (dist 0.14s | collect 384.58s | GAE 0.0207s | PPO 215.87s)
2026-03-27 06:11:45  ║  Simul rounds  : 1
2026-03-27 06:11:45  ║  Games finished:     12  (conquest 8, timeout 4)
2026-03-27 06:11:45  ║  Win rate      : 0.667
2026-03-27 06:11:45  ║  Avg ep length : 2730.7 steps
2026-03-27 06:11:45  ║  Avg reward/ep : 13.3333
2026-03-27 06:11:45  ║  p_loss        : 0.0063
2026-03-27 06:11:45  ║  v_loss        : 0.3781
2026-03-27 06:11:45  ║  entropy       : 1.4374
2026-03-27 06:11:45  ╚════════════════════════════════════════════════════════════
2026-03-27 06:11:45  
2026-03-27 06:18:07  
[update 0201] winner found after 1 simulation round(s)  (dist 0.148s | collect 381.07s)
2026-03-27 06:18:07  [update 0201] per-player GAE in 0.0209s
2026-03-27 06:20:30  [update 0201] PPO update done in 139.72s
2026-03-27 06:20:30    [ckpt] removed old checkpoint: checkpoints_win_reward\policy_update_00198.pt
2026-03-27 06:20:30    [ckpt] saved → checkpoints_win_reward\policy_update_00201.pt  (keeping last 3)
2026-03-27 06:20:30  
2026-03-27 06:20:30  ╔══ update 0201 ════════════════════════════════════════════
2026-03-27 06:20:30  ║  Wall time     : 524.7s  (dist 0.15s | collect 381.07s | GAE 0.0209s | PPO 139.72s)
2026-03-27 06:20:30  ║  Simul rounds  : 1
2026-03-27 06:20:30  ║  Games finished:      6  (conquest 6, timeout 0)
2026-03-27 06:20:30  ║  Win rate      : 1.000
2026-03-27 06:20:30  ║  Avg ep length : 5461.3 steps
2026-03-27 06:20:30  ║  Avg reward/ep : 20.0000
2026-03-27 06:20:30  ║  p_loss        : 0.0083
2026-03-27 06:20:30  ║  v_loss        : 0.3197
2026-03-27 06:20:30  ║  entropy       : 1.6877
2026-03-27 06:20:30  ╚════════════════════════════════════════════════════════════
2026-03-27 06:20:30  
2026-03-27 06:27:05  
[update 0202] winner found after 1 simulation round(s)  (dist 0.148s | collect 394.79s)
2026-03-27 06:27:05  [update 0202] per-player GAE in 0.0240s
2026-03-27 06:31:23  [update 0202] PPO update done in 255.02s
2026-03-27 06:31:24    [ckpt] removed old checkpoint: checkpoints_win_reward\policy_update_00199.pt
2026-03-27 06:31:24    [ckpt] saved → checkpoints_win_reward\policy_update_00202.pt  (keeping last 3)
2026-03-27 06:31:24  
2026-03-27 06:31:24  ╔══ update 0202 ════════════════════════════════════════════
2026-03-27 06:31:24  ║  Wall time     : 653.6s  (dist 0.15s | collect 394.79s | GAE 0.0240s | PPO 255.02s)
2026-03-27 06:31:24  ║  Simul rounds  : 1
2026-03-27 06:31:24  ║  Games finished:      9  (conquest 9, timeout 0)
2026-03-27 06:31:24  ║  Win rate      : 1.000
2026-03-27 06:31:24  ║  Avg ep length : 3640.9 steps
2026-03-27 06:31:24  ║  Avg reward/ep : 20.0000
2026-03-27 06:31:24  ║  p_loss        : 0.0085
2026-03-27 06:31:24  ║  v_loss        : 0.3674
2026-03-27 06:31:24  ║  entropy       : 1.4273
2026-03-27 06:31:24  ╚════════════════════════════════════════════════════════════
2026-03-27 06:31:24  
2026-03-27 06:37:48  
[update 0203] winner found after 1 simulation round(s)  (dist 0.156s | collect 384.24s)
2026-03-27 06:37:48  [update 0203] per-player GAE in 0.0216s
2026-03-27 06:42:09  [update 0203] PPO update done in 258.14s
2026-03-27 06:42:10    [ckpt] removed old checkpoint: checkpoints_win_reward\policy_update_00200.pt
2026-03-27 06:42:10    [ckpt] saved → checkpoints_win_reward\policy_update_00203.pt  (keeping last 3)
2026-03-27 06:42:10  
2026-03-27 06:42:10  ╔══ update 0203 ════════════════════════════════════════════
2026-03-27 06:42:10  ║  Wall time     : 646.0s  (dist 0.16s | collect 384.24s | GAE 0.0216s | PPO 258.14s)
2026-03-27 06:42:10  ║  Simul rounds  : 1
2026-03-27 06:42:10  ║  Games finished:     10  (conquest 10, timeout 0)
2026-03-27 06:42:10  ║  Win rate      : 1.000
2026-03-27 06:42:10  ║  Avg ep length : 3276.8 steps
2026-03-27 06:42:10  ║  Avg reward/ep : 20.0000
2026-03-27 06:42:10  ║  p_loss        : 0.0079
2026-03-27 06:42:10  ║  v_loss        : 0.3027
2026-03-27 06:42:10  ║  entropy       : 1.5797
2026-03-27 06:42:10  ╚════════════════════════════════════════════════════════════
2026-03-27 06:42:10  
2026-03-27 06:48:37  
[update 0204] winner found after 1 simulation round(s)  (dist 0.091s | collect 387.17s)
2026-03-27 06:48:37  [update 0204] per-player GAE in 0.0215s
2026-03-27 06:49:48  [update 0204] PPO update done in 68.27s
2026-03-27 06:49:48    [ckpt] removed old checkpoint: checkpoints_win_reward\policy_update_00201.pt
2026-03-27 06:49:48    [ckpt] saved → checkpoints_win_reward\policy_update_00204.pt  (keeping last 3)
2026-03-27 06:49:48  
2026-03-27 06:49:48  ╔══ update 0204 ════════════════════════════════════════════
2026-03-27 06:49:48  ║  Wall time     : 458.6s  (dist 0.09s | collect 387.17s | GAE 0.0215s | PPO 68.27s)
2026-03-27 06:49:48  ║  Simul rounds  : 1
2026-03-27 06:49:48  ║  Games finished:      4  (conquest 2, timeout 2)
2026-03-27 06:49:48  ║  Win rate      : 0.500
2026-03-27 06:49:48  ║  Avg ep length : 8192.0 steps
2026-03-27 06:49:48  ║  Avg reward/ep : 12.5000
2026-03-27 06:49:48  ║  p_loss        : 0.0074
2026-03-27 06:49:48  ║  v_loss        : 0.1687
2026-03-27 06:49:48  ║  entropy       : 1.5701
2026-03-27 06:49:48  ╚════════════════════════════════════════════════════════════
2026-03-27 06:49:48  
2026-03-27 06:56:28  
[update 0205] winner found after 1 simulation round(s)  (dist 0.147s | collect 399.72s)
2026-03-27 06:56:28  [update 0205] per-player GAE in 0.0203s
2026-03-27 06:59:16  [update 0205] PPO update done in 163.93s
2026-03-27 06:59:16    [ckpt] removed old checkpoint: checkpoints_win_reward\policy_update_00202.pt
2026-03-27 06:59:16    [ckpt] saved → checkpoints_win_reward\policy_update_00205.pt  (keeping last 3)
2026-03-27 06:59:16  
2026-03-27 06:59:16  ╔══ update 0205 ════════════════════════════════════════════
2026-03-27 06:59:16  ║  Wall time     : 567.4s  (dist 0.15s | collect 399.72s | GAE 0.0203s | PPO 163.93s)
2026-03-27 06:59:16  ║  Simul rounds  : 1
2026-03-27 06:59:16  ║  Games finished:      5  (conquest 4, timeout 1)
2026-03-27 06:59:16  ║  Win rate      : 0.800
2026-03-27 06:59:16  ║  Avg ep length : 6553.6 steps
2026-03-27 06:59:16  ║  Avg reward/ep : 16.0000
2026-03-27 06:59:16  ║  p_loss        : 0.0110
2026-03-27 06:59:16  ║  v_loss        : 0.1491
2026-03-27 06:59:16  ║  entropy       : 2.0119
2026-03-27 06:59:16  ╚════════════════════════════════════════════════════════════
2026-03-27 06:59:16  
2026-03-27 07:06:00  
[update 0206] winner found after 1 simulation round(s)  (dist 0.151s | collect 403.57s)
2026-03-27 07:06:00  [update 0206] per-player GAE in 0.0215s
2026-03-27 07:11:25  [update 0206] PPO update done in 322.20s
2026-03-27 07:11:26    [ckpt] removed old checkpoint: checkpoints_win_reward\policy_update_00203.pt
2026-03-27 07:11:26    [ckpt] saved → checkpoints_win_reward\policy_update_00206.pt  (keeping last 3)
2026-03-27 07:11:26  
2026-03-27 07:11:26  ╔══ update 0206 ════════════════════════════════════════════
2026-03-27 07:11:26  ║  Wall time     : 729.8s  (dist 0.15s | collect 403.57s | GAE 0.0215s | PPO 322.20s)
2026-03-27 07:11:26  ║  Simul rounds  : 1
2026-03-27 07:11:26  ║  Games finished:     11  (conquest 10, timeout 1)
2026-03-27 07:11:26  ║  Win rate      : 0.909
2026-03-27 07:11:26  ║  Avg ep length : 2978.9 steps
2026-03-27 07:11:26  ║  Avg reward/ep : 18.1818
2026-03-27 07:11:26  ║  p_loss        : 0.0079
2026-03-27 07:11:26  ║  v_loss        : 0.2289
2026-03-27 07:11:26  ║  entropy       : 1.6784
2026-03-27 07:11:26  ╚════════════════════════════════════════════════════════════
2026-03-27 07:11:26  
2026-03-27 07:17:52  
[update 0207] winner found after 1 simulation round(s)  (dist 0.113s | collect 386.01s)
2026-03-27 07:17:52  [update 0207] per-player GAE in 0.0215s
2026-03-27 07:23:36  [update 0207] PPO update done in 340.84s
2026-03-27 07:23:36    [ckpt] removed old checkpoint: checkpoints_win_reward\policy_update_00204.pt
2026-03-27 07:23:36    [ckpt] saved → checkpoints_win_reward\policy_update_00207.pt  (keeping last 3)
2026-03-27 07:23:36  
2026-03-27 07:23:36  ╔══ update 0207 ════════════════════════════════════════════
2026-03-27 07:23:36  ║  Wall time     : 730.7s  (dist 0.11s | collect 386.01s | GAE 0.0215s | PPO 340.84s)
2026-03-27 07:23:36  ║  Simul rounds  : 1
2026-03-27 07:23:36  ║  Games finished:     14  (conquest 12, timeout 2)
2026-03-27 07:23:36  ║  Win rate      : 0.857
2026-03-27 07:23:36  ║  Avg ep length : 2340.6 steps
2026-03-27 07:23:36  ║  Avg reward/ep : 17.1429
2026-03-27 07:23:36  ║  p_loss        : 0.0044
2026-03-27 07:23:36  ║  v_loss        : 0.3862
2026-03-27 07:23:36  ║  entropy       : 1.7486
2026-03-27 07:23:36  ╚════════════════════════════════════════════════════════════
2026-03-27 07:23:36  
2026-03-27 07:29:57  
[update 0208] winner found after 1 simulation round(s)  (dist 0.076s | collect 380.36s)
2026-03-27 07:29:57  [update 0208] per-player GAE in 0.0242s
2026-03-27 07:35:31  [update 0208] PPO update done in 330.96s
2026-03-27 07:35:32    [ckpt] removed old checkpoint: checkpoints_win_reward\policy_update_00205.pt
2026-03-27 07:35:32    [ckpt] saved → checkpoints_win_reward\policy_update_00208.pt  (keeping last 3)
2026-03-27 07:35:32  
2026-03-27 07:35:32  ╔══ update 0208 ════════════════════════════════════════════
2026-03-27 07:35:32  ║  Wall time     : 715.3s  (dist 0.08s | collect 380.36s | GAE 0.0242s | PPO 330.96s)
2026-03-27 07:35:32  ║  Simul rounds  : 1
2026-03-27 07:35:32  ║  Games finished:     14  (conquest 9, timeout 5)
2026-03-27 07:35:32  ║  Win rate      : 0.643
2026-03-27 07:35:32  ║  Avg ep length : 2340.6 steps
2026-03-27 07:35:32  ║  Avg reward/ep : 12.8571
2026-03-27 07:35:32  ║  p_loss        : 0.0068
2026-03-27 07:35:32  ║  v_loss        : 0.2934
2026-03-27 07:35:32  ║  entropy       : 1.4585
2026-03-27 07:35:32  ╚════════════════════════════════════════════════════════════
2026-03-27 07:35:32  
2026-03-27 07:41:26  
[update 0209] winner found after 1 simulation round(s)  (dist 0.077s | collect 354.28s)
2026-03-27 07:41:26  [update 0209] per-player GAE in 0.0216s
2026-03-27 07:48:57  [update 0209] PPO update done in 447.37s
2026-03-27 07:48:58    [ckpt] removed old checkpoint: checkpoints_win_reward\policy_update_00206.pt
2026-03-27 07:48:58    [ckpt] saved → checkpoints_win_reward\policy_update_00209.pt  (keeping last 3)
2026-03-27 07:48:58  
2026-03-27 07:48:58  ╔══ update 0209 ════════════════════════════════════════════
2026-03-27 07:48:58  ║  Wall time     : 806.1s  (dist 0.08s | collect 354.28s | GAE 0.0216s | PPO 447.37s)
2026-03-27 07:48:58  ║  Simul rounds  : 1
2026-03-27 07:48:58  ║  Games finished:     14  (conquest 12, timeout 2)
2026-03-27 07:48:58  ║  Win rate      : 0.857
2026-03-27 07:48:58  ║  Avg ep length : 2340.6 steps
2026-03-27 07:48:58  ║  Avg reward/ep : 17.1429
2026-03-27 07:48:58  ║  p_loss        : 0.0026
2026-03-27 07:48:58  ║  v_loss        : 0.2673
2026-03-27 07:48:58  ║  entropy       : 1.7312
2026-03-27 07:48:58  ╚════════════════════════════════════════════════════════════
2026-03-27 07:48:58  
2026-03-27 07:54:57  
[update 0210] winner found after 1 simulation round(s)  (dist 0.150s | collect 359.02s)
2026-03-27 07:54:57  [update 0210] per-player GAE in 0.0205s
2026-03-27 07:58:18  [update 0210] PPO update done in 198.60s
2026-03-27 07:58:19    [ckpt] removed old checkpoint: checkpoints_win_reward\policy_update_00207.pt
2026-03-27 07:58:19    [ckpt] saved → checkpoints_win_reward\policy_update_00210.pt  (keeping last 3)
2026-03-27 07:58:19  
2026-03-27 07:58:19  ╔══ update 0210 ════════════════════════════════════════════
2026-03-27 07:58:19  ║  Wall time     : 561.0s  (dist 0.15s | collect 359.02s | GAE 0.0205s | PPO 198.60s)
2026-03-27 07:58:19  ║  Simul rounds  : 1
2026-03-27 07:58:19  ║  Games finished:      8  (conquest 7, timeout 1)
2026-03-27 07:58:19  ║  Win rate      : 0.875
2026-03-27 07:58:19  ║  Avg ep length : 4096.0 steps
2026-03-27 07:58:19  ║  Avg reward/ep : 17.5000
2026-03-27 07:58:19  ║  p_loss        : 0.0046
2026-03-27 07:58:19  ║  v_loss        : 0.4297
2026-03-27 07:58:19  ║  entropy       : 1.7711
2026-03-27 07:58:19  ╚════════════════════════════════════════════════════════════
2026-03-27 07:58:19  
2026-03-27 08:04:41  
[update 0211] winner found after 1 simulation round(s)  (dist 0.070s | collect 382.70s)
2026-03-27 08:04:42  [update 0211] per-player GAE in 0.0220s
2026-03-27 08:11:33  [update 0211] PPO update done in 408.19s
2026-03-27 08:11:34    [ckpt] removed old checkpoint: checkpoints_win_reward\policy_update_00208.pt
2026-03-27 08:11:34    [ckpt] saved → checkpoints_win_reward\policy_update_00211.pt  (keeping last 3)
2026-03-27 08:11:34  
2026-03-27 08:11:34  ╔══ update 0211 ════════════════════════════════════════════
2026-03-27 08:11:34  ║  Wall time     : 795.1s  (dist 0.07s | collect 382.70s | GAE 0.0220s | PPO 408.19s)
2026-03-27 08:11:34  ║  Simul rounds  : 1
2026-03-27 08:11:34  ║  Games finished:     15  (conquest 14, timeout 1)
2026-03-27 08:11:34  ║  Win rate      : 0.933
2026-03-27 08:11:34  ║  Avg ep length : 2184.5 steps
2026-03-27 08:11:34  ║  Avg reward/ep : 18.6667
2026-03-27 08:11:34  ║  p_loss        : 0.0079
2026-03-27 08:11:34  ║  v_loss        : 0.3566
2026-03-27 08:11:34  ║  entropy       : 1.6962
2026-03-27 08:11:34  ╚════════════════════════════════════════════════════════════
2026-03-27 08:11:34  
2026-03-27 08:17:18  
[update 0212] winner found after 1 simulation round(s)  (dist 0.142s | collect 344.09s)
2026-03-27 08:17:18  [update 0212] per-player GAE in 0.0223s
2026-03-27 08:25:07  [update 0212] PPO update done in 465.04s
2026-03-27 08:25:08    [ckpt] removed old checkpoint: checkpoints_win_reward\policy_update_00209.pt
2026-03-27 08:25:08    [ckpt] saved → checkpoints_win_reward\policy_update_00212.pt  (keeping last 3)
2026-03-27 08:25:08  
2026-03-27 08:25:08  ╔══ update 0212 ════════════════════════════════════════════
2026-03-27 08:25:08  ║  Wall time     : 813.8s  (dist 0.14s | collect 344.09s | GAE 0.0223s | PPO 465.04s)
2026-03-27 08:25:08  ║  Simul rounds  : 1
2026-03-27 08:25:08  ║  Games finished:     18  (conquest 17, timeout 1)
2026-03-27 08:25:08  ║  Win rate      : 0.944
2026-03-27 08:25:08  ║  Avg ep length : 1820.4 steps
2026-03-27 08:25:08  ║  Avg reward/ep : 18.8889
2026-03-27 08:25:08  ║  p_loss        : 0.0065
2026-03-27 08:25:08  ║  v_loss        : 0.3588
2026-03-27 08:25:08  ║  entropy       : 1.6465
2026-03-27 08:25:08  ╚════════════════════════════════════════════════════════════
2026-03-27 08:25:08  
2026-03-27 08:31:04  
[update 0213] winner found after 1 simulation round(s)  (dist 0.151s | collect 355.94s)
2026-03-27 08:31:04  [update 0213] per-player GAE in 0.0220s
2026-03-27 08:37:49  [update 0213] PPO update done in 401.96s
2026-03-27 08:37:50    [ckpt] removed old checkpoint: checkpoints_win_reward\policy_update_00210.pt
2026-03-27 08:37:50    [ckpt] saved → checkpoints_win_reward\policy_update_00213.pt  (keeping last 3)
2026-03-27 08:37:50  
2026-03-27 08:37:50  ╔══ update 0213 ════════════════════════════════════════════
2026-03-27 08:37:50  ║  Wall time     : 762.4s  (dist 0.15s | collect 355.94s | GAE 0.0220s | PPO 401.96s)
2026-03-27 08:37:50  ║  Simul rounds  : 1
2026-03-27 08:37:50  ║  Games finished:     18  (conquest 16, timeout 2)
2026-03-27 08:37:50  ║  Win rate      : 0.889
2026-03-27 08:37:50  ║  Avg ep length : 1820.4 steps
2026-03-27 08:37:50  ║  Avg reward/ep : 17.7778
2026-03-27 08:37:50  ║  p_loss        : 0.0060
2026-03-27 08:37:50  ║  v_loss        : 0.2958
2026-03-27 08:37:50  ║  entropy       : 1.7116
2026-03-27 08:37:50  ╚════════════════════════════════════════════════════════════
2026-03-27 08:37:50  
2026-03-27 08:44:06  
[update 0214] winner found after 1 simulation round(s)  (dist 0.141s | collect 375.40s)
2026-03-27 08:44:06  [update 0214] per-player GAE in 0.0210s
2026-03-27 08:48:48  [update 0214] PPO update done in 279.10s
2026-03-27 08:48:48    [ckpt] removed old checkpoint: checkpoints_win_reward\policy_update_00211.pt
2026-03-27 08:48:48    [ckpt] saved → checkpoints_win_reward\policy_update_00214.pt  (keeping last 3)
2026-03-27 08:48:48  
2026-03-27 08:48:48  ╔══ update 0214 ════════════════════════════════════════════
2026-03-27 08:48:48  ║  Wall time     : 658.4s  (dist 0.14s | collect 375.40s | GAE 0.0210s | PPO 279.10s)
2026-03-27 08:48:48  ║  Simul rounds  : 1
2026-03-27 08:48:48  ║  Games finished:     13  (conquest 13, timeout 0)
2026-03-27 08:48:48  ║  Win rate      : 1.000
2026-03-27 08:48:48  ║  Avg ep length : 2520.6 steps
2026-03-27 08:48:48  ║  Avg reward/ep : 20.0000
2026-03-27 08:48:48  ║  p_loss        : 0.0068
2026-03-27 08:48:48  ║  v_loss        : 0.4308
2026-03-27 08:48:48  ║  entropy       : 1.7050
2026-03-27 08:48:48  ╚════════════════════════════════════════════════════════════
2026-03-27 08:48:48  
2026-03-27 08:54:51  
[update 0215] winner found after 1 simulation round(s)  (dist 0.073s | collect 362.52s)
2026-03-27 08:54:51  [update 0215] per-player GAE in 0.0219s
2026-03-27 08:58:11  [update 0215] PPO update done in 197.02s
2026-03-27 08:58:12    [ckpt] removed old checkpoint: checkpoints_win_reward\policy_update_00212.pt
2026-03-27 08:58:12    [ckpt] saved → checkpoints_win_reward\policy_update_00215.pt  (keeping last 3)
2026-03-27 08:58:12  
2026-03-27 08:58:12  ╔══ update 0215 ════════════════════════════════════════════
2026-03-27 08:58:12  ║  Wall time     : 563.3s  (dist 0.07s | collect 362.52s | GAE 0.0219s | PPO 197.02s)
2026-03-27 08:58:12  ║  Simul rounds  : 1
2026-03-27 08:58:12  ║  Games finished:      6  (conquest 6, timeout 0)
2026-03-27 08:58:12  ║  Win rate      : 1.000
2026-03-27 08:58:12  ║  Avg ep length : 5461.3 steps
2026-03-27 08:58:12  ║  Avg reward/ep : 20.0000
2026-03-27 08:58:12  ║  p_loss        : 0.0000
2026-03-27 08:58:12  ║  v_loss        : 0.4315
2026-03-27 08:58:12  ║  entropy       : 1.6751
2026-03-27 08:58:12  ╚════════════════════════════════════════════════════════════
2026-03-27 08:58:12  
2026-03-27 09:03:55  
[update 0216] winner found after 1 simulation round(s)  (dist 0.134s | collect 343.35s)
2026-03-27 09:03:55  [update 0216] per-player GAE in 0.0217s
2026-03-27 09:08:45  [update 0216] PPO update done in 286.50s
2026-03-27 09:08:46    [ckpt] removed old checkpoint: checkpoints_win_reward\policy_update_00213.pt
2026-03-27 09:08:46    [ckpt] saved → checkpoints_win_reward\policy_update_00216.pt  (keeping last 3)
2026-03-27 09:08:46  
2026-03-27 09:08:46  ╔══ update 0216 ════════════════════════════════════════════
2026-03-27 09:08:46  ║  Wall time     : 634.0s  (dist 0.13s | collect 343.35s | GAE 0.0217s | PPO 286.50s)
2026-03-27 09:08:46  ║  Simul rounds  : 1
2026-03-27 09:08:46  ║  Games finished:     17  (conquest 17, timeout 0)
2026-03-27 09:08:46  ║  Win rate      : 1.000
2026-03-27 09:08:46  ║  Avg ep length : 1927.5 steps
2026-03-27 09:08:46  ║  Avg reward/ep : 20.0000
2026-03-27 09:08:46  ║  p_loss        : 0.0076
2026-03-27 09:08:46  ║  v_loss        : 0.6608
2026-03-27 09:08:46  ║  entropy       : 1.7121
2026-03-27 09:08:46  ╚════════════════════════════════════════════════════════════
2026-03-27 09:08:46  
2026-03-27 09:14:29  
[update 0217] winner found after 1 simulation round(s)  (dist 0.078s | collect 342.74s)
2026-03-27 09:14:29  [update 0217] per-player GAE in 0.0216s
2026-03-27 09:19:31  [update 0217] PPO update done in 298.36s
2026-03-27 09:19:31    [ckpt] removed old checkpoint: checkpoints_win_reward\policy_update_00214.pt
2026-03-27 09:19:31    [ckpt] saved → checkpoints_win_reward\policy_update_00217.pt  (keeping last 3)
2026-03-27 09:19:31  
2026-03-27 09:19:31  ╔══ update 0217 ════════════════════════════════════════════
2026-03-27 09:19:31  ║  Wall time     : 645.5s  (dist 0.08s | collect 342.74s | GAE 0.0216s | PPO 298.36s)
2026-03-27 09:19:31  ║  Simul rounds  : 1
2026-03-27 09:19:31  ║  Games finished:     14  (conquest 13, timeout 1)
2026-03-27 09:19:31  ║  Win rate      : 0.929
2026-03-27 09:19:31  ║  Avg ep length : 2340.6 steps
2026-03-27 09:19:31  ║  Avg reward/ep : 18.5714
2026-03-27 09:19:31  ║  p_loss        : 0.0070
2026-03-27 09:19:31  ║  v_loss        : 0.3263
2026-03-27 09:19:31  ║  entropy       : 1.6446
2026-03-27 09:19:31  ╚════════════════════════════════════════════════════════════
2026-03-27 09:19:31  
2026-03-27 09:25:21  
[update 0218] winner found after 1 simulation round(s)  (dist 0.086s | collect 349.28s)
2026-03-27 09:25:21  [update 0218] per-player GAE in 0.0227s
2026-03-27 09:26:54  [update 0218] PPO update done in 90.42s
2026-03-27 09:26:54    [ckpt] removed old checkpoint: checkpoints_win_reward\policy_update_00215.pt
2026-03-27 09:26:54    [ckpt] saved → checkpoints_win_reward\policy_update_00218.pt  (keeping last 3)
2026-03-27 09:26:54  
2026-03-27 09:26:54  ╔══ update 0218 ════════════════════════════════════════════
2026-03-27 09:26:54  ║  Wall time     : 443.0s  (dist 0.09s | collect 349.28s | GAE 0.0227s | PPO 90.42s)
2026-03-27 09:26:54  ║  Simul rounds  : 1
2026-03-27 09:26:54  ║  Games finished:      3  (conquest 3, timeout 0)
2026-03-27 09:26:54  ║  Win rate      : 1.000
2026-03-27 09:26:54  ║  Avg ep length : 10922.7 steps
2026-03-27 09:26:54  ║  Avg reward/ep : 20.0000
2026-03-27 09:26:54  ║  p_loss        : 0.0067
2026-03-27 09:26:54  ║  v_loss        : 0.1895
2026-03-27 09:26:54  ║  entropy       : 1.6084
2026-03-27 09:26:54  ╚════════════════════════════════════════════════════════════
2026-03-27 09:26:54  
2026-03-27 09:32:47  
[update 0219] winner found after 1 simulation round(s)  (dist 0.146s | collect 352.51s)
2026-03-27 09:32:47  [update 0219] per-player GAE in 0.0252s
2026-03-27 09:34:40  [update 0219] PPO update done in 110.35s
2026-03-27 09:34:40    [ckpt] removed old checkpoint: checkpoints_win_reward\policy_update_00216.pt
2026-03-27 09:34:40    [ckpt] saved → checkpoints_win_reward\policy_update_00219.pt  (keeping last 3)
2026-03-27 09:34:40  
2026-03-27 09:34:40  ╔══ update 0219 ════════════════════════════════════════════
2026-03-27 09:34:40  ║  Wall time     : 466.1s  (dist 0.15s | collect 352.51s | GAE 0.0252s | PPO 110.35s)
2026-03-27 09:34:40  ║  Simul rounds  : 1
2026-03-27 09:34:40  ║  Games finished:      4  (conquest 3, timeout 1)
2026-03-27 09:34:40  ║  Win rate      : 0.750
2026-03-27 09:34:40  ║  Avg ep length : 8192.0 steps
2026-03-27 09:34:40  ║  Avg reward/ep : 15.0000
2026-03-27 09:34:40  ║  p_loss        : 0.0073
2026-03-27 09:34:40  ║  v_loss        : 0.4426
2026-03-27 09:34:40  ║  entropy       : 1.5270
2026-03-27 09:34:40  ╚════════════════════════════════════════════════════════════
2026-03-27 09:34:40  
2026-03-27 09:40:53  
[update 0220] winner found after 1 simulation round(s)  (dist 0.140s | collect 372.06s)
2026-03-27 09:40:53  [update 0220] per-player GAE in 0.0215s
2026-03-27 09:43:34  [update 0220] PPO update done in 158.02s
2026-03-27 09:43:34    [ckpt] removed old checkpoint: checkpoints_win_reward\policy_update_00217.pt
2026-03-27 09:43:34    [ckpt] saved → checkpoints_win_reward\policy_update_00220.pt  (keeping last 3)
2026-03-27 09:43:34  
2026-03-27 09:43:34  ╔══ update 0220 ════════════════════════════════════════════
2026-03-27 09:43:34  ║  Wall time     : 533.6s  (dist 0.14s | collect 372.06s | GAE 0.0215s | PPO 158.02s)
2026-03-27 09:43:34  ║  Simul rounds  : 1
2026-03-27 09:43:34  ║  Games finished:      7  (conquest 7, timeout 0)
2026-03-27 09:43:34  ║  Win rate      : 1.000
2026-03-27 09:43:34  ║  Avg ep length : 4681.1 steps
2026-03-27 09:43:34  ║  Avg reward/ep : 20.0000
2026-03-27 09:43:34  ║  p_loss        : 0.0097
2026-03-27 09:43:34  ║  v_loss        : 0.3462
2026-03-27 09:43:34  ║  entropy       : 1.5459
2026-03-27 09:43:34  ╚════════════════════════════════════════════════════════════
2026-03-27 09:43:34  
2026-03-27 09:49:52  
[update 0221] winner found after 1 simulation round(s)  (dist 0.074s | collect 378.09s)
2026-03-27 09:49:52  [update 0221] per-player GAE in 0.0225s
2026-03-27 09:52:32  [update 0221] PPO update done in 156.52s
2026-03-27 09:52:32    [ckpt] removed old checkpoint: checkpoints_win_reward\policy_update_00218.pt
2026-03-27 09:52:32    [ckpt] saved → checkpoints_win_reward\policy_update_00221.pt  (keeping last 3)
2026-03-27 09:52:32  
2026-03-27 09:52:32  ╔══ update 0221 ════════════════════════════════════════════
2026-03-27 09:52:32  ║  Wall time     : 538.1s  (dist 0.07s | collect 378.09s | GAE 0.0225s | PPO 156.52s)
2026-03-27 09:52:32  ║  Simul rounds  : 1
2026-03-27 09:52:32  ║  Games finished:      6  (conquest 5, timeout 1)
2026-03-27 09:52:32  ║  Win rate      : 0.833
2026-03-27 09:52:32  ║  Avg ep length : 5461.3 steps
2026-03-27 09:52:32  ║  Avg reward/ep : 16.6667
2026-03-27 09:52:32  ║  p_loss        : 0.0148
2026-03-27 09:52:32  ║  v_loss        : 0.3628
2026-03-27 09:52:32  ║  entropy       : 1.4570
2026-03-27 09:52:32  ╚════════════════════════════════════════════════════════════
2026-03-27 09:52:32  
2026-03-27 09:58:45  
[update 0222] winner found after 1 simulation round(s)  (dist 0.158s | collect 372.28s)
2026-03-27 09:58:45  [update 0222] per-player GAE in 0.0211s
2026-03-27 10:04:41  [update 0222] PPO update done in 353.36s
2026-03-27 10:04:42    [ckpt] removed old checkpoint: checkpoints_win_reward\policy_update_00219.pt
2026-03-27 10:04:42    [ckpt] saved → checkpoints_win_reward\policy_update_00222.pt  (keeping last 3)
2026-03-27 10:04:42  
2026-03-27 10:04:42  ╔══ update 0222 ════════════════════════════════════════════
2026-03-27 10:04:42  ║  Wall time     : 729.9s  (dist 0.16s | collect 372.28s | GAE 0.0211s | PPO 353.36s)
2026-03-27 10:04:42  ║  Simul rounds  : 1
2026-03-27 10:04:42  ║  Games finished:     14  (conquest 14, timeout 0)
2026-03-27 10:04:42  ║  Win rate      : 1.000
2026-03-27 10:04:42  ║  Avg ep length : 2340.6 steps
2026-03-27 10:04:42  ║  Avg reward/ep : 20.0000
2026-03-27 10:04:42  ║  p_loss        : 0.0073
2026-03-27 10:04:42  ║  v_loss        : 0.3614
2026-03-27 10:04:42  ║  entropy       : 1.4191
2026-03-27 10:04:42  ╚════════════════════════════════════════════════════════════
2026-03-27 10:04:42  
2026-03-27 10:10:56  
[update 0223] winner found after 1 simulation round(s)  (dist 0.133s | collect 374.06s)
2026-03-27 10:10:56  [update 0223] per-player GAE in 0.0220s
2026-03-27 10:12:59  [update 0223] PPO update done in 119.06s
2026-03-27 10:12:59    [ckpt] removed old checkpoint: checkpoints_win_reward\policy_update_00220.pt
2026-03-27 10:12:59    [ckpt] saved → checkpoints_win_reward\policy_update_00223.pt  (keeping last 3)
2026-03-27 10:12:59  
2026-03-27 10:12:59  ╔══ update 0223 ════════════════════════════════════════════
2026-03-27 10:12:59  ║  Wall time     : 496.9s  (dist 0.13s | collect 374.06s | GAE 0.0220s | PPO 119.06s)
2026-03-27 10:12:59  ║  Simul rounds  : 1
2026-03-27 10:12:59  ║  Games finished:      6  (conquest 4, timeout 2)
2026-03-27 10:12:59  ║  Win rate      : 0.667
2026-03-27 10:12:59  ║  Avg ep length : 5461.3 steps
2026-03-27 10:12:59  ║  Avg reward/ep : 13.3333
2026-03-27 10:12:59  ║  p_loss        : 0.0085
2026-03-27 10:12:59  ║  v_loss        : 0.1932
2026-03-27 10:12:59  ║  entropy       : 1.6501
2026-03-27 10:12:59  ╚════════════════════════════════════════════════════════════
2026-03-27 10:12:59  
2026-03-27 10:18:55  
[update 0224] winner found after 1 simulation round(s)  (dist 0.088s | collect 356.42s)
2026-03-27 10:18:55  [update 0224] per-player GAE in 0.0254s
2026-03-27 10:20:08  [update 0224] PPO update done in 69.16s
2026-03-27 10:20:08    [ckpt] removed old checkpoint: checkpoints_win_reward\policy_update_00221.pt
2026-03-27 10:20:08    [ckpt] saved → checkpoints_win_reward\policy_update_00224.pt  (keeping last 3)
2026-03-27 10:20:08  
2026-03-27 10:20:08  ╔══ update 0224 ════════════════════════════════════════════
2026-03-27 10:20:08  ║  Wall time     : 429.1s  (dist 0.09s | collect 356.42s | GAE 0.0254s | PPO 69.16s)
2026-03-27 10:20:08  ║  Simul rounds  : 1
2026-03-27 10:20:08  ║  Games finished:      2  (conquest 2, timeout 0)
2026-03-27 10:20:08  ║  Win rate      : 1.000
2026-03-27 10:20:08  ║  Avg ep length : 16384.0 steps
2026-03-27 10:20:08  ║  Avg reward/ep : 20.0000
2026-03-27 10:20:08  ║  p_loss        : 0.0099
2026-03-27 10:20:08  ║  v_loss        : 0.2297
2026-03-27 10:20:08  ║  entropy       : 1.5702
2026-03-27 10:20:08  ╚════════════════════════════════════════════════════════════
2026-03-27 10:20:08  
2026-03-27 10:26:28  
[update 0225] winner found after 1 simulation round(s)  (dist 0.146s | collect 379.56s)
2026-03-27 10:26:28  [update 0225] per-player GAE in 0.0220s
2026-03-27 10:29:25  [update 0225] PPO update done in 173.93s
2026-03-27 10:29:25    [ckpt] removed old checkpoint: checkpoints_win_reward\policy_update_00222.pt
2026-03-27 10:29:25    [ckpt] saved → checkpoints_win_reward\policy_update_00225.pt  (keeping last 3)
2026-03-27 10:29:25  
2026-03-27 10:29:25  ╔══ update 0225 ════════════════════════════════════════════
2026-03-27 10:29:25  ║  Wall time     : 557.3s  (dist 0.15s | collect 379.56s | GAE 0.0220s | PPO 173.93s)
2026-03-27 10:29:25  ║  Simul rounds  : 1
2026-03-27 10:29:25  ║  Games finished:     10  (conquest 7, timeout 3)
2026-03-27 10:29:25  ║  Win rate      : 0.700
2026-03-27 10:29:25  ║  Avg ep length : 3276.8 steps
2026-03-27 10:29:25  ║  Avg reward/ep : 14.0000
2026-03-27 10:29:25  ║  p_loss        : 0.0058
2026-03-27 10:29:25  ║  v_loss        : 0.4643
2026-03-27 10:29:25  ║  entropy       : 1.5241
2026-03-27 10:29:25  ╚════════════════════════════════════════════════════════════
2026-03-27 10:29:25  
2026-03-27 10:36:00  
[update 0226] winner found after 1 simulation round(s)  (dist 0.079s | collect 394.86s)
2026-03-27 10:36:00  [update 0226] per-player GAE in 0.0214s
2026-03-27 10:37:39  [update 0226] PPO update done in 96.08s
2026-03-27 10:37:40    [ckpt] removed old checkpoint: checkpoints_win_reward\policy_update_00223.pt
2026-03-27 10:37:40    [ckpt] saved → checkpoints_win_reward\policy_update_00226.pt  (keeping last 3)
2026-03-27 10:37:40  
2026-03-27 10:37:40  ╔══ update 0226 ════════════════════════════════════════════
2026-03-27 10:37:40  ║  Wall time     : 494.3s  (dist 0.08s | collect 394.86s | GAE 0.0214s | PPO 96.08s)
2026-03-27 10:37:40  ║  Simul rounds  : 1
2026-03-27 10:37:40  ║  Games finished:      7  (conquest 5, timeout 2)
2026-03-27 10:37:40  ║  Win rate      : 0.714
2026-03-27 10:37:40  ║  Avg ep length : 4681.1 steps
2026-03-27 10:37:40  ║  Avg reward/ep : 14.2857
2026-03-27 10:37:40  ║  p_loss        : 0.0065
2026-03-27 10:37:40  ║  v_loss        : 0.4785
2026-03-27 10:37:40  ║  entropy       : 1.4863
2026-03-27 10:37:40  ╚════════════════════════════════════════════════════════════
2026-03-27 10:37:40  
2026-03-27 10:43:30  
[update 0227] winner found after 1 simulation round(s)  (dist 0.138s | collect 350.68s)
2026-03-27 10:43:30  [update 0227] per-player GAE in 0.0221s
2026-03-27 10:46:45  [update 0227] PPO update done in 191.74s
2026-03-27 10:46:46    [ckpt] removed old checkpoint: checkpoints_win_reward\policy_update_00224.pt
2026-03-27 10:46:46    [ckpt] saved → checkpoints_win_reward\policy_update_00227.pt  (keeping last 3)
2026-03-27 10:46:46  
2026-03-27 10:46:46  ╔══ update 0227 ════════════════════════════════════════════
2026-03-27 10:46:46  ║  Wall time     : 546.2s  (dist 0.14s | collect 350.68s | GAE 0.0221s | PPO 191.74s)
2026-03-27 10:46:46  ║  Simul rounds  : 1
2026-03-27 10:46:46  ║  Games finished:     13  (conquest 10, timeout 3)
2026-03-27 10:46:46  ║  Win rate      : 0.769
2026-03-27 10:46:46  ║  Avg ep length : 2520.6 steps
2026-03-27 10:46:46  ║  Avg reward/ep : 15.3846
2026-03-27 10:46:46  ║  p_loss        : 0.0068
2026-03-27 10:46:46  ║  v_loss        : 0.3697
2026-03-27 10:46:46  ║  entropy       : 1.3822
2026-03-27 10:46:46  ╚════════════════════════════════════════════════════════════
2026-03-27 10:46:46  
2026-03-27 10:52:42  
[update 0228] winner found after 1 simulation round(s)  (dist 0.081s | collect 356.16s)
2026-03-27 10:52:42  [update 0228] per-player GAE in 0.0215s
2026-03-27 10:54:49  [update 0228] PPO update done in 124.60s
2026-03-27 10:54:50    [ckpt] removed old checkpoint: checkpoints_win_reward\policy_update_00225.pt
2026-03-27 10:54:50    [ckpt] saved → checkpoints_win_reward\policy_update_00228.pt  (keeping last 3)
2026-03-27 10:54:50  
2026-03-27 10:54:50  ╔══ update 0228 ════════════════════════════════════════════
2026-03-27 10:54:50  ║  Wall time     : 483.9s  (dist 0.08s | collect 356.16s | GAE 0.0215s | PPO 124.60s)
2026-03-27 10:54:50  ║  Simul rounds  : 1
2026-03-27 10:54:50  ║  Games finished:      6  (conquest 5, timeout 1)
2026-03-27 10:54:50  ║  Win rate      : 0.833
2026-03-27 10:54:50  ║  Avg ep length : 5461.3 steps
2026-03-27 10:54:50  ║  Avg reward/ep : 16.6667
2026-03-27 10:54:50  ║  p_loss        : 0.0014
2026-03-27 10:54:50  ║  v_loss        : 0.5236
2026-03-27 10:54:50  ║  entropy       : 1.2978
2026-03-27 10:54:50  ╚════════════════════════════════════════════════════════════
2026-03-27 10:54:50  
2026-03-27 11:01:11  
[update 0229] winner found after 1 simulation round(s)  (dist 0.149s | collect 380.90s)
2026-03-27 11:01:11  [update 0229] per-player GAE in 0.0235s
2026-03-27 11:04:54  [update 0229] PPO update done in 220.16s
2026-03-27 11:04:54    [ckpt] removed old checkpoint: checkpoints_win_reward\policy_update_00226.pt
2026-03-27 11:04:54    [ckpt] saved → checkpoints_win_reward\policy_update_00229.pt  (keeping last 3)
2026-03-27 11:04:54  
2026-03-27 11:04:54  ╔══ update 0229 ════════════════════════════════════════════
2026-03-27 11:04:54  ║  Wall time     : 604.5s  (dist 0.15s | collect 380.90s | GAE 0.0235s | PPO 220.16s)
2026-03-27 11:04:54  ║  Simul rounds  : 1
2026-03-27 11:04:54  ║  Games finished:      9  (conquest 8, timeout 1)
2026-03-27 11:04:54  ║  Win rate      : 0.889
2026-03-27 11:04:54  ║  Avg ep length : 3640.9 steps
2026-03-27 11:04:54  ║  Avg reward/ep : 17.7778
2026-03-27 11:04:54  ║  p_loss        : 0.0060
2026-03-27 11:04:54  ║  v_loss        : 0.2990
2026-03-27 11:04:54  ║  entropy       : 1.3889
2026-03-27 11:04:54  ╚════════════════════════════════════════════════════════════
2026-03-27 11:04:54  
2026-03-27 11:11:09  
[update 0230] winner found after 1 simulation round(s)  (dist 0.152s | collect 374.98s)
2026-03-27 11:11:09  [update 0230] per-player GAE in 0.0218s
2026-03-27 11:13:13  [update 0230] PPO update done in 120.27s
2026-03-27 11:13:13    [ckpt] removed old checkpoint: checkpoints_win_reward\policy_update_00227.pt
2026-03-27 11:13:13    [ckpt] saved → checkpoints_win_reward\policy_update_00230.pt  (keeping last 3)
2026-03-27 11:13:13  
2026-03-27 11:13:13  ╔══ update 0230 ════════════════════════════════════════════
2026-03-27 11:13:13  ║  Wall time     : 498.7s  (dist 0.15s | collect 374.98s | GAE 0.0218s | PPO 120.27s)
2026-03-27 11:13:13  ║  Simul rounds  : 1
2026-03-27 11:13:13  ║  Games finished:      5  (conquest 3, timeout 2)
2026-03-27 11:13:13  ║  Win rate      : 0.600
2026-03-27 11:13:13  ║  Avg ep length : 6553.6 steps
2026-03-27 11:13:13  ║  Avg reward/ep : 12.0000
2026-03-27 11:13:13  ║  p_loss        : 0.0087
2026-03-27 11:13:13  ║  v_loss        : 0.3060
2026-03-27 11:13:13  ║  entropy       : 1.7155
2026-03-27 11:13:13  ╚════════════════════════════════════════════════════════════
2026-03-27 11:13:13  
2026-03-27 11:19:37  
[update 0231] winner found after 1 simulation round(s)  (dist 0.144s | collect 384.17s)
2026-03-27 11:19:37  [update 0231] per-player GAE in 0.0216s
2026-03-27 11:21:34  [update 0231] PPO update done in 114.45s
2026-03-27 11:21:35    [ckpt] removed old checkpoint: checkpoints_win_reward\policy_update_00228.pt
2026-03-27 11:21:35    [ckpt] saved → checkpoints_win_reward\policy_update_00231.pt  (keeping last 3)
2026-03-27 11:21:35  
2026-03-27 11:21:35  ╔══ update 0231 ════════════════════════════════════════════
2026-03-27 11:21:35  ║  Wall time     : 502.0s  (dist 0.14s | collect 384.17s | GAE 0.0216s | PPO 114.45s)
2026-03-27 11:21:35  ║  Simul rounds  : 1
2026-03-27 11:21:35  ║  Games finished:      8  (conquest 7, timeout 1)
2026-03-27 11:21:35  ║  Win rate      : 0.875
2026-03-27 11:21:35  ║  Avg ep length : 4096.0 steps
2026-03-27 11:21:35  ║  Avg reward/ep : 17.5000
2026-03-27 11:21:35  ║  p_loss        : 0.0062
2026-03-27 11:21:35  ║  v_loss        : 0.7511
2026-03-27 11:21:35  ║  entropy       : 1.3357
2026-03-27 11:21:35  ╚════════════════════════════════════════════════════════════
2026-03-27 11:21:35  
2026-03-27 11:27:33  
[update 0232] winner found after 1 simulation round(s)  (dist 0.146s | collect 358.21s)
2026-03-27 11:27:33  [update 0232] per-player GAE in 0.0243s
2026-03-27 11:32:21  [update 0232] PPO update done in 284.47s
2026-03-27 11:32:21    [ckpt] removed old checkpoint: checkpoints_win_reward\policy_update_00229.pt
2026-03-27 11:32:21    [ckpt] saved → checkpoints_win_reward\policy_update_00232.pt  (keeping last 3)
2026-03-27 11:32:21  
2026-03-27 11:32:21  ╔══ update 0232 ════════════════════════════════════════════
2026-03-27 11:32:21  ║  Wall time     : 646.7s  (dist 0.15s | collect 358.21s | GAE 0.0243s | PPO 284.47s)
2026-03-27 11:32:21  ║  Simul rounds  : 1
2026-03-27 11:32:21  ║  Games finished:      8  (conquest 8, timeout 0)
2026-03-27 11:32:21  ║  Win rate      : 1.000
2026-03-27 11:32:21  ║  Avg ep length : 4096.0 steps
2026-03-27 11:32:21  ║  Avg reward/ep : 20.0000
2026-03-27 11:32:21  ║  p_loss        : 0.0078
2026-03-27 11:32:21  ║  v_loss        : 0.3994
2026-03-27 11:32:21  ║  entropy       : 1.3613
2026-03-27 11:32:21  ╚════════════════════════════════════════════════════════════
2026-03-27 11:32:21  
2026-03-27 11:38:34  
[update 0233] winner found after 1 simulation round(s)  (dist 0.080s | collect 372.37s)
2026-03-27 11:38:34  [update 0233] per-player GAE in 0.0210s
2026-03-27 11:44:50  [update 0233] PPO update done in 373.22s
2026-03-27 11:44:51    [ckpt] removed old checkpoint: checkpoints_win_reward\policy_update_00230.pt
2026-03-27 11:44:51    [ckpt] saved → checkpoints_win_reward\policy_update_00233.pt  (keeping last 3)
2026-03-27 11:44:51  
2026-03-27 11:44:51  ╔══ update 0233 ════════════════════════════════════════════
2026-03-27 11:44:51  ║  Wall time     : 749.7s  (dist 0.08s | collect 372.37s | GAE 0.0210s | PPO 373.22s)
2026-03-27 11:44:51  ║  Simul rounds  : 1
2026-03-27 11:44:51  ║  Games finished:     13  (conquest 11, timeout 2)
2026-03-27 11:44:51  ║  Win rate      : 0.846
2026-03-27 11:44:51  ║  Avg ep length : 2520.6 steps
2026-03-27 11:44:51  ║  Avg reward/ep : 16.9231
2026-03-27 11:44:51  ║  p_loss        : 0.0066
2026-03-27 11:44:51  ║  v_loss        : 0.2951
2026-03-27 11:44:51  ║  entropy       : 1.5730
2026-03-27 11:44:51  ╚════════════════════════════════════════════════════════════
2026-03-27 11:44:51  
2026-03-27 11:51:04  
[update 0234] winner found after 1 simulation round(s)  (dist 0.153s | collect 372.86s)
2026-03-27 11:51:04  [update 0234] per-player GAE in 0.0209s
2026-03-27 11:55:32  [update 0234] PPO update done in 264.40s
2026-03-27 11:55:32    [ckpt] removed old checkpoint: checkpoints_win_reward\policy_update_00231.pt
2026-03-27 11:55:32    [ckpt] saved → checkpoints_win_reward\policy_update_00234.pt  (keeping last 3)
2026-03-27 11:55:32  
2026-03-27 11:55:32  ╔══ update 0234 ════════════════════════════════════════════
2026-03-27 11:55:32  ║  Wall time     : 641.0s  (dist 0.15s | collect 372.86s | GAE 0.0209s | PPO 264.40s)
2026-03-27 11:55:32  ║  Simul rounds  : 1
2026-03-27 11:55:32  ║  Games finished:     10  (conquest 9, timeout 1)
2026-03-27 11:55:32  ║  Win rate      : 0.900
2026-03-27 11:55:32  ║  Avg ep length : 3276.8 steps
2026-03-27 11:55:32  ║  Avg reward/ep : 18.0000
2026-03-27 11:55:32  ║  p_loss        : 0.0060
2026-03-27 11:55:32  ║  v_loss        : 0.3353
2026-03-27 11:55:32  ║  entropy       : 1.4219
2026-03-27 11:55:32  ╚════════════════════════════════════════════════════════════
2026-03-27 11:55:32  
2026-03-27 12:01:59  
[update 0235] winner found after 1 simulation round(s)  (dist 0.150s | collect 387.05s)
2026-03-27 12:01:59  [update 0235] per-player GAE in 0.0222s
2026-03-27 12:03:53  [update 0235] PPO update done in 110.52s
2026-03-27 12:03:53    [ckpt] removed old checkpoint: checkpoints_win_reward\policy_update_00232.pt
2026-03-27 12:03:53    [ckpt] saved → checkpoints_win_reward\policy_update_00235.pt  (keeping last 3)
2026-03-27 12:03:53  
2026-03-27 12:03:53  ╔══ update 0235 ════════════════════════════════════════════
2026-03-27 12:03:53  ║  Wall time     : 500.9s  (dist 0.15s | collect 387.05s | GAE 0.0222s | PPO 110.52s)
2026-03-27 12:03:53  ║  Simul rounds  : 1
2026-03-27 12:03:53  ║  Games finished:      5  (conquest 5, timeout 0)
2026-03-27 12:03:53  ║  Win rate      : 1.000
2026-03-27 12:03:53  ║  Avg ep length : 6553.6 steps
2026-03-27 12:03:53  ║  Avg reward/ep : 20.0000
2026-03-27 12:03:53  ║  p_loss        : 0.0098
2026-03-27 12:03:53  ║  v_loss        : 0.1744
2026-03-27 12:03:53  ║  entropy       : 1.5013
2026-03-27 12:03:53  ╚════════════════════════════════════════════════════════════
2026-03-27 12:03:53  
2026-03-27 12:10:22  
[update 0236] winner found after 1 simulation round(s)  (dist 0.080s | collect 389.04s)
2026-03-27 12:10:22  [update 0236] per-player GAE in 0.0211s
2026-03-27 12:11:21  [update 0236] PPO update done in 55.87s
2026-03-27 12:11:21    [ckpt] removed old checkpoint: checkpoints_win_reward\policy_update_00233.pt
2026-03-27 12:11:21    [ckpt] saved → checkpoints_win_reward\policy_update_00236.pt  (keeping last 3)
2026-03-27 12:11:21  
2026-03-27 12:11:21  ╔══ update 0236 ════════════════════════════════════════════
2026-03-27 12:11:21  ║  Wall time     : 448.1s  (dist 0.08s | collect 389.04s | GAE 0.0211s | PPO 55.87s)
2026-03-27 12:11:21  ║  Simul rounds  : 1
2026-03-27 12:11:21  ║  Games finished:      4  (conquest 3, timeout 1)
2026-03-27 12:11:21  ║  Win rate      : 0.750
2026-03-27 12:11:21  ║  Avg ep length : 8192.0 steps
2026-03-27 12:11:21  ║  Avg reward/ep : 17.5000
2026-03-27 12:11:21  ║  p_loss        : 0.0103
2026-03-27 12:11:21  ║  v_loss        : 0.1032
2026-03-27 12:11:21  ║  entropy       : 1.6331
2026-03-27 12:11:21  ╚════════════════════════════════════════════════════════════
2026-03-27 12:11:21  
2026-03-27 12:17:35  
[update 0237] winner found after 1 simulation round(s)  (dist 0.148s | collect 373.19s)
2026-03-27 12:17:35  [update 0237] per-player GAE in 0.0205s
2026-03-27 12:19:12  [update 0237] PPO update done in 94.21s
2026-03-27 12:19:12    [ckpt] removed old checkpoint: checkpoints_win_reward\policy_update_00234.pt
2026-03-27 12:19:12    [ckpt] saved → checkpoints_win_reward\policy_update_00237.pt  (keeping last 3)
2026-03-27 12:19:12  
2026-03-27 12:19:12  ╔══ update 0237 ════════════════════════════════════════════
2026-03-27 12:19:12  ║  Wall time     : 471.1s  (dist 0.15s | collect 373.19s | GAE 0.0205s | PPO 94.21s)
2026-03-27 12:19:12  ║  Simul rounds  : 1
2026-03-27 12:19:12  ║  Games finished:      7  (conquest 6, timeout 1)
2026-03-27 12:19:12  ║  Win rate      : 0.857
2026-03-27 12:19:12  ║  Avg ep length : 4681.1 steps
2026-03-27 12:19:12  ║  Avg reward/ep : 17.1429
2026-03-27 12:19:12  ║  p_loss        : 0.0055
2026-03-27 12:19:12  ║  v_loss        : 0.6118
2026-03-27 12:19:12  ║  entropy       : 1.6147
2026-03-27 12:19:12  ╚════════════════════════════════════════════════════════════
2026-03-27 12:19:12  
2026-03-27 12:25:31  
[update 0238] winner found after 1 simulation round(s)  (dist 0.137s | collect 378.10s)
2026-03-27 12:25:31  [update 0238] per-player GAE in 0.0207s
2026-03-27 12:26:07  [update 0238] PPO update done in 33.73s
2026-03-27 12:26:07    [ckpt] removed old checkpoint: checkpoints_win_reward\policy_update_00235.pt
2026-03-27 12:26:07    [ckpt] saved → checkpoints_win_reward\policy_update_00238.pt  (keeping last 3)
2026-03-27 12:26:07  
2026-03-27 12:26:07  ╔══ update 0238 ════════════════════════════════════════════
2026-03-27 12:26:07  ║  Wall time     : 415.1s  (dist 0.14s | collect 378.10s | GAE 0.0207s | PPO 33.73s)
2026-03-27 12:26:07  ║  Simul rounds  : 1
2026-03-27 12:26:07  ║  Games finished:      2  (conquest 2, timeout 0)
2026-03-27 12:26:07  ║  Win rate      : 1.000
2026-03-27 12:26:07  ║  Avg ep length : 16384.0 steps
2026-03-27 12:26:07  ║  Avg reward/ep : 20.0000
2026-03-27 12:26:07  ║  p_loss        : 0.0070
2026-03-27 12:26:07  ║  v_loss        : 0.8490
2026-03-27 12:26:07  ║  entropy       : 1.4812
2026-03-27 12:26:07  ╚════════════════════════════════════════════════════════════
2026-03-27 12:26:07  
2026-03-27 12:32:25  
[update 0239] winner found after 1 simulation round(s)  (dist 0.144s | collect 377.02s)
2026-03-27 12:32:25  [update 0239] per-player GAE in 0.0236s
2026-03-27 12:35:09  [update 0239] PPO update done in 160.63s
2026-03-27 12:35:09    [ckpt] removed old checkpoint: checkpoints_win_reward\policy_update_00236.pt
2026-03-27 12:35:09    [ckpt] saved → checkpoints_win_reward\policy_update_00239.pt  (keeping last 3)
2026-03-27 12:35:09  
2026-03-27 12:35:09  ╔══ update 0239 ════════════════════════════════════════════
2026-03-27 12:35:09  ║  Wall time     : 541.6s  (dist 0.14s | collect 377.02s | GAE 0.0236s | PPO 160.63s)
2026-03-27 12:35:09  ║  Simul rounds  : 1
2026-03-27 12:35:09  ║  Games finished:      6  (conquest 6, timeout 0)
2026-03-27 12:35:09  ║  Win rate      : 1.000
2026-03-27 12:35:09  ║  Avg ep length : 5461.3 steps
2026-03-27 12:35:09  ║  Avg reward/ep : 20.0000
2026-03-27 12:35:09  ║  p_loss        : 0.0031
2026-03-27 12:35:09  ║  v_loss        : 0.4293
2026-03-27 12:35:09  ║  entropy       : 1.5998
2026-03-27 12:35:09  ╚════════════════════════════════════════════════════════════
2026-03-27 12:35:09  
2026-03-27 12:41:09  
[update 0240] winner found after 1 simulation round(s)  (dist 0.101s | collect 359.30s)
2026-03-27 12:41:09  [update 0240] per-player GAE in 0.0245s
2026-03-27 12:42:17  [update 0240] PPO update done in 65.83s
2026-03-27 12:42:17    [ckpt] removed old checkpoint: checkpoints_win_reward\policy_update_00237.pt
2026-03-27 12:42:17    [ckpt] saved → checkpoints_win_reward\policy_update_00240.pt  (keeping last 3)
2026-03-27 12:42:17  
2026-03-27 12:42:17  ╔══ update 0240 ════════════════════════════════════════════
2026-03-27 12:42:17  ║  Wall time     : 428.3s  (dist 0.10s | collect 359.30s | GAE 0.0245s | PPO 65.83s)
2026-03-27 12:42:17  ║  Simul rounds  : 1
2026-03-27 12:42:17  ║  Games finished:      5  (conquest 4, timeout 1)
2026-03-27 12:42:17  ║  Win rate      : 0.800
2026-03-27 12:42:17  ║  Avg ep length : 6553.6 steps
2026-03-27 12:42:17  ║  Avg reward/ep : 16.0000
2026-03-27 12:42:17  ║  p_loss        : 0.0120
2026-03-27 12:42:17  ║  v_loss        : 0.3817
2026-03-27 12:42:17  ║  entropy       : 1.5545
2026-03-27 12:42:17  ╚════════════════════════════════════════════════════════════
2026-03-27 12:42:17  
2026-03-27 12:48:16  
[update 0241] winner found after 1 simulation round(s)  (dist 0.092s | collect 358.22s)
2026-03-27 12:48:16  [update 0241] per-player GAE in 0.0228s
2026-03-27 12:51:10  [update 0241] PPO update done in 171.01s
2026-03-27 12:51:10    [ckpt] removed old checkpoint: checkpoints_win_reward\policy_update_00238.pt
2026-03-27 12:51:10    [ckpt] saved → checkpoints_win_reward\policy_update_00241.pt  (keeping last 3)
2026-03-27 12:51:10  
2026-03-27 12:51:10  ╔══ update 0241 ════════════════════════════════════════════
2026-03-27 12:51:10  ║  Wall time     : 532.9s  (dist 0.09s | collect 358.22s | GAE 0.0228s | PPO 171.01s)
2026-03-27 12:51:10  ║  Simul rounds  : 1
2026-03-27 12:51:10  ║  Games finished:      8  (conquest 7, timeout 1)
2026-03-27 12:51:10  ║  Win rate      : 0.875
2026-03-27 12:51:10  ║  Avg ep length : 4096.0 steps
2026-03-27 12:51:10  ║  Avg reward/ep : 17.5000
2026-03-27 12:51:10  ║  p_loss        : 0.0020
2026-03-27 12:51:10  ║  v_loss        : 0.3974
2026-03-27 12:51:10  ║  entropy       : 1.5322
2026-03-27 12:51:10  ╚════════════════════════════════════════════════════════════
2026-03-27 12:51:10  
2026-03-27 12:57:21  
[update 0242] winner found after 1 simulation round(s)  (dist 0.082s | collect 370.28s)
2026-03-27 12:57:21  [update 0242] per-player GAE in 0.0213s
2026-03-27 12:58:37  [update 0242] PPO update done in 72.51s
2026-03-27 12:58:37    [ckpt] removed old checkpoint: checkpoints_win_reward\policy_update_00239.pt
2026-03-27 12:58:37    [ckpt] saved → checkpoints_win_reward\policy_update_00242.pt  (keeping last 3)
2026-03-27 12:58:37  
2026-03-27 12:58:37  ╔══ update 0242 ════════════════════════════════════════════
2026-03-27 12:58:37  ║  Wall time     : 446.4s  (dist 0.08s | collect 370.28s | GAE 0.0213s | PPO 72.51s)
2026-03-27 12:58:37  ║  Simul rounds  : 1
2026-03-27 12:58:37  ║  Games finished:      6  (conquest 4, timeout 2)
2026-03-27 12:58:37  ║  Win rate      : 0.667
2026-03-27 12:58:37  ║  Avg ep length : 5461.3 steps
2026-03-27 12:58:37  ║  Avg reward/ep : 13.3333
2026-03-27 12:58:37  ║  p_loss        : -0.0018
2026-03-27 12:58:37  ║  v_loss        : 0.6561
2026-03-27 12:58:37  ║  entropy       : 1.4216
2026-03-27 12:58:37  ╚════════════════════════════════════════════════════════════
2026-03-27 12:58:37  
2026-03-27 13:04:39  
[update 0243] winner found after 1 simulation round(s)  (dist 0.096s | collect 362.25s)
2026-03-27 13:04:39  [update 0243] per-player GAE in 0.0233s
2026-03-27 13:05:31  [update 0243] PPO update done in 49.23s
2026-03-27 13:05:31    [ckpt] removed old checkpoint: checkpoints_win_reward\policy_update_00240.pt
2026-03-27 13:05:31    [ckpt] saved → checkpoints_win_reward\policy_update_00243.pt  (keeping last 3)
2026-03-27 13:05:31  
2026-03-27 13:05:31  ╔══ update 0243 ════════════════════════════════════════════
2026-03-27 13:05:31  ║  Wall time     : 414.7s  (dist 0.10s | collect 362.25s | GAE 0.0233s | PPO 49.23s)
2026-03-27 13:05:31  ║  Simul rounds  : 1
2026-03-27 13:05:31  ║  Games finished:      1  (conquest 1, timeout 0)
2026-03-27 13:05:31  ║  Win rate      : 1.000
2026-03-27 13:05:31  ║  Avg ep length : 32768.0 steps
2026-03-27 13:05:31  ║  Avg reward/ep : 20.0000
2026-03-27 13:05:31  ║  p_loss        : 0.0052
2026-03-27 13:05:31  ║  v_loss        : 0.3306
2026-03-27 13:05:31  ║  entropy       : 1.3117
2026-03-27 13:05:31  ╚════════════════════════════════════════════════════════════
2026-03-27 13:05:31  
2026-03-27 13:11:53  
[update 0244] winner found after 1 simulation round(s)  (dist 0.092s | collect 381.25s)
2026-03-27 13:11:53  [update 0244] per-player GAE in 0.0267s
2026-03-27 13:14:03  [update 0244] PPO update done in 127.21s
2026-03-27 13:14:03    [ckpt] removed old checkpoint: checkpoints_win_reward\policy_update_00241.pt
2026-03-27 13:14:03    [ckpt] saved → checkpoints_win_reward\policy_update_00244.pt  (keeping last 3)
2026-03-27 13:14:03  
2026-03-27 13:14:03  ╔══ update 0244 ════════════════════════════════════════════
2026-03-27 13:14:03  ║  Wall time     : 511.9s  (dist 0.09s | collect 381.25s | GAE 0.0267s | PPO 127.21s)
2026-03-27 13:14:03  ║  Simul rounds  : 1
2026-03-27 13:14:03  ║  Games finished:      6  (conquest 5, timeout 1)
2026-03-27 13:14:03  ║  Win rate      : 0.833
2026-03-27 13:14:03  ║  Avg ep length : 5461.3 steps
2026-03-27 13:14:03  ║  Avg reward/ep : 16.6667
2026-03-27 13:14:03  ║  p_loss        : 0.0068
2026-03-27 13:14:03  ║  v_loss        : 0.3471
2026-03-27 13:14:03  ║  entropy       : 1.6814
2026-03-27 13:14:03  ╚════════════════════════════════════════════════════════════
2026-03-27 13:14:03  
2026-03-27 13:20:24  
[update 0245] winner found after 1 simulation round(s)  (dist 0.150s | collect 380.85s)
2026-03-27 13:20:24  [update 0245] per-player GAE in 0.0221s
2026-03-27 13:21:01  [update 0245] PPO update done in 33.87s
2026-03-27 13:21:01    [ckpt] removed old checkpoint: checkpoints_win_reward\policy_update_00242.pt
2026-03-27 13:21:01    [ckpt] saved → checkpoints_win_reward\policy_update_00245.pt  (keeping last 3)
2026-03-27 13:21:01  
2026-03-27 13:21:01  ╔══ update 0245 ════════════════════════════════════════════
2026-03-27 13:21:01  ║  Wall time     : 418.1s  (dist 0.15s | collect 380.85s | GAE 0.0221s | PPO 33.87s)
2026-03-27 13:21:01  ║  Simul rounds  : 1
2026-03-27 13:21:01  ║  Games finished:      2  (conquest 2, timeout 0)
2026-03-27 13:21:01  ║  Win rate      : 1.000
2026-03-27 13:21:01  ║  Avg ep length : 16384.0 steps
2026-03-27 13:21:01  ║  Avg reward/ep : 20.0000
2026-03-27 13:21:01  ║  p_loss        : 0.0071
2026-03-27 13:21:01  ║  v_loss        : 1.0657
2026-03-27 13:21:01  ║  entropy       : 1.4789
2026-03-27 13:21:01  ╚════════════════════════════════════════════════════════════
2026-03-27 13:21:01  
2026-03-27 13:27:38  
[update 0246] winner found after 1 simulation round(s)  (dist 0.160s | collect 396.29s)
2026-03-27 13:27:38  [update 0246] per-player GAE in 0.0219s
2026-03-27 13:31:20  [update 0246] PPO update done in 218.44s
2026-03-27 13:31:20    [ckpt] removed old checkpoint: checkpoints_win_reward\policy_update_00243.pt
2026-03-27 13:31:20    [ckpt] saved → checkpoints_win_reward\policy_update_00246.pt  (keeping last 3)
2026-03-27 13:31:20  
2026-03-27 13:31:20  ╔══ update 0246 ════════════════════════════════════════════
2026-03-27 13:31:20  ║  Wall time     : 618.6s  (dist 0.16s | collect 396.29s | GAE 0.0219s | PPO 218.44s)
2026-03-27 13:31:20  ║  Simul rounds  : 1
2026-03-27 13:31:20  ║  Games finished:     10  (conquest 10, timeout 0)
2026-03-27 13:31:20  ║  Win rate      : 1.000
2026-03-27 13:31:20  ║  Avg ep length : 3276.8 steps
2026-03-27 13:31:20  ║  Avg reward/ep : 20.0000
2026-03-27 13:31:20  ║  p_loss        : 0.0046
2026-03-27 13:31:20  ║  v_loss        : 0.5690
2026-03-27 13:31:20  ║  entropy       : 1.6549
2026-03-27 13:31:20  ╚════════════════════════════════════════════════════════════
2026-03-27 13:31:20  
2026-03-27 13:37:39  
[update 0247] winner found after 1 simulation round(s)  (dist 0.147s | collect 378.88s)
2026-03-27 13:37:39  [update 0247] per-player GAE in 0.0236s
2026-03-27 13:38:41  [update 0247] PPO update done in 58.60s
2026-03-27 13:38:41    [ckpt] removed old checkpoint: checkpoints_win_reward\policy_update_00244.pt
2026-03-27 13:38:41    [ckpt] saved → checkpoints_win_reward\policy_update_00247.pt  (keeping last 3)
2026-03-27 13:38:41  
2026-03-27 13:38:41  ╔══ update 0247 ════════════════════════════════════════════
2026-03-27 13:38:41  ║  Wall time     : 441.0s  (dist 0.15s | collect 378.88s | GAE 0.0236s | PPO 58.60s)
2026-03-27 13:38:41  ║  Simul rounds  : 1
2026-03-27 13:38:41  ║  Games finished:      2  (conquest 2, timeout 0)
2026-03-27 13:38:41  ║  Win rate      : 1.000
2026-03-27 13:38:41  ║  Avg ep length : 16384.0 steps
2026-03-27 13:38:41  ║  Avg reward/ep : 20.0000
2026-03-27 13:38:41  ║  p_loss        : 0.0097
2026-03-27 13:38:41  ║  v_loss        : 0.1665
2026-03-27 13:38:41  ║  entropy       : 1.6296
2026-03-27 13:38:41  ╚════════════════════════════════════════════════════════════
2026-03-27 13:38:41  
2026-03-27 13:45:16  
[update 0248] winner found after 1 simulation round(s)  (dist 0.150s | collect 394.57s)
2026-03-27 13:45:16  [update 0248] per-player GAE in 0.0228s
2026-03-27 13:46:55  [update 0248] PPO update done in 95.90s
2026-03-27 13:46:55    [ckpt] removed old checkpoint: checkpoints_win_reward\policy_update_00245.pt
2026-03-27 13:46:55    [ckpt] saved → checkpoints_win_reward\policy_update_00248.pt  (keeping last 3)
2026-03-27 13:46:55  
2026-03-27 13:46:55  ╔══ update 0248 ════════════════════════════════════════════
2026-03-27 13:46:55  ║  Wall time     : 493.9s  (dist 0.15s | collect 394.57s | GAE 0.0228s | PPO 95.90s)
2026-03-27 13:46:55  ║  Simul rounds  : 1
2026-03-27 13:46:55  ║  Games finished:      5  (conquest 5, timeout 0)
2026-03-27 13:46:55  ║  Win rate      : 1.000
2026-03-27 13:46:55  ║  Avg ep length : 6553.6 steps
2026-03-27 13:46:55  ║  Avg reward/ep : 20.0000
2026-03-27 13:46:55  ║  p_loss        : 0.0086
2026-03-27 13:46:55  ║  v_loss        : 0.3410
2026-03-27 13:46:55  ║  entropy       : 1.3240
2026-03-27 13:46:55  ╚════════════════════════════════════════════════════════════
2026-03-27 13:46:55  
2026-03-27 13:52:57  
[update 0249] winner found after 1 simulation round(s)  (dist 0.129s | collect 361.81s)
2026-03-27 13:52:57  [update 0249] per-player GAE in 0.0222s
2026-03-27 13:55:28  [update 0249] PPO update done in 147.24s
2026-03-27 13:55:28    [ckpt] removed old checkpoint: checkpoints_win_reward\policy_update_00246.pt
2026-03-27 13:55:28    [ckpt] saved → checkpoints_win_reward\policy_update_00249.pt  (keeping last 3)
2026-03-27 13:55:28  
2026-03-27 13:55:28  ╔══ update 0249 ════════════════════════════════════════════
2026-03-27 13:55:28  ║  Wall time     : 512.8s  (dist 0.13s | collect 361.81s | GAE 0.0222s | PPO 147.24s)
2026-03-27 13:55:28  ║  Simul rounds  : 1
2026-03-27 13:55:28  ║  Games finished:      5  (conquest 5, timeout 0)
2026-03-27 13:55:28  ║  Win rate      : 1.000
2026-03-27 13:55:28  ║  Avg ep length : 6553.6 steps
2026-03-27 13:55:28  ║  Avg reward/ep : 20.0000
2026-03-27 13:55:28  ║  p_loss        : 0.0097
2026-03-27 13:55:28  ║  v_loss        : 0.2275
2026-03-27 13:55:28  ║  entropy       : 1.4300
2026-03-27 13:55:28  ╚════════════════════════════════════════════════════════════
2026-03-27 13:55:28  
2026-03-27 14:01:41  
[update 0250] winner found after 1 simulation round(s)  (dist 0.087s | collect 372.98s)
2026-03-27 14:01:41  [update 0250] per-player GAE in 0.0208s
2026-03-27 14:03:57  [update 0250] PPO update done in 133.19s
2026-03-27 14:03:57    [ckpt] removed old checkpoint: checkpoints_win_reward\policy_update_00247.pt
2026-03-27 14:03:57    [ckpt] saved → checkpoints_win_reward\policy_update_00250.pt  (keeping last 3)
2026-03-27 14:03:57  
2026-03-27 14:03:57  ╔══ update 0250 ════════════════════════════════════════════
2026-03-27 14:03:57  ║  Wall time     : 509.5s  (dist 0.09s | collect 372.98s | GAE 0.0208s | PPO 133.19s)
2026-03-27 14:03:57  ║  Simul rounds  : 1
2026-03-27 14:03:57  ║  Games finished:      8  (conquest 7, timeout 1)
2026-03-27 14:03:57  ║  Win rate      : 0.875
2026-03-27 14:03:57  ║  Avg ep length : 4096.0 steps
2026-03-27 14:03:57  ║  Avg reward/ep : 17.5000
2026-03-27 14:03:57  ║  p_loss        : 0.0075
2026-03-27 14:03:57  ║  v_loss        : 0.5650
2026-03-27 14:03:57  ║  entropy       : 1.4688
2026-03-27 14:03:57  ╚════════════════════════════════════════════════════════════
2026-03-27 14:03:57  
2026-03-27 14:10:14  
[update 0251] winner found after 1 simulation round(s)  (dist 0.081s | collect 376.29s)
2026-03-27 14:10:14  [update 0251] per-player GAE in 0.0260s
2026-03-27 14:11:21  [update 0251] PPO update done in 64.23s
2026-03-27 14:11:21    [ckpt] removed old checkpoint: checkpoints_win_reward\policy_update_00248.pt
2026-03-27 14:11:21    [ckpt] saved → checkpoints_win_reward\policy_update_00251.pt  (keeping last 3)
2026-03-27 14:11:21  
2026-03-27 14:11:21  ╔══ update 0251 ════════════════════════════════════════════
2026-03-27 14:11:21  ║  Wall time     : 443.9s  (dist 0.08s | collect 376.29s | GAE 0.0260s | PPO 64.23s)
2026-03-27 14:11:21  ║  Simul rounds  : 1
2026-03-27 14:11:21  ║  Games finished:      3  (conquest 3, timeout 0)
2026-03-27 14:11:21  ║  Win rate      : 1.000
2026-03-27 14:11:21  ║  Avg ep length : 10922.7 steps
2026-03-27 14:11:21  ║  Avg reward/ep : 23.3333
2026-03-27 14:11:21  ║  p_loss        : 0.0090
2026-03-27 14:11:21  ║  v_loss        : 0.2165
2026-03-27 14:11:21  ║  entropy       : 2.4759
2026-03-27 14:11:21  ╚════════════════════════════════════════════════════════════
2026-03-27 14:11:21  
2026-03-27 14:17:59  [update 0252] no conquest in round 1 — re-simulating …
2026-03-27 14:24:47  
[update 0252] winner found after 2 simulation round(s)  (dist 0.310s | collect 802.80s)
2026-03-27 14:24:47  [update 0252] per-player GAE in 0.0204s
2026-03-27 14:28:18  [update 0252] PPO update done in 208.08s
2026-03-27 14:28:19    [ckpt] removed old checkpoint: checkpoints_win_reward\policy_update_00249.pt
2026-03-27 14:28:19    [ckpt] saved → checkpoints_win_reward\policy_update_00252.pt  (keeping last 3)
2026-03-27 14:28:19  
2026-03-27 14:28:19  ╔══ update 0252 ════════════════════════════════════════════
2026-03-27 14:28:19  ║  Wall time     : 1017.4s  (dist 0.31s | collect 802.80s | GAE 0.0204s | PPO 208.08s)
2026-03-27 14:28:19  ║  Simul rounds  : 2
2026-03-27 14:28:19  ║  Games finished:      5  (conquest 5, timeout 0)
2026-03-27 14:28:19  ║  Win rate      : 1.000
2026-03-27 14:28:19  ║  Avg ep length : 6553.6 steps
2026-03-27 14:28:19  ║  Avg reward/ep : 20.0000
2026-03-27 14:28:19  ║  p_loss        : 0.0021
2026-03-27 14:28:19  ║  v_loss        : 0.2815
2026-03-27 14:28:19  ║  entropy       : 1.5396
2026-03-27 14:28:19  ╚════════════════════════════════════════════════════════════
2026-03-27 14:28:19  
2026-03-27 14:34:39  
[update 0253] winner found after 1 simulation round(s)  (dist 0.095s | collect 380.50s)
2026-03-27 14:34:39  [update 0253] per-player GAE in 0.0223s
2026-03-27 14:39:02  [update 0253] PPO update done in 259.78s
2026-03-27 14:39:02    [ckpt] removed old checkpoint: checkpoints_win_reward\policy_update_00250.pt
2026-03-27 14:39:02    [ckpt] saved → checkpoints_win_reward\policy_update_00253.pt  (keeping last 3)
2026-03-27 14:39:02  
2026-03-27 14:39:02  ╔══ update 0253 ════════════════════════════════════════════
2026-03-27 14:39:02  ║  Wall time     : 643.9s  (dist 0.09s | collect 380.50s | GAE 0.0223s | PPO 259.78s)
2026-03-27 14:39:02  ║  Simul rounds  : 1
2026-03-27 14:39:02  ║  Games finished:      8  (conquest 8, timeout 0)
2026-03-27 14:39:02  ║  Win rate      : 1.000
2026-03-27 14:39:02  ║  Avg ep length : 4096.0 steps
2026-03-27 14:39:02  ║  Avg reward/ep : 20.0000
2026-03-27 14:39:02  ║  p_loss        : 0.0051
2026-03-27 14:39:02  ║  v_loss        : 0.3393
2026-03-27 14:39:02  ║  entropy       : 1.4532
2026-03-27 14:39:02  ╚════════════════════════════════════════════════════════════
2026-03-27 14:39:02  
2026-03-27 14:45:40  
[update 0254] winner found after 1 simulation round(s)  (dist 0.078s | collect 397.60s)
2026-03-27 14:45:40  [update 0254] per-player GAE in 0.0218s
2026-03-27 14:47:27  [update 0254] PPO update done in 103.40s
2026-03-27 14:47:27    [ckpt] removed old checkpoint: checkpoints_win_reward\policy_update_00251.pt
2026-03-27 14:47:27    [ckpt] saved → checkpoints_win_reward\policy_update_00254.pt  (keeping last 3)
2026-03-27 14:47:27  
2026-03-27 14:47:27  ╔══ update 0254 ════════════════════════════════════════════
2026-03-27 14:47:27  ║  Wall time     : 504.4s  (dist 0.08s | collect 397.60s | GAE 0.0218s | PPO 103.40s)
2026-03-27 14:47:27  ║  Simul rounds  : 1
2026-03-27 14:47:27  ║  Games finished:      7  (conquest 5, timeout 2)
2026-03-27 14:47:27  ║  Win rate      : 0.714
2026-03-27 14:47:27  ║  Avg ep length : 4681.1 steps
2026-03-27 14:47:27  ║  Avg reward/ep : 14.2857
2026-03-27 14:47:27  ║  p_loss        : 0.0056
2026-03-27 14:47:27  ║  v_loss        : 0.3682
2026-03-27 14:47:27  ║  entropy       : 1.5223
2026-03-27 14:47:27  ╚════════════════════════════════════════════════════════════
2026-03-27 14:47:27  
2026-03-27 14:53:46  
[update 0255] winner found after 1 simulation round(s)  (dist 0.139s | collect 379.06s)
2026-03-27 14:53:46  [update 0255] per-player GAE in 0.0224s
2026-03-27 14:54:48  [update 0255] PPO update done in 58.68s
2026-03-27 14:54:48    [ckpt] removed old checkpoint: checkpoints_win_reward\policy_update_00252.pt
2026-03-27 14:54:48    [ckpt] saved → checkpoints_win_reward\policy_update_00255.pt  (keeping last 3)
2026-03-27 14:54:48  
2026-03-27 14:54:48  ╔══ update 0255 ════════════════════════════════════════════
2026-03-27 14:54:48  ║  Wall time     : 441.2s  (dist 0.14s | collect 379.06s | GAE 0.0224s | PPO 58.68s)
2026-03-27 14:54:48  ║  Simul rounds  : 1
2026-03-27 14:54:48  ║  Games finished:      6  (conquest 5, timeout 1)
2026-03-27 14:54:48  ║  Win rate      : 0.833
2026-03-27 14:54:48  ║  Avg ep length : 5461.3 steps
2026-03-27 14:54:48  ║  Avg reward/ep : 16.6667
2026-03-27 14:54:48  ║  p_loss        : 0.0060
2026-03-27 14:54:48  ║  v_loss        : 0.6099
2026-03-27 14:54:48  ║  entropy       : 1.5137
2026-03-27 14:54:48  ╚════════════════════════════════════════════════════════════
2026-03-27 14:54:48  
2026-03-27 15:01:12  
[update 0256] winner found after 1 simulation round(s)  (dist 0.095s | collect 384.19s)
2026-03-27 15:01:12  [update 0256] per-player GAE in 0.0209s
2026-03-27 15:03:07  [update 0256] PPO update done in 111.32s
2026-03-27 15:03:07    [ckpt] removed old checkpoint: checkpoints_win_reward\policy_update_00253.pt
2026-03-27 15:03:07    [ckpt] saved → checkpoints_win_reward\policy_update_00256.pt  (keeping last 3)
2026-03-27 15:03:07  
2026-03-27 15:03:07  ╔══ update 0256 ════════════════════════════════════════════
2026-03-27 15:03:07  ║  Wall time     : 498.9s  (dist 0.09s | collect 384.19s | GAE 0.0209s | PPO 111.32s)
2026-03-27 15:03:07  ║  Simul rounds  : 1
2026-03-27 15:03:07  ║  Games finished:      3  (conquest 3, timeout 0)
2026-03-27 15:03:07  ║  Win rate      : 1.000
2026-03-27 15:03:07  ║  Avg ep length : 10922.7 steps
2026-03-27 15:03:07  ║  Avg reward/ep : 20.0000
2026-03-27 15:03:07  ║  p_loss        : 0.0034
2026-03-27 15:03:07  ║  v_loss        : 0.1630
2026-03-27 15:03:07  ║  entropy       : 1.5298
2026-03-27 15:03:07  ╚════════════════════════════════════════════════════════════
2026-03-27 15:03:07  
2026-03-27 15:09:37  
[update 0257] winner found after 1 simulation round(s)  (dist 0.090s | collect 389.93s)
2026-03-27 15:09:37  [update 0257] per-player GAE in 0.0217s
2026-03-27 15:11:01  [update 0257] PPO update done in 80.91s
2026-03-27 15:11:01    [ckpt] removed old checkpoint: checkpoints_win_reward\policy_update_00254.pt
2026-03-27 15:11:01    [ckpt] saved → checkpoints_win_reward\policy_update_00257.pt  (keeping last 3)
2026-03-27 15:11:01  
2026-03-27 15:11:01  ╔══ update 0257 ════════════════════════════════════════════
2026-03-27 15:11:01  ║  Wall time     : 474.5s  (dist 0.09s | collect 389.93s | GAE 0.0217s | PPO 80.91s)
2026-03-27 15:11:01  ║  Simul rounds  : 1
2026-03-27 15:11:01  ║  Games finished:      3  (conquest 2, timeout 1)
2026-03-27 15:11:01  ║  Win rate      : 0.667
2026-03-27 15:11:01  ║  Avg ep length : 10922.7 steps
2026-03-27 15:11:01  ║  Avg reward/ep : 13.3333
2026-03-27 15:11:01  ║  p_loss        : 0.0108
2026-03-27 15:11:01  ║  v_loss        : 0.2650
2026-03-27 15:11:01  ║  entropy       : 1.5050
2026-03-27 15:11:01  ╚════════════════════════════════════════════════════════════
2026-03-27 15:11:01  
2026-03-27 15:17:42  
[update 0258] winner found after 1 simulation round(s)  (dist 0.080s | collect 400.13s)
2026-03-27 15:17:42  [update 0258] per-player GAE in 0.0224s
2026-03-27 15:19:03  [update 0258] PPO update done in 78.47s
2026-03-27 15:19:03    [ckpt] removed old checkpoint: checkpoints_win_reward\policy_update_00255.pt
2026-03-27 15:19:03    [ckpt] saved → checkpoints_win_reward\policy_update_00258.pt  (keeping last 3)
2026-03-27 15:19:03  
2026-03-27 15:19:03  ╔══ update 0258 ════════════════════════════════════════════
2026-03-27 15:19:03  ║  Wall time     : 482.0s  (dist 0.08s | collect 400.13s | GAE 0.0224s | PPO 78.47s)
2026-03-27 15:19:03  ║  Simul rounds  : 1
2026-03-27 15:19:03  ║  Games finished:      4  (conquest 4, timeout 0)
2026-03-27 15:19:03  ║  Win rate      : 1.000
2026-03-27 15:19:03  ║  Avg ep length : 8192.0 steps
2026-03-27 15:19:03  ║  Avg reward/ep : 20.0000
2026-03-27 15:19:03  ║  p_loss        : 0.0064
2026-03-27 15:19:03  ║  v_loss        : 0.5278
2026-03-27 15:19:03  ║  entropy       : 1.6095
2026-03-27 15:19:03  ╚════════════════════════════════════════════════════════════
2026-03-27 15:19:03  
2026-03-27 15:25:18  
[update 0259] winner found after 1 simulation round(s)  (dist 0.082s | collect 374.27s)
2026-03-27 15:25:18  [update 0259] per-player GAE in 0.0261s
2026-03-27 15:27:48  [update 0259] PPO update done in 146.77s
2026-03-27 15:27:48    [ckpt] removed old checkpoint: checkpoints_win_reward\policy_update_00256.pt
2026-03-27 15:27:48    [ckpt] saved → checkpoints_win_reward\policy_update_00259.pt  (keeping last 3)
2026-03-27 15:27:48  
2026-03-27 15:27:48  ╔══ update 0259 ════════════════════════════════════════════
2026-03-27 15:27:48  ║  Wall time     : 524.8s  (dist 0.08s | collect 374.27s | GAE 0.0261s | PPO 146.77s)
2026-03-27 15:27:48  ║  Simul rounds  : 1
2026-03-27 15:27:48  ║  Games finished:      6  (conquest 5, timeout 1)
2026-03-27 15:27:48  ║  Win rate      : 0.833
2026-03-27 15:27:48  ║  Avg ep length : 5461.3 steps
2026-03-27 15:27:48  ║  Avg reward/ep : 16.6667
2026-03-27 15:27:48  ║  p_loss        : 0.0090
2026-03-27 15:27:48  ║  v_loss        : 0.2911
2026-03-27 15:27:48  ║  entropy       : 1.6380
2026-03-27 15:27:48  ╚════════════════════════════════════════════════════════════
2026-03-27 15:27:48  
2026-03-27 15:34:29  
[update 0260] winner found after 1 simulation round(s)  (dist 0.152s | collect 400.61s)
2026-03-27 15:34:29  [update 0260] per-player GAE in 0.0211s
2026-03-27 15:36:08  [update 0260] PPO update done in 96.31s
2026-03-27 15:36:09    [ckpt] removed old checkpoint: checkpoints_win_reward\policy_update_00257.pt
2026-03-27 15:36:09    [ckpt] saved → checkpoints_win_reward\policy_update_00260.pt  (keeping last 3)
2026-03-27 15:36:09  
2026-03-27 15:36:09  ╔══ update 0260 ════════════════════════════════════════════
2026-03-27 15:36:09  ║  Wall time     : 500.5s  (dist 0.15s | collect 400.61s | GAE 0.0211s | PPO 96.31s)
2026-03-27 15:36:09  ║  Simul rounds  : 1
2026-03-27 15:36:09  ║  Games finished:      2  (conquest 2, timeout 0)
2026-03-27 15:36:09  ║  Win rate      : 1.000
2026-03-27 15:36:09  ║  Avg ep length : 16384.0 steps
2026-03-27 15:36:09  ║  Avg reward/ep : 20.0000
2026-03-27 15:36:09  ║  p_loss        : -0.0022
2026-03-27 15:36:09  ║  v_loss        : 0.4242
2026-03-27 15:36:09  ║  entropy       : 1.4817
2026-03-27 15:36:09  ╚════════════════════════════════════════════════════════════
2026-03-27 15:36:09  
2026-03-27 15:43:05  
[update 0261] winner found after 1 simulation round(s)  (dist 0.145s | collect 415.87s)
2026-03-27 15:43:05  [update 0261] per-player GAE in 0.0232s
2026-03-27 15:43:40  [update 0261] PPO update done in 32.84s
2026-03-27 15:43:41    [ckpt] removed old checkpoint: checkpoints_win_reward\policy_update_00258.pt
2026-03-27 15:43:41    [ckpt] saved → checkpoints_win_reward\policy_update_00261.pt  (keeping last 3)
2026-03-27 15:43:41  
2026-03-27 15:43:41  ╔══ update 0261 ════════════════════════════════════════════
2026-03-27 15:43:41  ║  Wall time     : 451.9s  (dist 0.14s | collect 415.87s | GAE 0.0232s | PPO 32.84s)
2026-03-27 15:43:41  ║  Simul rounds  : 1
2026-03-27 15:43:41  ║  Games finished:      1  (conquest 1, timeout 0)
2026-03-27 15:43:41  ║  Win rate      : 1.000
2026-03-27 15:43:41  ║  Avg ep length : 32768.0 steps
2026-03-27 15:43:41  ║  Avg reward/ep : 20.0000
2026-03-27 15:43:41  ║  p_loss        : 0.0082
2026-03-27 15:43:41  ║  v_loss        : 0.2577
2026-03-27 15:43:41  ║  entropy       : 1.7283
2026-03-27 15:43:41  ╚════════════════════════════════════════════════════════════
2026-03-27 15:43:41  
2026-03-27 15:50:44  
[update 0262] winner found after 1 simulation round(s)  (dist 0.081s | collect 423.44s)
2026-03-27 15:50:44  [update 0262] per-player GAE in 0.0221s
2026-03-27 15:54:05  [update 0262] PPO update done in 197.73s
2026-03-27 15:54:06    [ckpt] removed old checkpoint: checkpoints_win_reward\policy_update_00259.pt
2026-03-27 15:54:06    [ckpt] saved → checkpoints_win_reward\policy_update_00262.pt  (keeping last 3)
2026-03-27 15:54:06  
2026-03-27 15:54:06  ╔══ update 0262 ════════════════════════════════════════════
2026-03-27 15:54:06  ║  Wall time     : 625.2s  (dist 0.08s | collect 423.44s | GAE 0.0221s | PPO 197.73s)
2026-03-27 15:54:06  ║  Simul rounds  : 1
2026-03-27 15:54:06  ║  Games finished:     11  (conquest 9, timeout 2)
2026-03-27 15:54:06  ║  Win rate      : 0.818
2026-03-27 15:54:06  ║  Avg ep length : 2978.9 steps
2026-03-27 15:54:06  ║  Avg reward/ep : 16.3636
2026-03-27 15:54:06  ║  p_loss        : 0.0045
2026-03-27 15:54:06  ║  v_loss        : 0.5128
2026-03-27 15:54:06  ║  entropy       : 1.3699
2026-03-27 15:54:06  ╚════════════════════════════════════════════════════════════
2026-03-27 15:54:06  
2026-03-27 16:00:29  
[update 0263] winner found after 1 simulation round(s)  (dist 0.130s | collect 383.45s)
2026-03-27 16:00:29  [update 0263] per-player GAE in 0.0218s
2026-03-27 16:02:06  [update 0263] PPO update done in 93.33s
2026-03-27 16:02:06    [ckpt] removed old checkpoint: checkpoints_win_reward\policy_update_00260.pt
2026-03-27 16:02:06    [ckpt] saved → checkpoints_win_reward\policy_update_00263.pt  (keeping last 3)
2026-03-27 16:02:06  
2026-03-27 16:02:06  ╔══ update 0263 ════════════════════════════════════════════
2026-03-27 16:02:06  ║  Wall time     : 480.1s  (dist 0.13s | collect 383.45s | GAE 0.0218s | PPO 93.33s)
2026-03-27 16:02:06  ║  Simul rounds  : 1
2026-03-27 16:02:06  ║  Games finished:      4  (conquest 3, timeout 1)
2026-03-27 16:02:06  ║  Win rate      : 0.750
2026-03-27 16:02:06  ║  Avg ep length : 8192.0 steps
2026-03-27 16:02:06  ║  Avg reward/ep : 15.0000
2026-03-27 16:02:06  ║  p_loss        : 0.0043
2026-03-27 16:02:06  ║  v_loss        : 0.2006
2026-03-27 16:02:06  ║  entropy       : 1.8316
2026-03-27 16:02:06  ╚════════════════════════════════════════════════════════════
2026-03-27 16:02:06  
2026-03-27 16:08:53  [update 0264] no conquest in round 1 — re-simulating …
2026-03-27 16:15:39  
[update 0264] winner found after 2 simulation round(s)  (dist 0.313s | collect 809.94s)
2026-03-27 16:15:39  [update 0264] per-player GAE in 0.0206s
2026-03-27 16:18:12  [update 0264] PPO update done in 148.96s
2026-03-27 16:18:12    [ckpt] removed old checkpoint: checkpoints_win_reward\policy_update_00261.pt
2026-03-27 16:18:12    [ckpt] saved → checkpoints_win_reward\policy_update_00264.pt  (keeping last 3)
2026-03-27 16:18:12  
2026-03-27 16:18:12  ╔══ update 0264 ════════════════════════════════════════════
2026-03-27 16:18:12  ║  Wall time     : 965.9s  (dist 0.31s | collect 809.94s | GAE 0.0206s | PPO 148.96s)
2026-03-27 16:18:12  ║  Simul rounds  : 2
2026-03-27 16:18:12  ║  Games finished:      6  (conquest 6, timeout 0)
2026-03-27 16:18:12  ║  Win rate      : 1.000
2026-03-27 16:18:12  ║  Avg ep length : 5461.3 steps
2026-03-27 16:18:12  ║  Avg reward/ep : 20.0000
2026-03-27 16:18:12  ║  p_loss        : 0.0044
2026-03-27 16:18:12  ║  v_loss        : 0.2758
2026-03-27 16:18:12  ║  entropy       : 1.5964
2026-03-27 16:18:12  ╚════════════════════════════════════════════════════════════
2026-03-27 16:18:12  
2026-03-27 16:24:48  
[update 0265] winner found after 1 simulation round(s)  (dist 0.075s | collect 396.07s)
2026-03-27 16:24:48  [update 0265] per-player GAE in 0.0243s
2026-03-27 16:26:00  [update 0265] PPO update done in 68.59s
2026-03-27 16:26:00    [ckpt] removed old checkpoint: checkpoints_win_reward\policy_update_00262.pt
2026-03-27 16:26:00    [ckpt] saved → checkpoints_win_reward\policy_update_00265.pt  (keeping last 3)
2026-03-27 16:26:00  
2026-03-27 16:26:00  ╔══ update 0265 ════════════════════════════════════════════
2026-03-27 16:26:00  ║  Wall time     : 468.2s  (dist 0.08s | collect 396.07s | GAE 0.0243s | PPO 68.59s)
2026-03-27 16:26:00  ║  Simul rounds  : 1
2026-03-27 16:26:00  ║  Games finished:      3  (conquest 2, timeout 1)
2026-03-27 16:26:00  ║  Win rate      : 0.667
2026-03-27 16:26:00  ║  Avg ep length : 10922.7 steps
2026-03-27 16:26:00  ║  Avg reward/ep : 13.3333
2026-03-27 16:26:00  ║  p_loss        : 0.0090
2026-03-27 16:26:00  ║  v_loss        : 0.3245
2026-03-27 16:26:00  ║  entropy       : 1.5053
2026-03-27 16:26:00  ╚════════════════════════════════════════════════════════════
2026-03-27 16:26:00  
2026-03-27 16:32:39  
[update 0266] winner found after 1 simulation round(s)  (dist 0.082s | collect 398.59s)
2026-03-27 16:32:39  [update 0266] per-player GAE in 0.0239s
2026-03-27 16:35:07  [update 0266] PPO update done in 144.59s
2026-03-27 16:35:07    [ckpt] removed old checkpoint: checkpoints_win_reward\policy_update_00263.pt
2026-03-27 16:35:07    [ckpt] saved → checkpoints_win_reward\policy_update_00266.pt  (keeping last 3)
2026-03-27 16:35:07  
2026-03-27 16:35:07  ╔══ update 0266 ════════════════════════════════════════════
2026-03-27 16:35:07  ║  Wall time     : 546.8s  (dist 0.08s | collect 398.59s | GAE 0.0239s | PPO 144.59s)
2026-03-27 16:35:07  ║  Simul rounds  : 1
2026-03-27 16:35:07  ║  Games finished:      7  (conquest 5, timeout 2)
2026-03-27 16:35:07  ║  Win rate      : 0.714
2026-03-27 16:35:07  ║  Avg ep length : 4681.1 steps
2026-03-27 16:35:07  ║  Avg reward/ep : 14.2857
2026-03-27 16:35:07  ║  p_loss        : 0.0100
2026-03-27 16:35:07  ║  v_loss        : 0.2923
2026-03-27 16:35:07  ║  entropy       : 1.7253
2026-03-27 16:35:07  ╚════════════════════════════════════════════════════════════
2026-03-27 16:35:07  
2026-03-27 16:42:03  
[update 0267] winner found after 1 simulation round(s)  (dist 0.144s | collect 416.17s)
2026-03-27 16:42:03  [update 0267] per-player GAE in 0.0249s
2026-03-27 16:42:33  [update 0267] PPO update done in 26.59s
2026-03-27 16:42:33    [ckpt] removed old checkpoint: checkpoints_win_reward\policy_update_00264.pt
2026-03-27 16:42:33    [ckpt] saved → checkpoints_win_reward\policy_update_00267.pt  (keeping last 3)
2026-03-27 16:42:33  
2026-03-27 16:42:33  ╔══ update 0267 ════════════════════════════════════════════
2026-03-27 16:42:33  ║  Wall time     : 446.2s  (dist 0.14s | collect 416.17s | GAE 0.0249s | PPO 26.59s)
2026-03-27 16:42:33  ║  Simul rounds  : 1
2026-03-27 16:42:33  ║  Games finished:      3  (conquest 2, timeout 1)
2026-03-27 16:42:33  ║  Win rate      : 0.667
2026-03-27 16:42:33  ║  Avg ep length : 10922.7 steps
2026-03-27 16:42:33  ║  Avg reward/ep : 13.3333
2026-03-27 16:42:33  ║  p_loss        : 0.0080
2026-03-27 16:42:33  ║  v_loss        : 0.3256
2026-03-27 16:42:33  ║  entropy       : 1.4027
2026-03-27 16:42:33  ╚════════════════════════════════════════════════════════════
2026-03-27 16:42:33  
2026-03-27 16:49:06  
[update 0268] winner found after 1 simulation round(s)  (dist 0.077s | collect 392.99s)
2026-03-27 16:49:06  [update 0268] per-player GAE in 0.0211s
2026-03-27 16:51:52  [update 0268] PPO update done in 161.60s
2026-03-27 16:51:52    [ckpt] removed old checkpoint: checkpoints_win_reward\policy_update_00265.pt
2026-03-27 16:51:52    [ckpt] saved → checkpoints_win_reward\policy_update_00268.pt  (keeping last 3)
2026-03-27 16:51:52  
2026-03-27 16:51:52  ╔══ update 0268 ════════════════════════════════════════════
2026-03-27 16:51:52  ║  Wall time     : 558.8s  (dist 0.08s | collect 392.99s | GAE 0.0211s | PPO 161.60s)
2026-03-27 16:51:52  ║  Simul rounds  : 1
2026-03-27 16:51:52  ║  Games finished:      6  (conquest 6, timeout 0)
2026-03-27 16:51:52  ║  Win rate      : 1.000
2026-03-27 16:51:52  ║  Avg ep length : 5461.3 steps
2026-03-27 16:51:52  ║  Avg reward/ep : 21.6667
2026-03-27 16:51:52  ║  p_loss        : 0.0049
2026-03-27 16:51:52  ║  v_loss        : 0.2937
2026-03-27 16:51:52  ║  entropy       : 1.6690
2026-03-27 16:51:52  ╚════════════════════════════════════════════════════════════
2026-03-27 16:51:52  
2026-03-27 16:58:48  
[update 0269] winner found after 1 simulation round(s)  (dist 0.144s | collect 416.17s)
2026-03-27 16:58:48  [update 0269] per-player GAE in 0.0265s
2026-03-27 17:01:40  [update 0269] PPO update done in 168.12s
2026-03-27 17:01:40    [ckpt] removed old checkpoint: checkpoints_win_reward\policy_update_00266.pt
2026-03-27 17:01:40    [ckpt] saved → checkpoints_win_reward\policy_update_00269.pt  (keeping last 3)
2026-03-27 17:01:40  
2026-03-27 17:01:40  ╔══ update 0269 ════════════════════════════════════════════
2026-03-27 17:01:40  ║  Wall time     : 588.4s  (dist 0.14s | collect 416.17s | GAE 0.0265s | PPO 168.12s)
2026-03-27 17:01:40  ║  Simul rounds  : 1
2026-03-27 17:01:40  ║  Games finished:      5  (conquest 5, timeout 0)
2026-03-27 17:01:40  ║  Win rate      : 1.000
2026-03-27 17:01:40  ║  Avg ep length : 6553.6 steps
2026-03-27 17:01:40  ║  Avg reward/ep : 20.0000
2026-03-27 17:01:40  ║  p_loss        : -0.0006
2026-03-27 17:01:40  ║  v_loss        : 0.2176
2026-03-27 17:01:40  ║  entropy       : 1.7388
2026-03-27 17:01:40  ╚════════════════════════════════════════════════════════════
2026-03-27 17:01:40  
2026-03-27 17:08:36  
[update 0270] winner found after 1 simulation round(s)  (dist 0.082s | collect 415.67s)
2026-03-27 17:08:36  [update 0270] per-player GAE in 0.0228s
2026-03-27 17:09:27  [update 0270] PPO update done in 48.00s
2026-03-27 17:09:28    [ckpt] removed old checkpoint: checkpoints_win_reward\policy_update_00267.pt
2026-03-27 17:09:28    [ckpt] saved → checkpoints_win_reward\policy_update_00270.pt  (keeping last 3)
2026-03-27 17:09:28  
2026-03-27 17:09:28  ╔══ update 0270 ════════════════════════════════════════════
2026-03-27 17:09:28  ║  Wall time     : 467.3s  (dist 0.08s | collect 415.67s | GAE 0.0228s | PPO 48.00s)
2026-03-27 17:09:28  ║  Simul rounds  : 1
2026-03-27 17:09:28  ║  Games finished:      3  (conquest 3, timeout 0)
2026-03-27 17:09:28  ║  Win rate      : 1.000
2026-03-27 17:09:28  ║  Avg ep length : 10922.7 steps
2026-03-27 17:09:28  ║  Avg reward/ep : 20.0000
2026-03-27 17:09:28  ║  p_loss        : 0.0085
2026-03-27 17:09:28  ║  v_loss        : 0.2769
2026-03-27 17:09:28  ║  entropy       : 1.4473
2026-03-27 17:09:28  ╚════════════════════════════════════════════════════════════
2026-03-27 17:09:28  
2026-03-27 17:16:34  
[update 0271] winner found after 1 simulation round(s)  (dist 0.085s | collect 426.38s)
2026-03-27 17:16:34  [update 0271] per-player GAE in 0.0213s
2026-03-27 17:17:34  [update 0271] PPO update done in 57.14s
2026-03-27 17:17:35    [ckpt] removed old checkpoint: checkpoints_win_reward\policy_update_00268.pt
2026-03-27 17:17:35    [ckpt] saved → checkpoints_win_reward\policy_update_00271.pt  (keeping last 3)
2026-03-27 17:17:35  
2026-03-27 17:17:35  ╔══ update 0271 ════════════════════════════════════════════
2026-03-27 17:17:35  ║  Wall time     : 487.1s  (dist 0.08s | collect 426.38s | GAE 0.0213s | PPO 57.14s)
2026-03-27 17:17:35  ║  Simul rounds  : 1
2026-03-27 17:17:35  ║  Games finished:      3  (conquest 2, timeout 1)
2026-03-27 17:17:35  ║  Win rate      : 0.667
2026-03-27 17:17:35  ║  Avg ep length : 10922.7 steps
2026-03-27 17:17:35  ║  Avg reward/ep : 13.3333
2026-03-27 17:17:35  ║  p_loss        : -0.0030
2026-03-27 17:17:35  ║  v_loss        : 0.2829
2026-03-27 17:17:35  ║  entropy       : 1.6765
2026-03-27 17:17:35  ╚════════════════════════════════════════════════════════════
2026-03-27 17:17:35  
2026-03-27 17:24:39  
[update 0272] winner found after 1 simulation round(s)  (dist 0.078s | collect 424.48s)
2026-03-27 17:24:39  [update 0272] per-player GAE in 0.0246s
2026-03-27 17:27:02  [update 0272] PPO update done in 139.62s
2026-03-27 17:27:02    [ckpt] removed old checkpoint: checkpoints_win_reward\policy_update_00269.pt
2026-03-27 17:27:02    [ckpt] saved → checkpoints_win_reward\policy_update_00272.pt  (keeping last 3)
2026-03-27 17:27:02  
2026-03-27 17:27:02  ╔══ update 0272 ════════════════════════════════════════════
2026-03-27 17:27:02  ║  Wall time     : 567.8s  (dist 0.08s | collect 424.48s | GAE 0.0246s | PPO 139.62s)
2026-03-27 17:27:02  ║  Simul rounds  : 1
2026-03-27 17:27:02  ║  Games finished:      3  (conquest 3, timeout 0)
2026-03-27 17:27:02  ║  Win rate      : 1.000
2026-03-27 17:27:02  ║  Avg ep length : 10922.7 steps
2026-03-27 17:27:02  ║  Avg reward/ep : 20.0000
2026-03-27 17:27:02  ║  p_loss        : 0.0099
2026-03-27 17:27:02  ║  v_loss        : 0.1225
2026-03-27 17:27:02  ║  entropy       : 1.8197
2026-03-27 17:27:02  ╚════════════════════════════════════════════════════════════
2026-03-27 17:27:02  
2026-03-27 17:33:48  
[update 0273] winner found after 1 simulation round(s)  (dist 0.091s | collect 405.31s)
2026-03-27 17:33:48  [update 0273] per-player GAE in 0.0217s
2026-03-27 17:40:32  [update 0273] PPO update done in 400.09s
2026-03-27 17:40:32    [ckpt] removed old checkpoint: checkpoints_win_reward\policy_update_00270.pt
2026-03-27 17:40:32    [ckpt] saved → checkpoints_win_reward\policy_update_00273.pt  (keeping last 3)
2026-03-27 17:40:32  
2026-03-27 17:40:32  ╔══ update 0273 ════════════════════════════════════════════
2026-03-27 17:40:32  ║  Wall time     : 809.8s  (dist 0.09s | collect 405.31s | GAE 0.0217s | PPO 400.09s)
2026-03-27 17:40:32  ║  Simul rounds  : 1
2026-03-27 17:40:32  ║  Games finished:     14  (conquest 13, timeout 1)
2026-03-27 17:40:32  ║  Win rate      : 0.929
2026-03-27 17:40:32  ║  Avg ep length : 2340.6 steps
2026-03-27 17:40:32  ║  Avg reward/ep : 18.5714
2026-03-27 17:40:32  ║  p_loss        : 0.0011
2026-03-27 17:40:32  ║  v_loss        : 0.3524
2026-03-27 17:40:32  ║  entropy       : 1.7731
2026-03-27 17:40:32  ╚════════════════════════════════════════════════════════════
2026-03-27 17:40:32  
2026-03-27 17:47:11  
[update 0274] winner found after 1 simulation round(s)  (dist 0.078s | collect 398.84s)
2026-03-27 17:47:11  [update 0274] per-player GAE in 0.0211s
2026-03-27 17:50:55  [update 0274] PPO update done in 220.77s
2026-03-27 17:50:56    [ckpt] removed old checkpoint: checkpoints_win_reward\policy_update_00271.pt
2026-03-27 17:50:56    [ckpt] saved → checkpoints_win_reward\policy_update_00274.pt  (keeping last 3)
2026-03-27 17:50:56  
2026-03-27 17:50:56  ╔══ update 0274 ════════════════════════════════════════════
2026-03-27 17:50:56  ║  Wall time     : 623.3s  (dist 0.08s | collect 398.84s | GAE 0.0211s | PPO 220.77s)
2026-03-27 17:50:56  ║  Simul rounds  : 1
2026-03-27 17:50:56  ║  Games finished:      9  (conquest 8, timeout 1)
2026-03-27 17:50:56  ║  Win rate      : 0.889
2026-03-27 17:50:56  ║  Avg ep length : 3640.9 steps
2026-03-27 17:50:56  ║  Avg reward/ep : 17.7778
2026-03-27 17:50:56  ║  p_loss        : 0.0043
2026-03-27 17:50:56  ║  v_loss        : 0.4668
2026-03-27 17:50:56  ║  entropy       : 1.5666
2026-03-27 17:50:56  ╚════════════════════════════════════════════════════════════
2026-03-27 17:50:56  
2026-03-27 17:58:02  
[update 0275] winner found after 1 simulation round(s)  (dist 0.150s | collect 425.72s)
2026-03-27 17:58:02  [update 0275] per-player GAE in 0.0211s
2026-03-27 18:00:34  [update 0275] PPO update done in 149.54s
2026-03-27 18:00:34    [ckpt] removed old checkpoint: checkpoints_win_reward\policy_update_00272.pt
2026-03-27 18:00:34    [ckpt] saved → checkpoints_win_reward\policy_update_00275.pt  (keeping last 3)
2026-03-27 18:00:34  
2026-03-27 18:00:34  ╔══ update 0275 ════════════════════════════════════════════
2026-03-27 18:00:34  ║  Wall time     : 578.8s  (dist 0.15s | collect 425.72s | GAE 0.0211s | PPO 149.54s)
2026-03-27 18:00:34  ║  Simul rounds  : 1
2026-03-27 18:00:34  ║  Games finished:      4  (conquest 4, timeout 0)
2026-03-27 18:00:34  ║  Win rate      : 1.000
2026-03-27 18:00:34  ║  Avg ep length : 8192.0 steps
2026-03-27 18:00:34  ║  Avg reward/ep : 20.0000
2026-03-27 18:00:34  ║  p_loss        : 0.0035
2026-03-27 18:00:34  ║  v_loss        : 0.4241
2026-03-27 18:00:34  ║  entropy       : 1.8303
2026-03-27 18:00:34  ╚════════════════════════════════════════════════════════════
2026-03-27 18:00:34  
2026-03-27 18:07:44  
[update 0276] winner found after 1 simulation round(s)  (dist 0.149s | collect 429.22s)
2026-03-27 18:07:44  [update 0276] per-player GAE in 0.0217s
2026-03-27 18:10:51  [update 0276] PPO update done in 183.33s
2026-03-27 18:10:51    [ckpt] removed old checkpoint: checkpoints_win_reward\policy_update_00273.pt
2026-03-27 18:10:51    [ckpt] saved → checkpoints_win_reward\policy_update_00276.pt  (keeping last 3)
2026-03-27 18:10:51  
2026-03-27 18:10:51  ╔══ update 0276 ════════════════════════════════════════════
2026-03-27 18:10:51  ║  Wall time     : 616.5s  (dist 0.15s | collect 429.22s | GAE 0.0217s | PPO 183.33s)
2026-03-27 18:10:51  ║  Simul rounds  : 1
2026-03-27 18:10:51  ║  Games finished:      5  (conquest 5, timeout 0)
2026-03-27 18:10:51  ║  Win rate      : 1.000
2026-03-27 18:10:51  ║  Avg ep length : 6553.6 steps
2026-03-27 18:10:51  ║  Avg reward/ep : 20.0000
2026-03-27 18:10:51  ║  p_loss        : 0.0030
2026-03-27 18:10:51  ║  v_loss        : 0.4153
2026-03-27 18:10:51  ║  entropy       : 2.1111
2026-03-27 18:10:51  ╚════════════════════════════════════════════════════════════
2026-03-27 18:10:51  
2026-03-27 18:17:19  
[update 0277] winner found after 1 simulation round(s)  (dist 0.080s | collect 388.09s)
2026-03-27 18:17:19  [update 0277] per-player GAE in 0.0223s
2026-03-27 18:20:33  [update 0277] PPO update done in 190.33s
2026-03-27 18:20:33    [ckpt] removed old checkpoint: checkpoints_win_reward\policy_update_00274.pt
2026-03-27 18:20:33    [ckpt] saved → checkpoints_win_reward\policy_update_00277.pt  (keeping last 3)
2026-03-27 18:20:33  
2026-03-27 18:20:33  ╔══ update 0277 ════════════════════════════════════════════
2026-03-27 18:20:33  ║  Wall time     : 582.4s  (dist 0.08s | collect 388.09s | GAE 0.0223s | PPO 190.33s)
2026-03-27 18:20:33  ║  Simul rounds  : 1
2026-03-27 18:20:33  ║  Games finished:      4  (conquest 4, timeout 0)
2026-03-27 18:20:33  ║  Win rate      : 1.000
2026-03-27 18:20:33  ║  Avg ep length : 8192.0 steps
2026-03-27 18:20:33  ║  Avg reward/ep : 20.0000
2026-03-27 18:20:33  ║  p_loss        : 0.0048
2026-03-27 18:20:33  ║  v_loss        : 0.1363
2026-03-27 18:20:33  ║  entropy       : 1.9398
2026-03-27 18:20:33  ╚════════════════════════════════════════════════════════════
2026-03-27 18:20:33  
2026-03-27 18:27:59  
[update 0278] winner found after 1 simulation round(s)  (dist 0.076s | collect 445.58s)
2026-03-27 18:27:59  [update 0278] per-player GAE in 0.0207s
2026-03-27 18:28:56  [update 0278] PPO update done in 53.80s
2026-03-27 18:28:57    [ckpt] removed old checkpoint: checkpoints_win_reward\policy_update_00275.pt
2026-03-27 18:28:57    [ckpt] saved → checkpoints_win_reward\policy_update_00278.pt  (keeping last 3)
2026-03-27 18:28:57  
2026-03-27 18:28:57  ╔══ update 0278 ════════════════════════════════════════════
2026-03-27 18:28:57  ║  Wall time     : 503.4s  (dist 0.08s | collect 445.58s | GAE 0.0207s | PPO 53.80s)
2026-03-27 18:28:57  ║  Simul rounds  : 1
2026-03-27 18:28:57  ║  Games finished:      3  (conquest 2, timeout 1)
2026-03-27 18:28:57  ║  Win rate      : 0.667
2026-03-27 18:28:57  ║  Avg ep length : 10922.7 steps
2026-03-27 18:28:57  ║  Avg reward/ep : 13.3333
2026-03-27 18:28:57  ║  p_loss        : 0.0083
2026-03-27 18:28:57  ║  v_loss        : 0.5898
2026-03-27 18:28:57  ║  entropy       : 1.7768
2026-03-27 18:28:57  ╚════════════════════════════════════════════════════════════
2026-03-27 18:28:57  
2026-03-27 18:36:15  
[update 0279] winner found after 1 simulation round(s)  (dist 0.148s | collect 438.61s)
2026-03-27 18:36:16  [update 0279] per-player GAE in 0.0210s
2026-03-27 18:38:11  [update 0279] PPO update done in 111.98s
2026-03-27 18:38:11    [ckpt] removed old checkpoint: checkpoints_win_reward\policy_update_00276.pt
2026-03-27 18:38:11    [ckpt] saved → checkpoints_win_reward\policy_update_00279.pt  (keeping last 3)
2026-03-27 18:38:11  
2026-03-27 18:38:11  ╔══ update 0279 ════════════════════════════════════════════
2026-03-27 18:38:11  ║  Wall time     : 554.4s  (dist 0.15s | collect 438.61s | GAE 0.0210s | PPO 111.98s)
2026-03-27 18:38:11  ║  Simul rounds  : 1
2026-03-27 18:38:11  ║  Games finished:      3  (conquest 3, timeout 0)
2026-03-27 18:38:11  ║  Win rate      : 1.000
2026-03-27 18:38:11  ║  Avg ep length : 10922.7 steps
2026-03-27 18:38:11  ║  Avg reward/ep : 20.0000
2026-03-27 18:38:11  ║  p_loss        : 0.0084
2026-03-27 18:38:11  ║  v_loss        : 0.2606
2026-03-27 18:38:11  ║  entropy       : 1.8992
2026-03-27 18:38:11  ╚════════════════════════════════════════════════════════════
2026-03-27 18:38:11  
2026-03-27 18:45:00  
[update 0280] winner found after 1 simulation round(s)  (dist 0.080s | collect 408.56s)
2026-03-27 18:45:00  [update 0280] per-player GAE in 0.0255s
2026-03-27 18:48:43  [update 0280] PPO update done in 219.32s
2026-03-27 18:48:43    [ckpt] removed old checkpoint: checkpoints_win_reward\policy_update_00277.pt
2026-03-27 18:48:43    [ckpt] saved → checkpoints_win_reward\policy_update_00280.pt  (keeping last 3)
2026-03-27 18:48:43  
2026-03-27 18:48:43  ╔══ update 0280 ════════════════════════════════════════════
2026-03-27 18:48:43  ║  Wall time     : 631.9s  (dist 0.08s | collect 408.56s | GAE 0.0255s | PPO 219.32s)
2026-03-27 18:48:43  ║  Simul rounds  : 1
2026-03-27 18:48:43  ║  Games finished:      4  (conquest 4, timeout 0)
2026-03-27 18:48:43  ║  Win rate      : 1.000
2026-03-27 18:48:43  ║  Avg ep length : 8192.0 steps
2026-03-27 18:48:43  ║  Avg reward/ep : 20.0000
2026-03-27 18:48:43  ║  p_loss        : 0.0013
2026-03-27 18:48:43  ║  v_loss        : 0.2786
2026-03-27 18:48:43  ║  entropy       : 1.6354
2026-03-27 18:48:43  ╚════════════════════════════════════════════════════════════
2026-03-27 18:48:43  
2026-03-27 18:55:37  
[update 0281] winner found after 1 simulation round(s)  (dist 0.147s | collect 414.25s)
2026-03-27 18:55:38  [update 0281] per-player GAE in 0.0218s
2026-03-27 18:58:28  [update 0281] PPO update done in 166.96s
2026-03-27 18:58:29    [ckpt] removed old checkpoint: checkpoints_win_reward\policy_update_00278.pt
2026-03-27 18:58:29    [ckpt] saved → checkpoints_win_reward\policy_update_00281.pt  (keeping last 3)
2026-03-27 18:58:29  
2026-03-27 18:58:29  ╔══ update 0281 ════════════════════════════════════════════
2026-03-27 18:58:29  ║  Wall time     : 585.5s  (dist 0.15s | collect 414.25s | GAE 0.0218s | PPO 166.96s)
2026-03-27 18:58:29  ║  Simul rounds  : 1
2026-03-27 18:58:29  ║  Games finished:      7  (conquest 6, timeout 1)
2026-03-27 18:58:29  ║  Win rate      : 0.857
2026-03-27 18:58:29  ║  Avg ep length : 4681.1 steps
2026-03-27 18:58:29  ║  Avg reward/ep : 17.1429
2026-03-27 18:58:29  ║  p_loss        : 0.0095
2026-03-27 18:58:29  ║  v_loss        : 0.2558
2026-03-27 18:58:29  ║  entropy       : 2.0878
2026-03-27 18:58:29  ╚════════════════════════════════════════════════════════════
2026-03-27 18:58:29  
2026-03-27 19:05:36  
[update 0282] winner found after 1 simulation round(s)  (dist 0.143s | collect 427.51s)
2026-03-27 19:05:36  [update 0282] per-player GAE in 0.0217s
2026-03-27 19:08:18  [update 0282] PPO update done in 158.07s
2026-03-27 19:08:18    [ckpt] removed old checkpoint: checkpoints_win_reward\policy_update_00279.pt
2026-03-27 19:08:18    [ckpt] saved → checkpoints_win_reward\policy_update_00282.pt  (keeping last 3)
2026-03-27 19:08:18  
2026-03-27 19:08:18  ╔══ update 0282 ════════════════════════════════════════════
2026-03-27 19:08:18  ║  Wall time     : 589.6s  (dist 0.14s | collect 427.51s | GAE 0.0217s | PPO 158.07s)
2026-03-27 19:08:18  ║  Simul rounds  : 1
2026-03-27 19:08:18  ║  Games finished:      5  (conquest 5, timeout 0)
2026-03-27 19:08:18  ║  Win rate      : 1.000
2026-03-27 19:08:18  ║  Avg ep length : 6553.6 steps
2026-03-27 19:08:18  ║  Avg reward/ep : 20.0000
2026-03-27 19:08:18  ║  p_loss        : 0.0054
2026-03-27 19:08:18  ║  v_loss        : 0.2382
2026-03-27 19:08:18  ║  entropy       : 2.0798
2026-03-27 19:08:18  ╚════════════════════════════════════════════════════════════
2026-03-27 19:08:18  
2026-03-27 19:15:34  [update 0283] no conquest in round 1 — re-simulating …
2026-03-27 19:23:14  
[update 0283] winner found after 2 simulation round(s)  (dist 0.223s | collect 892.64s)
2026-03-27 19:23:14  [update 0283] per-player GAE in 0.0209s
2026-03-27 19:24:08  [update 0283] PPO update done in 50.18s
2026-03-27 19:24:08    [ckpt] removed old checkpoint: checkpoints_win_reward\policy_update_00280.pt
2026-03-27 19:24:08    [ckpt] saved → checkpoints_win_reward\policy_update_00283.pt  (keeping last 3)
2026-03-27 19:24:08  
2026-03-27 19:24:08  ╔══ update 0283 ════════════════════════════════════════════
2026-03-27 19:24:08  ║  Wall time     : 949.9s  (dist 0.22s | collect 892.64s | GAE 0.0209s | PPO 50.18s)
2026-03-27 19:24:08  ║  Simul rounds  : 2
2026-03-27 19:24:08  ║  Games finished:      2  (conquest 2, timeout 0)
2026-03-27 19:24:08  ║  Win rate      : 1.000
2026-03-27 19:24:08  ║  Avg ep length : 16384.0 steps
2026-03-27 19:24:08  ║  Avg reward/ep : 20.0000
2026-03-27 19:24:08  ║  p_loss        : 0.0061
2026-03-27 19:24:08  ║  v_loss        : 0.7155
2026-03-27 19:24:08  ║  entropy       : 1.5869
2026-03-27 19:24:08  ╚════════════════════════════════════════════════════════════
2026-03-27 19:24:08  
2026-03-27 19:31:51  
[update 0284] winner found after 1 simulation round(s)  (dist 0.087s | collect 462.91s)
2026-03-27 19:31:51  [update 0284] per-player GAE in 0.0212s
2026-03-27 19:33:32  [update 0284] PPO update done in 97.06s
2026-03-27 19:33:32    [ckpt] removed old checkpoint: checkpoints_win_reward\policy_update_00281.pt
2026-03-27 19:33:32    [ckpt] saved → checkpoints_win_reward\policy_update_00284.pt  (keeping last 3)
2026-03-27 19:33:32  
2026-03-27 19:33:32  ╔══ update 0284 ════════════════════════════════════════════
2026-03-27 19:33:32  ║  Wall time     : 563.8s  (dist 0.09s | collect 462.91s | GAE 0.0212s | PPO 97.06s)
2026-03-27 19:33:32  ║  Simul rounds  : 1
2026-03-27 19:33:32  ║  Games finished:      4  (conquest 4, timeout 0)
2026-03-27 19:33:32  ║  Win rate      : 1.000
2026-03-27 19:33:32  ║  Avg ep length : 8192.0 steps
2026-03-27 19:33:32  ║  Avg reward/ep : 20.0000
2026-03-27 19:33:32  ║  p_loss        : 0.0046
2026-03-27 19:33:32  ║  v_loss        : 0.2307
2026-03-27 19:33:32  ║  entropy       : 2.0004
2026-03-27 19:33:32  ╚════════════════════════════════════════════════════════════
2026-03-27 19:33:32  
2026-03-27 19:40:43  
[update 0285] winner found after 1 simulation round(s)  (dist 0.134s | collect 431.33s)
2026-03-27 19:40:43  [update 0285] per-player GAE in 0.0224s
2026-03-27 19:43:40  [update 0285] PPO update done in 172.92s
2026-03-27 19:43:40    [ckpt] removed old checkpoint: checkpoints_win_reward\policy_update_00282.pt
2026-03-27 19:43:40    [ckpt] saved → checkpoints_win_reward\policy_update_00285.pt  (keeping last 3)
2026-03-27 19:43:40  
2026-03-27 19:43:40  ╔══ update 0285 ════════════════════════════════════════════
2026-03-27 19:43:40  ║  Wall time     : 608.5s  (dist 0.13s | collect 431.33s | GAE 0.0224s | PPO 172.92s)
2026-03-27 19:43:40  ║  Simul rounds  : 1
2026-03-27 19:43:40  ║  Games finished:      7  (conquest 6, timeout 1)
2026-03-27 19:43:40  ║  Win rate      : 0.857
2026-03-27 19:43:40  ║  Avg ep length : 4681.1 steps
2026-03-27 19:43:40  ║  Avg reward/ep : 17.1429
2026-03-27 19:43:40  ║  p_loss        : 0.0047
2026-03-27 19:43:40  ║  v_loss        : 0.6332
2026-03-27 19:43:40  ║  entropy       : 1.9147
2026-03-27 19:43:40  ╚════════════════════════════════════════════════════════════
2026-03-27 19:43:40  
2026-03-27 19:51:03  
[update 0286] winner found after 1 simulation round(s)  (dist 0.145s | collect 442.27s)
2026-03-27 19:51:03  [update 0286] per-player GAE in 0.0224s
2026-03-27 19:55:51  [update 0286] PPO update done in 283.99s
2026-03-27 19:55:51    [ckpt] removed old checkpoint: checkpoints_win_reward\policy_update_00283.pt
2026-03-27 19:55:51    [ckpt] saved → checkpoints_win_reward\policy_update_00286.pt  (keeping last 3)
2026-03-27 19:55:51  
2026-03-27 19:55:51  ╔══ update 0286 ════════════════════════════════════════════
2026-03-27 19:55:51  ║  Wall time     : 731.0s  (dist 0.15s | collect 442.27s | GAE 0.0224s | PPO 283.99s)
2026-03-27 19:55:51  ║  Simul rounds  : 1
2026-03-27 19:55:51  ║  Games finished:     12  (conquest 12, timeout 0)
2026-03-27 19:55:51  ║  Win rate      : 1.000
2026-03-27 19:55:51  ║  Avg ep length : 2730.7 steps
2026-03-27 19:55:51  ║  Avg reward/ep : 20.8333
2026-03-27 19:55:51  ║  p_loss        : 0.0069
2026-03-27 19:55:51  ║  v_loss        : 0.5853
2026-03-27 19:55:51  ║  entropy       : 2.1165
2026-03-27 19:55:51  ╚════════════════════════════════════════════════════════════
2026-03-27 19:55:51  
2026-03-27 20:02:57  
[update 0287] winner found after 1 simulation round(s)  (dist 0.080s | collect 425.63s)
2026-03-27 20:02:57  [update 0287] per-player GAE in 0.0218s
2026-03-27 20:06:57  [update 0287] PPO update done in 236.16s
2026-03-27 20:06:57    [ckpt] removed old checkpoint: checkpoints_win_reward\policy_update_00284.pt
2026-03-27 20:06:57    [ckpt] saved → checkpoints_win_reward\policy_update_00287.pt  (keeping last 3)
2026-03-27 20:06:57  
2026-03-27 20:06:57  ╔══ update 0287 ════════════════════════════════════════════
2026-03-27 20:06:57  ║  Wall time     : 665.8s  (dist 0.08s | collect 425.63s | GAE 0.0218s | PPO 236.16s)
2026-03-27 20:06:57  ║  Simul rounds  : 1
2026-03-27 20:06:57  ║  Games finished:      6  (conquest 6, timeout 0)
2026-03-27 20:06:57  ║  Win rate      : 1.000
2026-03-27 20:06:57  ║  Avg ep length : 5461.3 steps
2026-03-27 20:06:57  ║  Avg reward/ep : 20.0000
2026-03-27 20:06:57  ║  p_loss        : 0.0069
2026-03-27 20:06:57  ║  v_loss        : 0.3601
2026-03-27 20:06:57  ║  entropy       : 2.1780
2026-03-27 20:06:57  ╚════════════════════════════════════════════════════════════
2026-03-27 20:06:57  
2026-03-27 20:14:39  
[update 0288] winner found after 1 simulation round(s)  (dist 0.076s | collect 462.06s)
2026-03-27 20:14:39  [update 0288] per-player GAE in 0.0218s
2026-03-27 20:16:10  [update 0288] PPO update done in 86.94s
2026-03-27 20:16:10    [ckpt] removed old checkpoint: checkpoints_win_reward\policy_update_00285.pt
2026-03-27 20:16:10    [ckpt] saved → checkpoints_win_reward\policy_update_00288.pt  (keeping last 3)
2026-03-27 20:16:10  
2026-03-27 20:16:10  ╔══ update 0288 ════════════════════════════════════════════
2026-03-27 20:16:10  ║  Wall time     : 552.8s  (dist 0.08s | collect 462.06s | GAE 0.0218s | PPO 86.94s)
2026-03-27 20:16:10  ║  Simul rounds  : 1
2026-03-27 20:16:10  ║  Games finished:      1  (conquest 1, timeout 0)
2026-03-27 20:16:10  ║  Win rate      : 1.000
2026-03-27 20:16:10  ║  Avg ep length : 32768.0 steps
2026-03-27 20:16:10  ║  Avg reward/ep : 20.0000
2026-03-27 20:16:10  ║  p_loss        : 0.0092
2026-03-27 20:16:10  ║  v_loss        : 0.3581
2026-03-27 20:16:10  ║  entropy       : 1.7470
2026-03-27 20:16:10  ╚════════════════════════════════════════════════════════════
2026-03-27 20:16:10  
2026-03-27 20:23:45  
[update 0289] winner found after 1 simulation round(s)  (dist 0.156s | collect 454.72s)
2026-03-27 20:23:45  [update 0289] per-player GAE in 0.0229s
2026-03-27 20:25:33  [update 0289] PPO update done in 103.52s
2026-03-27 20:25:33    [ckpt] removed old checkpoint: checkpoints_win_reward\policy_update_00286.pt
2026-03-27 20:25:33    [ckpt] saved → checkpoints_win_reward\policy_update_00289.pt  (keeping last 3)
2026-03-27 20:25:33  
2026-03-27 20:25:33  ╔══ update 0289 ════════════════════════════════════════════
2026-03-27 20:25:33  ║  Wall time     : 562.8s  (dist 0.16s | collect 454.72s | GAE 0.0229s | PPO 103.52s)
2026-03-27 20:25:33  ║  Simul rounds  : 1
2026-03-27 20:25:33  ║  Games finished:      3  (conquest 3, timeout 0)
2026-03-27 20:25:33  ║  Win rate      : 1.000
2026-03-27 20:25:33  ║  Avg ep length : 10922.7 steps
2026-03-27 20:25:33  ║  Avg reward/ep : 20.0000
2026-03-27 20:25:33  ║  p_loss        : 0.0088
2026-03-27 20:25:33  ║  v_loss        : 0.2178
2026-03-27 20:25:33  ║  entropy       : 2.3076
2026-03-27 20:25:33  ╚════════════════════════════════════════════════════════════
2026-03-27 20:25:33  
2026-03-27 20:33:04  
[update 0290] winner found after 1 simulation round(s)  (dist 0.087s | collect 450.83s)
2026-03-27 20:33:04  [update 0290] per-player GAE in 0.0206s
2026-03-27 20:33:35  [update 0290] PPO update done in 27.39s
2026-03-27 20:33:35    [ckpt] removed old checkpoint: checkpoints_win_reward\policy_update_00287.pt
2026-03-27 20:33:35    [ckpt] saved → checkpoints_win_reward\policy_update_00290.pt  (keeping last 3)
2026-03-27 20:33:35  
2026-03-27 20:33:35  ╔══ update 0290 ════════════════════════════════════════════
2026-03-27 20:33:35  ║  Wall time     : 482.1s  (dist 0.09s | collect 450.83s | GAE 0.0206s | PPO 27.39s)
2026-03-27 20:33:35  ║  Simul rounds  : 1
2026-03-27 20:33:35  ║  Games finished:      3  (conquest 2, timeout 1)
2026-03-27 20:33:35  ║  Win rate      : 0.667
2026-03-27 20:33:35  ║  Avg ep length : 10922.7 steps
2026-03-27 20:33:35  ║  Avg reward/ep : 13.3333
2026-03-27 20:33:35  ║  p_loss        : 0.0101
2026-03-27 20:33:35  ║  v_loss        : 0.3743
2026-03-27 20:33:35  ║  entropy       : 1.3037
2026-03-27 20:33:35  ╚════════════════════════════════════════════════════════════
2026-03-27 20:33:35  
2026-03-27 20:40:58  
[update 0291] winner found after 1 simulation round(s)  (dist 0.135s | collect 443.00s)
2026-03-27 20:40:58  [update 0291] per-player GAE in 0.0211s
2026-03-27 20:42:14  [update 0291] PPO update done in 72.13s
2026-03-27 20:42:14    [ckpt] removed old checkpoint: checkpoints_win_reward\policy_update_00288.pt
2026-03-27 20:42:14    [ckpt] saved → checkpoints_win_reward\policy_update_00291.pt  (keeping last 3)
2026-03-27 20:42:14  
2026-03-27 20:42:14  ╔══ update 0291 ════════════════════════════════════════════
2026-03-27 20:42:14  ║  Wall time     : 519.4s  (dist 0.13s | collect 443.00s | GAE 0.0211s | PPO 72.13s)
2026-03-27 20:42:14  ║  Simul rounds  : 1
2026-03-27 20:42:14  ║  Games finished:      6  (conquest 6, timeout 0)
2026-03-27 20:42:14  ║  Win rate      : 1.000
2026-03-27 20:42:14  ║  Avg ep length : 5461.3 steps
2026-03-27 20:42:14  ║  Avg reward/ep : 21.6667
2026-03-27 20:42:14  ║  p_loss        : 0.0050
2026-03-27 20:42:14  ║  v_loss        : 0.6583
2026-03-27 20:42:14  ║  entropy       : 2.1288
2026-03-27 20:42:14  ╚════════════════════════════════════════════════════════════
2026-03-27 20:42:14  
2026-03-27 20:49:25  
[update 0292] winner found after 1 simulation round(s)  (dist 0.083s | collect 430.54s)
2026-03-27 20:49:25  [update 0292] per-player GAE in 0.0215s
2026-03-27 20:52:06  [update 0292] PPO update done in 156.91s
2026-03-27 20:52:06    [ckpt] removed old checkpoint: checkpoints_win_reward\policy_update_00289.pt
2026-03-27 20:52:06    [ckpt] saved → checkpoints_win_reward\policy_update_00292.pt  (keeping last 3)
2026-03-27 20:52:06  
2026-03-27 20:52:06  ╔══ update 0292 ════════════════════════════════════════════
2026-03-27 20:52:06  ║  Wall time     : 591.6s  (dist 0.08s | collect 430.54s | GAE 0.0215s | PPO 156.91s)
2026-03-27 20:52:06  ║  Simul rounds  : 1
2026-03-27 20:52:06  ║  Games finished:      5  (conquest 4, timeout 1)
2026-03-27 20:52:06  ║  Win rate      : 0.800
2026-03-27 20:52:06  ║  Avg ep length : 6553.6 steps
2026-03-27 20:52:06  ║  Avg reward/ep : 16.0000
2026-03-27 20:52:06  ║  p_loss        : 0.0055
2026-03-27 20:52:06  ║  v_loss        : 0.3279
2026-03-27 20:52:06  ║  entropy       : 2.1968
2026-03-27 20:52:06  ╚════════════════════════════════════════════════════════════
2026-03-27 20:52:06  
2026-03-27 20:59:21  
[update 0293] winner found after 1 simulation round(s)  (dist 0.083s | collect 434.87s)
2026-03-27 20:59:21  [update 0293] per-player GAE in 0.0218s
2026-03-27 21:01:38  [update 0293] PPO update done in 134.01s
2026-03-27 21:01:38    [ckpt] removed old checkpoint: checkpoints_win_reward\policy_update_00290.pt
2026-03-27 21:01:38    [ckpt] saved → checkpoints_win_reward\policy_update_00293.pt  (keeping last 3)
2026-03-27 21:01:38  
2026-03-27 21:01:38  ╔══ update 0293 ════════════════════════════════════════════
2026-03-27 21:01:38  ║  Wall time     : 572.4s  (dist 0.08s | collect 434.87s | GAE 0.0218s | PPO 134.01s)
2026-03-27 21:01:38  ║  Simul rounds  : 1
2026-03-27 21:01:38  ║  Games finished:      3  (conquest 3, timeout 0)
2026-03-27 21:01:38  ║  Win rate      : 1.000
2026-03-27 21:01:38  ║  Avg ep length : 10922.7 steps
2026-03-27 21:01:38  ║  Avg reward/ep : 20.0000
2026-03-27 21:01:38  ║  p_loss        : -0.0121
2026-03-27 21:01:38  ║  v_loss        : 0.4344
2026-03-27 21:01:38  ║  entropy       : 1.9188
2026-03-27 21:01:38  ╚════════════════════════════════════════════════════════════
2026-03-27 21:01:38  
2026-03-27 21:09:13  
[update 0294] winner found after 1 simulation round(s)  (dist 0.077s | collect 455.03s)
2026-03-27 21:09:14  [update 0294] per-player GAE in 0.0254s
2026-03-27 21:12:22  [update 0294] PPO update done in 184.35s
2026-03-27 21:12:22    [ckpt] removed old checkpoint: checkpoints_win_reward\policy_update_00291.pt
2026-03-27 21:12:22    [ckpt] saved → checkpoints_win_reward\policy_update_00294.pt  (keeping last 3)
2026-03-27 21:12:22  
2026-03-27 21:12:22  ╔══ update 0294 ════════════════════════════════════════════
2026-03-27 21:12:22  ║  Wall time     : 643.8s  (dist 0.08s | collect 455.03s | GAE 0.0254s | PPO 184.35s)
2026-03-27 21:12:22  ║  Simul rounds  : 1
2026-03-27 21:12:22  ║  Games finished:      6  (conquest 5, timeout 1)
2026-03-27 21:12:22  ║  Win rate      : 0.833
2026-03-27 21:12:22  ║  Avg ep length : 5461.3 steps
2026-03-27 21:12:22  ║  Avg reward/ep : 16.6667
2026-03-27 21:12:22  ║  p_loss        : 0.0097
2026-03-27 21:12:22  ║  v_loss        : 0.2365
2026-03-27 21:12:22  ║  entropy       : 1.9711
2026-03-27 21:12:22  ╚════════════════════════════════════════════════════════════
2026-03-27 21:12:22  
2026-03-27 21:19:49  
[update 0295] winner found after 1 simulation round(s)  (dist 0.082s | collect 447.05s)
2026-03-27 21:19:49  [update 0295] per-player GAE in 0.0205s
2026-03-27 21:22:06  [update 0295] PPO update done in 133.01s
2026-03-27 21:22:06    [ckpt] removed old checkpoint: checkpoints_win_reward\policy_update_00292.pt
2026-03-27 21:22:06    [ckpt] saved → checkpoints_win_reward\policy_update_00295.pt  (keeping last 3)
2026-03-27 21:22:06  
2026-03-27 21:22:06  ╔══ update 0295 ════════════════════════════════════════════
2026-03-27 21:22:06  ║  Wall time     : 584.1s  (dist 0.08s | collect 447.05s | GAE 0.0205s | PPO 133.01s)
2026-03-27 21:22:06  ║  Simul rounds  : 1
2026-03-27 21:22:06  ║  Games finished:      6  (conquest 6, timeout 0)
2026-03-27 21:22:06  ║  Win rate      : 1.000
2026-03-27 21:22:06  ║  Avg ep length : 5461.3 steps
2026-03-27 21:22:06  ║  Avg reward/ep : 20.0000
2026-03-27 21:22:06  ║  p_loss        : 0.0064
2026-03-27 21:22:06  ║  v_loss        : 0.5823
2026-03-27 21:22:06  ║  entropy       : 2.0530
2026-03-27 21:22:06  ╚════════════════════════════════════════════════════════════
2026-03-27 21:22:06  
2026-03-27 21:29:31  
[update 0296] winner found after 1 simulation round(s)  (dist 0.146s | collect 444.35s)
2026-03-27 21:29:31  [update 0296] per-player GAE in 0.0211s
2026-03-27 21:32:09  [update 0296] PPO update done in 154.26s
2026-03-27 21:32:09    [ckpt] removed old checkpoint: checkpoints_win_reward\policy_update_00293.pt
2026-03-27 21:32:09    [ckpt] saved → checkpoints_win_reward\policy_update_00296.pt  (keeping last 3)
2026-03-27 21:32:09  
2026-03-27 21:32:09  ╔══ update 0296 ════════════════════════════════════════════
2026-03-27 21:32:09  ║  Wall time     : 602.8s  (dist 0.15s | collect 444.35s | GAE 0.0211s | PPO 154.26s)
2026-03-27 21:32:09  ║  Simul rounds  : 1
2026-03-27 21:32:09  ║  Games finished:      6  (conquest 5, timeout 1)
2026-03-27 21:32:09  ║  Win rate      : 0.833
2026-03-27 21:32:09  ║  Avg ep length : 5461.3 steps
2026-03-27 21:32:09  ║  Avg reward/ep : 16.6667
2026-03-27 21:32:09  ║  p_loss        : 0.0094
2026-03-27 21:32:09  ║  v_loss        : 0.3114
2026-03-27 21:32:09  ║  entropy       : 2.0131
2026-03-27 21:32:09  ╚════════════════════════════════════════════════════════════
2026-03-27 21:32:09  
2026-03-27 21:39:24  
[update 0297] winner found after 1 simulation round(s)  (dist 0.146s | collect 434.77s)
2026-03-27 21:39:24  [update 0297] per-player GAE in 0.0216s
2026-03-27 21:46:23  [update 0297] PPO update done in 414.55s
2026-03-27 21:46:24    [ckpt] removed old checkpoint: checkpoints_win_reward\policy_update_00294.pt
2026-03-27 21:46:24    [ckpt] saved → checkpoints_win_reward\policy_update_00297.pt  (keeping last 3)
2026-03-27 21:46:24  
2026-03-27 21:46:24  ╔══ update 0297 ════════════════════════════════════════════
2026-03-27 21:46:24  ║  Wall time     : 854.5s  (dist 0.15s | collect 434.77s | GAE 0.0216s | PPO 414.55s)
2026-03-27 21:46:24  ║  Simul rounds  : 1
2026-03-27 21:46:24  ║  Games finished:     14  (conquest 14, timeout 0)
2026-03-27 21:46:24  ║  Win rate      : 1.000
2026-03-27 21:46:24  ║  Avg ep length : 2340.6 steps
2026-03-27 21:46:24  ║  Avg reward/ep : 20.0000
2026-03-27 21:46:24  ║  p_loss        : 0.0029
2026-03-27 21:46:24  ║  v_loss        : 0.3773
2026-03-27 21:46:24  ║  entropy       : 1.8880
2026-03-27 21:46:24  ╚════════════════════════════════════════════════════════════
2026-03-27 21:46:24  
2026-03-27 21:53:45  
[update 0298] winner found after 1 simulation round(s)  (dist 0.085s | collect 440.83s)
2026-03-27 21:53:45  [update 0298] per-player GAE in 0.0204s
2026-03-27 21:57:10  [update 0298] PPO update done in 202.36s
2026-03-27 21:57:11    [ckpt] removed old checkpoint: checkpoints_win_reward\policy_update_00295.pt
2026-03-27 21:57:11    [ckpt] saved → checkpoints_win_reward\policy_update_00298.pt  (keeping last 3)
2026-03-27 21:57:11  
2026-03-27 21:57:11  ╔══ update 0298 ════════════════════════════════════════════
2026-03-27 21:57:11  ║  Wall time     : 647.2s  (dist 0.08s | collect 440.83s | GAE 0.0204s | PPO 202.36s)
2026-03-27 21:57:11  ║  Simul rounds  : 1
2026-03-27 21:57:11  ║  Games finished:      8  (conquest 8, timeout 0)
2026-03-27 21:57:11  ║  Win rate      : 1.000
2026-03-27 21:57:11  ║  Avg ep length : 4096.0 steps
2026-03-27 21:57:11  ║  Avg reward/ep : 20.0000
2026-03-27 21:57:11  ║  p_loss        : 0.0052
2026-03-27 21:57:11  ║  v_loss        : 0.5595
2026-03-27 21:57:11  ║  entropy       : 1.8626
2026-03-27 21:57:11  ╚════════════════════════════════════════════════════════════
2026-03-27 21:57:11  
2026-03-27 22:03:54  
[update 0299] winner found after 1 simulation round(s)  (dist 0.137s | collect 402.69s)
2026-03-27 22:03:54  [update 0299] per-player GAE in 0.0216s
2026-03-27 22:07:09  [update 0299] PPO update done in 192.38s
2026-03-27 22:07:10    [ckpt] removed old checkpoint: checkpoints_win_reward\policy_update_00296.pt
2026-03-27 22:07:10    [ckpt] saved → checkpoints_win_reward\policy_update_00299.pt  (keeping last 3)
2026-03-27 22:07:10  
2026-03-27 22:07:10  ╔══ update 0299 ════════════════════════════════════════════
2026-03-27 22:07:10  ║  Wall time     : 599.0s  (dist 0.14s | collect 402.69s | GAE 0.0216s | PPO 192.38s)
2026-03-27 22:07:10  ║  Simul rounds  : 1
2026-03-27 22:07:10  ║  Games finished:      7  (conquest 6, timeout 1)
2026-03-27 22:07:10  ║  Win rate      : 0.857
2026-03-27 22:07:10  ║  Avg ep length : 4681.1 steps
2026-03-27 22:07:10  ║  Avg reward/ep : 17.1429
2026-03-27 22:07:10  ║  p_loss        : 0.0077
2026-03-27 22:07:10  ║  v_loss        : 0.4069
2026-03-27 22:07:10  ║  entropy       : 1.9908
2026-03-27 22:07:10  ╚════════════════════════════════════════════════════════════
2026-03-27 22:07:10  
2026-03-27 22:14:19  
[update 0300] winner found after 1 simulation round(s)  (dist 0.161s | collect 428.63s)
2026-03-27 22:14:19  [update 0300] per-player GAE in 0.0213s
2026-03-27 22:18:45  [update 0300] PPO update done in 262.25s
2026-03-27 22:18:45    [ckpt] removed old checkpoint: checkpoints_win_reward\policy_update_00297.pt
2026-03-27 22:18:45    [ckpt] saved → checkpoints_win_reward\policy_update_00300.pt  (keeping last 3)
2026-03-27 22:18:45  
2026-03-27 22:18:45  ╔══ update 0300 ════════════════════════════════════════════
2026-03-27 22:18:45  ║  Wall time     : 695.6s  (dist 0.16s | collect 428.63s | GAE 0.0213s | PPO 262.25s)
2026-03-27 22:18:45  ║  Simul rounds  : 1
2026-03-27 22:18:45  ║  Games finished:      6  (conquest 6, timeout 0)
2026-03-27 22:18:45  ║  Win rate      : 1.000
2026-03-27 22:18:45  ║  Avg ep length : 5461.3 steps
2026-03-27 22:18:45  ║  Avg reward/ep : 20.0000
2026-03-27 22:18:45  ║  p_loss        : 0.0041
2026-03-27 22:18:45  ║  v_loss        : 0.2507
2026-03-27 22:18:45  ║  entropy       : 1.8793
2026-03-27 22:18:45  ╚════════════════════════════════════════════════════════════
2026-03-27 22:18:45  
2026-03-27 22:25:58  
[update 0301] winner found after 1 simulation round(s)  (dist 0.152s | collect 432.77s)
2026-03-27 22:25:58  [update 0301] per-player GAE in 0.0213s
2026-03-27 22:31:06  [update 0301] PPO update done in 303.95s
2026-03-27 22:31:07    [ckpt] removed old checkpoint: checkpoints_win_reward\policy_update_00298.pt
2026-03-27 22:31:07    [ckpt] saved → checkpoints_win_reward\policy_update_00301.pt  (keeping last 3)
2026-03-27 22:31:07  
2026-03-27 22:31:07  ╔══ update 0301 ════════════════════════════════════════════
2026-03-27 22:31:07  ║  Wall time     : 741.1s  (dist 0.15s | collect 432.77s | GAE 0.0213s | PPO 303.95s)
2026-03-27 22:31:07  ║  Simul rounds  : 1
2026-03-27 22:31:07  ║  Games finished:     10  (conquest 10, timeout 0)
2026-03-27 22:31:07  ║  Win rate      : 1.000
2026-03-27 22:31:07  ║  Avg ep length : 3276.8 steps
2026-03-27 22:31:07  ║  Avg reward/ep : 21.0000
2026-03-27 22:31:07  ║  p_loss        : 0.0056
2026-03-27 22:31:07  ║  v_loss        : 0.4975
2026-03-27 22:31:07  ║  entropy       : 1.7959
2026-03-27 22:31:07  ╚════════════════════════════════════════════════════════════
2026-03-27 22:31:07  
2026-03-27 22:38:01  
[update 0302] winner found after 1 simulation round(s)  (dist 0.076s | collect 413.87s)
2026-03-27 22:38:01  [update 0302] per-player GAE in 0.0220s
2026-03-27 22:41:17  [update 0302] PPO update done in 193.43s
2026-03-27 22:41:18    [ckpt] removed old checkpoint: checkpoints_win_reward\policy_update_00299.pt
2026-03-27 22:41:18    [ckpt] saved → checkpoints_win_reward\policy_update_00302.pt  (keeping last 3)
2026-03-27 22:41:18  
2026-03-27 22:41:18  ╔══ update 0302 ════════════════════════════════════════════
2026-03-27 22:41:18  ║  Wall time     : 611.1s  (dist 0.08s | collect 413.87s | GAE 0.0220s | PPO 193.43s)
2026-03-27 22:41:18  ║  Simul rounds  : 1
2026-03-27 22:41:18  ║  Games finished:     12  (conquest 11, timeout 1)
2026-03-27 22:41:18  ║  Win rate      : 0.917
2026-03-27 22:41:18  ║  Avg ep length : 2730.7 steps
2026-03-27 22:41:18  ║  Avg reward/ep : 18.3333
2026-03-27 22:41:18  ║  p_loss        : 0.0055
2026-03-27 22:41:18  ║  v_loss        : 0.7733
2026-03-27 22:41:18  ║  entropy       : 1.7655
2026-03-27 22:41:18  ╚════════════════════════════════════════════════════════════
2026-03-27 22:41:18  
2026-03-27 22:48:13  
[update 0303] winner found after 1 simulation round(s)  (dist 0.078s | collect 415.06s)
2026-03-27 22:48:13  [update 0303] per-player GAE in 0.0226s
2026-03-27 22:51:36  [update 0303] PPO update done in 199.98s
2026-03-27 22:51:37    [ckpt] removed old checkpoint: checkpoints_win_reward\policy_update_00300.pt
2026-03-27 22:51:37    [ckpt] saved → checkpoints_win_reward\policy_update_00303.pt  (keeping last 3)
2026-03-27 22:51:37  
2026-03-27 22:51:37  ╔══ update 0303 ════════════════════════════════════════════
2026-03-27 22:51:37  ║  Wall time     : 619.1s  (dist 0.08s | collect 415.06s | GAE 0.0226s | PPO 199.98s)
2026-03-27 22:51:37  ║  Simul rounds  : 1
2026-03-27 22:51:37  ║  Games finished:      9  (conquest 8, timeout 1)
2026-03-27 22:51:37  ║  Win rate      : 0.889
2026-03-27 22:51:37  ║  Avg ep length : 3640.9 steps
2026-03-27 22:51:37  ║  Avg reward/ep : 17.7778
2026-03-27 22:51:37  ║  p_loss        : 0.0029
2026-03-27 22:51:37  ║  v_loss        : 0.3503
2026-03-27 22:51:37  ║  entropy       : 1.9471
2026-03-27 22:51:37  ╚════════════════════════════════════════════════════════════
2026-03-27 22:51:37  
2026-03-27 22:58:29  
[update 0304] winner found after 1 simulation round(s)  (dist 0.077s | collect 411.91s)
2026-03-27 22:58:29  [update 0304] per-player GAE in 0.0239s
2026-03-27 23:04:26  [update 0304] PPO update done in 352.90s
2026-03-27 23:04:26    [ckpt] removed old checkpoint: checkpoints_win_reward\policy_update_00301.pt
2026-03-27 23:04:26    [ckpt] saved → checkpoints_win_reward\policy_update_00304.pt  (keeping last 3)
2026-03-27 23:04:26  
2026-03-27 23:04:26  ╔══ update 0304 ════════════════════════════════════════════
2026-03-27 23:04:26  ║  Wall time     : 769.3s  (dist 0.08s | collect 411.91s | GAE 0.0239s | PPO 352.90s)
2026-03-27 23:04:26  ║  Simul rounds  : 1
2026-03-27 23:04:26  ║  Games finished:     15  (conquest 15, timeout 0)
2026-03-27 23:04:26  ║  Win rate      : 1.000
2026-03-27 23:04:26  ║  Avg ep length : 2184.5 steps
2026-03-27 23:04:26  ║  Avg reward/ep : 20.6667
2026-03-27 23:04:26  ║  p_loss        : 0.0009
2026-03-27 23:04:26  ║  v_loss        : 0.3395
2026-03-27 23:04:26  ║  entropy       : 1.9638
2026-03-27 23:04:26  ╚════════════════════════════════════════════════════════════
2026-03-27 23:04:26  
2026-03-27 23:11:28  
[update 0305] winner found after 1 simulation round(s)  (dist 0.071s | collect 421.56s)
2026-03-27 23:11:28  [update 0305] per-player GAE in 0.0216s
2026-03-27 23:13:36  [update 0305] PPO update done in 124.70s
2026-03-27 23:13:36    [ckpt] removed old checkpoint: checkpoints_win_reward\policy_update_00302.pt
2026-03-27 23:13:36    [ckpt] saved → checkpoints_win_reward\policy_update_00305.pt  (keeping last 3)
2026-03-27 23:13:36  
2026-03-27 23:13:36  ╔══ update 0305 ════════════════════════════════════════════
2026-03-27 23:13:36  ║  Wall time     : 550.0s  (dist 0.07s | collect 421.56s | GAE 0.0216s | PPO 124.70s)
2026-03-27 23:13:36  ║  Simul rounds  : 1
2026-03-27 23:13:36  ║  Games finished:      6  (conquest 6, timeout 0)
2026-03-27 23:13:36  ║  Win rate      : 1.000
2026-03-27 23:13:36  ║  Avg ep length : 5461.3 steps
2026-03-27 23:13:36  ║  Avg reward/ep : 20.0000
2026-03-27 23:13:36  ║  p_loss        : 0.0090
2026-03-27 23:13:36  ║  v_loss        : 0.4210
2026-03-27 23:13:36  ║  entropy       : 1.6139
2026-03-27 23:13:36  ╚════════════════════════════════════════════════════════════
2026-03-27 23:13:36  
2026-03-27 23:20:21  
[update 0306] winner found after 1 simulation round(s)  (dist 0.147s | collect 404.47s)
2026-03-27 23:20:21  [update 0306] per-player GAE in 0.0251s
2026-03-27 23:26:59  [update 0306] PPO update done in 393.81s
2026-03-27 23:27:00    [ckpt] removed old checkpoint: checkpoints_win_reward\policy_update_00303.pt
2026-03-27 23:27:00    [ckpt] saved → checkpoints_win_reward\policy_update_00306.pt  (keeping last 3)
2026-03-27 23:27:00  
2026-03-27 23:27:00  ╔══ update 0306 ════════════════════════════════════════════
2026-03-27 23:27:00  ║  Wall time     : 803.9s  (dist 0.15s | collect 404.47s | GAE 0.0251s | PPO 393.81s)
2026-03-27 23:27:00  ║  Simul rounds  : 1
2026-03-27 23:27:00  ║  Games finished:     17  (conquest 16, timeout 1)
2026-03-27 23:27:00  ║  Win rate      : 0.941
2026-03-27 23:27:00  ║  Avg ep length : 1927.5 steps
2026-03-27 23:27:00  ║  Avg reward/ep : 18.8235
2026-03-27 23:27:00  ║  p_loss        : 0.0057
2026-03-27 23:27:00  ║  v_loss        : 0.2921
2026-03-27 23:27:00  ║  entropy       : 1.8009
2026-03-27 23:27:00  ╚════════════════════════════════════════════════════════════
2026-03-27 23:27:00  
2026-03-27 23:33:36  
[update 0307] winner found after 1 simulation round(s)  (dist 0.076s | collect 395.74s)
2026-03-27 23:33:36  [update 0307] per-player GAE in 0.0210s
2026-03-27 23:36:42  [update 0307] PPO update done in 182.34s
2026-03-27 23:36:42    [ckpt] removed old checkpoint: checkpoints_win_reward\policy_update_00304.pt
2026-03-27 23:36:42    [ckpt] saved → checkpoints_win_reward\policy_update_00307.pt  (keeping last 3)
2026-03-27 23:36:42  
2026-03-27 23:36:42  ╔══ update 0307 ════════════════════════════════════════════
2026-03-27 23:36:42  ║  Wall time     : 582.1s  (dist 0.08s | collect 395.74s | GAE 0.0210s | PPO 182.34s)
2026-03-27 23:36:42  ║  Simul rounds  : 1
2026-03-27 23:36:42  ║  Games finished:     10  (conquest 10, timeout 0)
2026-03-27 23:36:42  ║  Win rate      : 1.000
2026-03-27 23:36:42  ║  Avg ep length : 3276.8 steps
2026-03-27 23:36:42  ║  Avg reward/ep : 20.0000
2026-03-27 23:36:42  ║  p_loss        : 0.0054
2026-03-27 23:36:42  ║  v_loss        : 0.8265
2026-03-27 23:36:42  ║  entropy       : 1.6076
2026-03-27 23:36:42  ╚════════════════════════════════════════════════════════════
2026-03-27 23:36:42  
2026-03-27 23:43:31  
[update 0308] winner found after 1 simulation round(s)  (dist 0.139s | collect 408.24s)
2026-03-27 23:43:31  [update 0308] per-player GAE in 0.0234s
2026-03-27 23:45:27  [update 0308] PPO update done in 113.29s
2026-03-27 23:45:28    [ckpt] removed old checkpoint: checkpoints_win_reward\policy_update_00305.pt
2026-03-27 23:45:28    [ckpt] saved → checkpoints_win_reward\policy_update_00308.pt  (keeping last 3)
2026-03-27 23:45:28  
2026-03-27 23:45:28  ╔══ update 0308 ════════════════════════════════════════════
2026-03-27 23:45:28  ║  Wall time     : 525.6s  (dist 0.14s | collect 408.24s | GAE 0.0234s | PPO 113.29s)
2026-03-27 23:45:28  ║  Simul rounds  : 1
2026-03-27 23:45:28  ║  Games finished:      3  (conquest 3, timeout 0)
2026-03-27 23:45:28  ║  Win rate      : 1.000
2026-03-27 23:45:28  ║  Avg ep length : 10922.7 steps
2026-03-27 23:45:28  ║  Avg reward/ep : 20.0000
2026-03-27 23:45:28  ║  p_loss        : 0.0077
2026-03-27 23:45:28  ║  v_loss        : 0.1797
2026-03-27 23:45:28  ║  entropy       : 2.1055
2026-03-27 23:45:28  ╚════════════════════════════════════════════════════════════
2026-03-27 23:45:28  
2026-03-27 23:52:07  
[update 0309] winner found after 1 simulation round(s)  (dist 0.148s | collect 399.10s)
2026-03-27 23:52:07  [update 0309] per-player GAE in 0.0209s
2026-03-27 23:54:26  [update 0309] PPO update done in 135.21s
2026-03-27 23:54:26    [ckpt] removed old checkpoint: checkpoints_win_reward\policy_update_00306.pt
2026-03-27 23:54:26    [ckpt] saved → checkpoints_win_reward\policy_update_00309.pt  (keeping last 3)
2026-03-27 23:54:26  
2026-03-27 23:54:26  ╔══ update 0309 ════════════════════════════════════════════
2026-03-27 23:54:26  ║  Wall time     : 538.3s  (dist 0.15s | collect 399.10s | GAE 0.0209s | PPO 135.21s)
2026-03-27 23:54:26  ║  Simul rounds  : 1
2026-03-27 23:54:26  ║  Games finished:      5  (conquest 4, timeout 1)
2026-03-27 23:54:26  ║  Win rate      : 0.800
2026-03-27 23:54:26  ║  Avg ep length : 6553.6 steps
2026-03-27 23:54:26  ║  Avg reward/ep : 16.0000
2026-03-27 23:54:26  ║  p_loss        : 0.0083
2026-03-27 23:54:26  ║  v_loss        : 0.2480
2026-03-27 23:54:26  ║  entropy       : 1.9479
2026-03-27 23:54:26  ╚════════════════════════════════════════════════════════════
2026-03-27 23:54:26  
2026-03-28 00:01:24  
[update 0310] winner found after 1 simulation round(s)  (dist 0.078s | collect 418.20s)
2026-03-28 00:01:24  [update 0310] per-player GAE in 0.0209s
2026-03-28 00:06:38  [update 0310] PPO update done in 310.12s
2026-03-28 00:06:39    [ckpt] removed old checkpoint: checkpoints_win_reward\policy_update_00307.pt
2026-03-28 00:06:39    [ckpt] saved → checkpoints_win_reward\policy_update_00310.pt  (keeping last 3)
2026-03-28 00:06:39  
2026-03-28 00:06:39  ╔══ update 0310 ════════════════════════════════════════════
2026-03-28 00:06:39  ║  Wall time     : 732.7s  (dist 0.08s | collect 418.20s | GAE 0.0209s | PPO 310.12s)
2026-03-28 00:06:39  ║  Simul rounds  : 1
2026-03-28 00:06:39  ║  Games finished:     10  (conquest 10, timeout 0)
2026-03-28 00:06:39  ║  Win rate      : 1.000
2026-03-28 00:06:39  ║  Avg ep length : 3276.8 steps
2026-03-28 00:06:39  ║  Avg reward/ep : 20.0000
2026-03-28 00:06:39  ║  p_loss        : -0.0004
2026-03-28 00:06:39  ║  v_loss        : 0.2781
2026-03-28 00:06:39  ║  entropy       : 1.9282
2026-03-28 00:06:39  ╚════════════════════════════════════════════════════════════
2026-03-28 00:06:39  
2026-03-28 00:13:15  
[update 0311] winner found after 1 simulation round(s)  (dist 0.087s | collect 396.59s)
2026-03-28 00:13:15  [update 0311] per-player GAE in 0.0258s
2026-03-28 00:17:39  [update 0311] PPO update done in 260.17s
2026-03-28 00:17:40    [ckpt] removed old checkpoint: checkpoints_win_reward\policy_update_00308.pt
2026-03-28 00:17:40    [ckpt] saved → checkpoints_win_reward\policy_update_00311.pt  (keeping last 3)
2026-03-28 00:17:40  
2026-03-28 00:17:40  ╔══ update 0311 ════════════════════════════════════════════
2026-03-28 00:17:40  ║  Wall time     : 661.0s  (dist 0.09s | collect 396.59s | GAE 0.0258s | PPO 260.17s)
2026-03-28 00:17:40  ║  Simul rounds  : 1
2026-03-28 00:17:40  ║  Games finished:      8  (conquest 8, timeout 0)
2026-03-28 00:17:40  ║  Win rate      : 1.000
2026-03-28 00:17:40  ║  Avg ep length : 4096.0 steps
2026-03-28 00:17:40  ║  Avg reward/ep : 20.0000
2026-03-28 00:17:40  ║  p_loss        : 0.0077
2026-03-28 00:17:40  ║  v_loss        : 0.4010
2026-03-28 00:17:40  ║  entropy       : 1.7887
2026-03-28 00:17:40  ╚════════════════════════════════════════════════════════════
2026-03-28 00:17:40  
2026-03-28 00:24:18  
[update 0312] winner found after 1 simulation round(s)  (dist 0.153s | collect 398.57s)
2026-03-28 00:24:18  [update 0312] per-player GAE in 0.0205s
2026-03-28 00:28:33  [update 0312] PPO update done in 250.67s
2026-03-28 00:28:33    [ckpt] removed old checkpoint: checkpoints_win_reward\policy_update_00309.pt
2026-03-28 00:28:33    [ckpt] saved → checkpoints_win_reward\policy_update_00312.pt  (keeping last 3)
2026-03-28 00:28:33  
2026-03-28 00:28:33  ╔══ update 0312 ════════════════════════════════════════════
2026-03-28 00:28:33  ║  Wall time     : 653.4s  (dist 0.15s | collect 398.57s | GAE 0.0205s | PPO 250.67s)
2026-03-28 00:28:33  ║  Simul rounds  : 1
2026-03-28 00:28:33  ║  Games finished:     16  (conquest 13, timeout 3)
2026-03-28 00:28:33  ║  Win rate      : 0.812
2026-03-28 00:28:33  ║  Avg ep length : 2048.0 steps
2026-03-28 00:28:33  ║  Avg reward/ep : 16.2500
2026-03-28 00:28:33  ║  p_loss        : 0.0061
2026-03-28 00:28:33  ║  v_loss        : 0.6146
2026-03-28 00:28:33  ║  entropy       : 1.6594
2026-03-28 00:28:33  ╚════════════════════════════════════════════════════════════
2026-03-28 00:28:33  
2026-03-28 00:34:51  
[update 0313] winner found after 1 simulation round(s)  (dist 0.081s | collect 378.13s)
2026-03-28 00:34:51  [update 0313] per-player GAE in 0.0257s
2026-03-28 00:38:17  [update 0313] PPO update done in 202.34s
2026-03-28 00:38:18    [ckpt] removed old checkpoint: checkpoints_win_reward\policy_update_00310.pt
2026-03-28 00:38:18    [ckpt] saved → checkpoints_win_reward\policy_update_00313.pt  (keeping last 3)
2026-03-28 00:38:18  
2026-03-28 00:38:18  ╔══ update 0313 ════════════════════════════════════════════
2026-03-28 00:38:18  ║  Wall time     : 584.8s  (dist 0.08s | collect 378.13s | GAE 0.0257s | PPO 202.34s)
2026-03-28 00:38:18  ║  Simul rounds  : 1
2026-03-28 00:38:18  ║  Games finished:      8  (conquest 8, timeout 0)
2026-03-28 00:38:18  ║  Win rate      : 1.000
2026-03-28 00:38:18  ║  Avg ep length : 4096.0 steps
2026-03-28 00:38:18  ║  Avg reward/ep : 20.0000
2026-03-28 00:38:18  ║  p_loss        : 0.0040
2026-03-28 00:38:18  ║  v_loss        : 0.4357
2026-03-28 00:38:18  ║  entropy       : 1.6267
2026-03-28 00:38:18  ╚════════════════════════════════════════════════════════════
2026-03-28 00:38:18  
2026-03-28 00:45:09  
[update 0314] winner found after 1 simulation round(s)  (dist 0.143s | collect 410.91s)
2026-03-28 00:45:09  [update 0314] per-player GAE in 0.0219s
2026-03-28 00:51:50  [update 0314] PPO update done in 397.58s
2026-03-28 00:51:51    [ckpt] removed old checkpoint: checkpoints_win_reward\policy_update_00311.pt
2026-03-28 00:51:51    [ckpt] saved → checkpoints_win_reward\policy_update_00314.pt  (keeping last 3)
2026-03-28 00:51:51  
2026-03-28 00:51:51  ╔══ update 0314 ════════════════════════════════════════════
2026-03-28 00:51:51  ║  Wall time     : 812.9s  (dist 0.14s | collect 410.91s | GAE 0.0219s | PPO 397.58s)
2026-03-28 00:51:51  ║  Simul rounds  : 1
2026-03-28 00:51:51  ║  Games finished:     12  (conquest 12, timeout 0)
2026-03-28 00:51:51  ║  Win rate      : 1.000
2026-03-28 00:51:51  ║  Avg ep length : 2730.7 steps
2026-03-28 00:51:51  ║  Avg reward/ep : 20.0000
2026-03-28 00:51:51  ║  p_loss        : -0.0015
2026-03-28 00:51:51  ║  v_loss        : 0.3632
2026-03-28 00:51:51  ║  entropy       : 2.0617
2026-03-28 00:51:51  ╚════════════════════════════════════════════════════════════
2026-03-28 00:51:51  
2026-03-28 00:58:30  
[update 0315] winner found after 1 simulation round(s)  (dist 0.079s | collect 398.73s)
2026-03-28 00:58:30  [update 0315] per-player GAE in 0.0243s
2026-03-28 01:03:14  [update 0315] PPO update done in 279.86s
2026-03-28 01:03:14    [ckpt] removed old checkpoint: checkpoints_win_reward\policy_update_00312.pt
2026-03-28 01:03:14    [ckpt] saved → checkpoints_win_reward\policy_update_00315.pt  (keeping last 3)
2026-03-28 01:03:14  
2026-03-28 01:03:14  ╔══ update 0315 ════════════════════════════════════════════
2026-03-28 01:03:14  ║  Wall time     : 683.4s  (dist 0.08s | collect 398.73s | GAE 0.0243s | PPO 279.86s)
2026-03-28 01:03:14  ║  Simul rounds  : 1
2026-03-28 01:03:14  ║  Games finished:     10  (conquest 10, timeout 0)
2026-03-28 01:03:14  ║  Win rate      : 1.000
2026-03-28 01:03:14  ║  Avg ep length : 3276.8 steps
2026-03-28 01:03:14  ║  Avg reward/ep : 20.0000
2026-03-28 01:03:14  ║  p_loss        : 0.0103
2026-03-28 01:03:14  ║  v_loss        : 0.3425
2026-03-28 01:03:14  ║  entropy       : 1.8331
2026-03-28 01:03:14  ╚════════════════════════════════════════════════════════════
2026-03-28 01:03:14  
2026-03-28 01:09:40  
[update 0316] winner found after 1 simulation round(s)  (dist 0.084s | collect 385.36s)
2026-03-28 01:09:40  [update 0316] per-player GAE in 0.0206s
2026-03-28 01:13:21  [update 0316] PPO update done in 217.45s
2026-03-28 01:13:21    [ckpt] removed old checkpoint: checkpoints_win_reward\policy_update_00313.pt
2026-03-28 01:13:21    [ckpt] saved → checkpoints_win_reward\policy_update_00316.pt  (keeping last 3)
2026-03-28 01:13:21  
2026-03-28 01:13:21  ╔══ update 0316 ════════════════════════════════════════════
2026-03-28 01:13:21  ║  Wall time     : 607.0s  (dist 0.08s | collect 385.36s | GAE 0.0206s | PPO 217.45s)
2026-03-28 01:13:21  ║  Simul rounds  : 1
2026-03-28 01:13:21  ║  Games finished:      6  (conquest 6, timeout 0)
2026-03-28 01:13:21  ║  Win rate      : 1.000
2026-03-28 01:13:21  ║  Avg ep length : 5461.3 steps
2026-03-28 01:13:21  ║  Avg reward/ep : 20.0000
2026-03-28 01:13:21  ║  p_loss        : 0.0073
2026-03-28 01:13:21  ║  v_loss        : 0.3762
2026-03-28 01:13:21  ║  entropy       : 1.9866
2026-03-28 01:13:21  ╚════════════════════════════════════════════════════════════
2026-03-28 01:13:21  
2026-03-28 01:20:24  
[update 0317] winner found after 1 simulation round(s)  (dist 0.157s | collect 422.21s)
2026-03-28 01:20:24  [update 0317] per-player GAE in 0.0217s
2026-03-28 01:26:46  [update 0317] PPO update done in 378.52s
2026-03-28 01:26:47    [ckpt] removed old checkpoint: checkpoints_win_reward\policy_update_00314.pt
2026-03-28 01:26:47    [ckpt] saved → checkpoints_win_reward\policy_update_00317.pt  (keeping last 3)
2026-03-28 01:26:47  
2026-03-28 01:26:47  ╔══ update 0317 ════════════════════════════════════════════
2026-03-28 01:26:47  ║  Wall time     : 805.4s  (dist 0.16s | collect 422.21s | GAE 0.0217s | PPO 378.52s)
2026-03-28 01:26:47  ║  Simul rounds  : 1
2026-03-28 01:26:47  ║  Games finished:     16  (conquest 15, timeout 1)
2026-03-28 01:26:47  ║  Win rate      : 0.938
2026-03-28 01:26:47  ║  Avg ep length : 2048.0 steps
2026-03-28 01:26:47  ║  Avg reward/ep : 18.7500
2026-03-28 01:26:47  ║  p_loss        : 0.0051
2026-03-28 01:26:47  ║  v_loss        : 0.4775
2026-03-28 01:26:47  ║  entropy       : 1.8676
2026-03-28 01:26:47  ╚════════════════════════════════════════════════════════════
2026-03-28 01:26:47  
2026-03-28 01:33:35  
[update 0318] winner found after 1 simulation round(s)  (dist 0.137s | collect 408.63s)
2026-03-28 01:33:35  [update 0318] per-player GAE in 0.0216s
2026-03-28 01:37:07  [update 0318] PPO update done in 208.26s
2026-03-28 01:37:07    [ckpt] removed old checkpoint: checkpoints_win_reward\policy_update_00315.pt
2026-03-28 01:37:07    [ckpt] saved → checkpoints_win_reward\policy_update_00318.pt  (keeping last 3)
2026-03-28 01:37:07  
2026-03-28 01:37:07  ╔══ update 0318 ════════════════════════════════════════════
2026-03-28 01:37:07  ║  Wall time     : 620.7s  (dist 0.14s | collect 408.63s | GAE 0.0216s | PPO 208.26s)
2026-03-28 01:37:07  ║  Simul rounds  : 1
2026-03-28 01:37:07  ║  Games finished:     14  (conquest 13, timeout 1)
2026-03-28 01:37:07  ║  Win rate      : 0.929
2026-03-28 01:37:07  ║  Avg ep length : 2340.6 steps
2026-03-28 01:37:07  ║  Avg reward/ep : 18.5714
2026-03-28 01:37:07  ║  p_loss        : 0.0079
2026-03-28 01:37:07  ║  v_loss        : 0.7135
2026-03-28 01:37:07  ║  entropy       : 1.5063
2026-03-28 01:37:07  ╚════════════════════════════════════════════════════════════
2026-03-28 01:37:07  
2026-03-28 01:43:50  
[update 0319] winner found after 1 simulation round(s)  (dist 0.080s | collect 402.88s)
2026-03-28 01:43:50  [update 0319] per-player GAE in 0.0215s
2026-03-28 01:47:58  [update 0319] PPO update done in 243.93s
2026-03-28 01:47:58    [ckpt] removed old checkpoint: checkpoints_win_reward\policy_update_00316.pt
2026-03-28 01:47:58    [ckpt] saved → checkpoints_win_reward\policy_update_00319.pt  (keeping last 3)
2026-03-28 01:47:58  
2026-03-28 01:47:58  ╔══ update 0319 ════════════════════════════════════════════
2026-03-28 01:47:58  ║  Wall time     : 651.0s  (dist 0.08s | collect 402.88s | GAE 0.0215s | PPO 243.93s)
2026-03-28 01:47:58  ║  Simul rounds  : 1
2026-03-28 01:47:58  ║  Games finished:     13  (conquest 13, timeout 0)
2026-03-28 01:47:58  ║  Win rate      : 1.000
2026-03-28 01:47:58  ║  Avg ep length : 2520.6 steps
2026-03-28 01:47:58  ║  Avg reward/ep : 20.0000
2026-03-28 01:47:58  ║  p_loss        : 0.0038
2026-03-28 01:47:58  ║  v_loss        : 0.3288
2026-03-28 01:47:58  ║  entropy       : 1.7599
2026-03-28 01:47:58  ╚════════════════════════════════════════════════════════════
2026-03-28 01:47:58  
2026-03-28 01:54:59  
[update 0320] winner found after 1 simulation round(s)  (dist 0.156s | collect 420.32s)
2026-03-28 01:54:59  [update 0320] per-player GAE in 0.0226s
2026-03-28 01:57:53  [update 0320] PPO update done in 170.69s
2026-03-28 01:57:53    [ckpt] removed old checkpoint: checkpoints_win_reward\policy_update_00317.pt
2026-03-28 01:57:53    [ckpt] saved → checkpoints_win_reward\policy_update_00320.pt  (keeping last 3)
2026-03-28 01:57:53  
2026-03-28 01:57:53  ╔══ update 0320 ════════════════════════════════════════════
2026-03-28 01:57:53  ║  Wall time     : 594.7s  (dist 0.16s | collect 420.32s | GAE 0.0226s | PPO 170.69s)
2026-03-28 01:57:53  ║  Simul rounds  : 1
2026-03-28 01:57:53  ║  Games finished:      7  (conquest 6, timeout 1)
2026-03-28 01:57:53  ║  Win rate      : 0.857
2026-03-28 01:57:53  ║  Avg ep length : 4681.1 steps
2026-03-28 01:57:53  ║  Avg reward/ep : 17.1429
2026-03-28 01:57:53  ║  p_loss        : 0.0003
2026-03-28 01:57:53  ║  v_loss        : 0.5166
2026-03-28 01:57:53  ║  entropy       : 1.9052
2026-03-28 01:57:53  ╚════════════════════════════════════════════════════════════
2026-03-28 01:57:53  
2026-03-28 02:04:44  
[update 0321] winner found after 1 simulation round(s)  (dist 0.138s | collect 411.39s)
2026-03-28 02:04:45  [update 0321] per-player GAE in 0.0222s
2026-03-28 02:08:49  [update 0321] PPO update done in 240.87s
2026-03-28 02:08:49    [ckpt] removed old checkpoint: checkpoints_win_reward\policy_update_00318.pt
2026-03-28 02:08:49    [ckpt] saved → checkpoints_win_reward\policy_update_00321.pt  (keeping last 3)
2026-03-28 02:08:49  
2026-03-28 02:08:49  ╔══ update 0321 ════════════════════════════════════════════
2026-03-28 02:08:49  ║  Wall time     : 656.2s  (dist 0.14s | collect 411.39s | GAE 0.0222s | PPO 240.87s)
2026-03-28 02:08:49  ║  Simul rounds  : 1
2026-03-28 02:08:49  ║  Games finished:      9  (conquest 9, timeout 0)
2026-03-28 02:08:49  ║  Win rate      : 1.000
2026-03-28 02:08:49  ║  Avg ep length : 3640.9 steps
2026-03-28 02:08:49  ║  Avg reward/ep : 20.0000
2026-03-28 02:08:49  ║  p_loss        : 0.0032
2026-03-28 02:08:49  ║  v_loss        : 0.4241
2026-03-28 02:08:49  ║  entropy       : 1.8119
2026-03-28 02:08:49  ╚════════════════════════════════════════════════════════════
2026-03-28 02:08:49  
2026-03-28 02:15:54  
[update 0322] winner found after 1 simulation round(s)  (dist 0.147s | collect 425.21s)
2026-03-28 02:15:55  [update 0322] per-player GAE in 0.0219s
2026-03-28 02:19:32  [update 0322] PPO update done in 213.78s
2026-03-28 02:19:32    [ckpt] removed old checkpoint: checkpoints_win_reward\policy_update_00319.pt
2026-03-28 02:19:32    [ckpt] saved → checkpoints_win_reward\policy_update_00322.pt  (keeping last 3)
2026-03-28 02:19:32  
2026-03-28 02:19:32  ╔══ update 0322 ════════════════════════════════════════════
2026-03-28 02:19:32  ║  Wall time     : 643.1s  (dist 0.15s | collect 425.21s | GAE 0.0219s | PPO 213.78s)
2026-03-28 02:19:32  ║  Simul rounds  : 1
2026-03-28 02:19:32  ║  Games finished:      8  (conquest 8, timeout 0)
2026-03-28 02:19:32  ║  Win rate      : 1.000
2026-03-28 02:19:32  ║  Avg ep length : 4096.0 steps
2026-03-28 02:19:32  ║  Avg reward/ep : 20.0000
2026-03-28 02:19:32  ║  p_loss        : 0.0087
2026-03-28 02:19:32  ║  v_loss        : 0.3967
2026-03-28 02:19:32  ║  entropy       : 1.6753
2026-03-28 02:19:32  ╚════════════════════════════════════════════════════════════
2026-03-28 02:19:32  
2026-03-28 02:26:44  
[update 0323] winner found after 1 simulation round(s)  (dist 0.150s | collect 431.60s)
2026-03-28 02:26:44  [update 0323] per-player GAE in 0.0216s
2026-03-28 02:29:13  [update 0323] PPO update done in 145.17s
2026-03-28 02:29:13    [ckpt] removed old checkpoint: checkpoints_win_reward\policy_update_00320.pt
2026-03-28 02:29:13    [ckpt] saved → checkpoints_win_reward\policy_update_00323.pt  (keeping last 3)
2026-03-28 02:29:13  
2026-03-28 02:29:13  ╔══ update 0323 ════════════════════════════════════════════
2026-03-28 02:29:13  ║  Wall time     : 581.0s  (dist 0.15s | collect 431.60s | GAE 0.0216s | PPO 145.17s)
2026-03-28 02:29:13  ║  Simul rounds  : 1
2026-03-28 02:29:13  ║  Games finished:      5  (conquest 5, timeout 0)
2026-03-28 02:29:13  ║  Win rate      : 1.000
2026-03-28 02:29:13  ║  Avg ep length : 6553.6 steps
2026-03-28 02:29:13  ║  Avg reward/ep : 20.0000
2026-03-28 02:29:13  ║  p_loss        : 0.0030
2026-03-28 02:29:13  ║  v_loss        : 0.2712
2026-03-28 02:29:13  ║  entropy       : 1.7075
2026-03-28 02:29:13  ╚════════════════════════════════════════════════════════════
2026-03-28 02:29:13  
2026-03-28 02:35:38  
[update 0324] winner found after 1 simulation round(s)  (dist 0.089s | collect 384.89s)
2026-03-28 02:35:38  [update 0324] per-player GAE in 0.0216s
2026-03-28 02:41:06  [update 0324] PPO update done in 323.56s
2026-03-28 02:41:06    [ckpt] removed old checkpoint: checkpoints_win_reward\policy_update_00321.pt
2026-03-28 02:41:06    [ckpt] saved → checkpoints_win_reward\policy_update_00324.pt  (keeping last 3)
2026-03-28 02:41:06  
2026-03-28 02:41:06  ╔══ update 0324 ════════════════════════════════════════════
2026-03-28 02:41:06  ║  Wall time     : 712.9s  (dist 0.09s | collect 384.89s | GAE 0.0216s | PPO 323.56s)
2026-03-28 02:41:06  ║  Simul rounds  : 1
2026-03-28 02:41:06  ║  Games finished:     11  (conquest 11, timeout 0)
2026-03-28 02:41:06  ║  Win rate      : 1.000
2026-03-28 02:41:06  ║  Avg ep length : 2978.9 steps
2026-03-28 02:41:06  ║  Avg reward/ep : 20.0000
2026-03-28 02:41:06  ║  p_loss        : 0.0073
2026-03-28 02:41:06  ║  v_loss        : 0.3612
2026-03-28 02:41:06  ║  entropy       : 1.6933
2026-03-28 02:41:06  ╚════════════════════════════════════════════════════════════
2026-03-28 02:41:06  
2026-03-28 02:48:12  
[update 0325] winner found after 1 simulation round(s)  (dist 0.150s | collect 425.43s)
2026-03-28 02:48:12  [update 0325] per-player GAE in 0.0209s
2026-03-28 02:50:34  [update 0325] PPO update done in 139.60s
2026-03-28 02:50:35    [ckpt] removed old checkpoint: checkpoints_win_reward\policy_update_00322.pt
2026-03-28 02:50:35    [ckpt] saved → checkpoints_win_reward\policy_update_00325.pt  (keeping last 3)
2026-03-28 02:50:35  
2026-03-28 02:50:35  ╔══ update 0325 ════════════════════════════════════════════
2026-03-28 02:50:35  ║  Wall time     : 568.6s  (dist 0.15s | collect 425.43s | GAE 0.0209s | PPO 139.60s)
2026-03-28 02:50:35  ║  Simul rounds  : 1
2026-03-28 02:50:35  ║  Games finished:      7  (conquest 4, timeout 3)
2026-03-28 02:50:35  ║  Win rate      : 0.571
2026-03-28 02:50:35  ║  Avg ep length : 4681.1 steps
2026-03-28 02:50:35  ║  Avg reward/ep : 11.4286
2026-03-28 02:50:35  ║  p_loss        : 0.0067
2026-03-28 02:50:35  ║  v_loss        : 0.3060
2026-03-28 02:50:35  ║  entropy       : 1.4283
2026-03-28 02:50:35  ╚════════════════════════════════════════════════════════════
2026-03-28 02:50:35  
2026-03-28 02:57:52  
[update 0326] winner found after 1 simulation round(s)  (dist 0.077s | collect 436.72s)
2026-03-28 02:57:52  [update 0326] per-player GAE in 0.0221s
2026-03-28 03:02:56  [update 0326] PPO update done in 300.60s
2026-03-28 03:02:56    [ckpt] removed old checkpoint: checkpoints_win_reward\policy_update_00323.pt
2026-03-28 03:02:56    [ckpt] saved → checkpoints_win_reward\policy_update_00326.pt  (keeping last 3)
2026-03-28 03:02:56  
2026-03-28 03:02:56  ╔══ update 0326 ════════════════════════════════════════════
2026-03-28 03:02:56  ║  Wall time     : 741.6s  (dist 0.08s | collect 436.72s | GAE 0.0221s | PPO 300.60s)
2026-03-28 03:02:56  ║  Simul rounds  : 1
2026-03-28 03:02:56  ║  Games finished:     10  (conquest 10, timeout 0)
2026-03-28 03:02:56  ║  Win rate      : 1.000
2026-03-28 03:02:56  ║  Avg ep length : 3276.8 steps
2026-03-28 03:02:56  ║  Avg reward/ep : 20.0000
2026-03-28 03:02:56  ║  p_loss        : -0.0014
2026-03-28 03:02:56  ║  v_loss        : 0.3912
2026-03-28 03:02:56  ║  entropy       : 1.6531
2026-03-28 03:02:56  ╚════════════════════════════════════════════════════════════
2026-03-28 03:02:56  
2026-03-28 03:09:47  
[update 0327] winner found after 1 simulation round(s)  (dist 0.090s | collect 410.44s)
2026-03-28 03:09:47  [update 0327] per-player GAE in 0.0249s
2026-03-28 03:13:41  [update 0327] PPO update done in 229.71s
2026-03-28 03:13:41    [ckpt] removed old checkpoint: checkpoints_win_reward\policy_update_00324.pt
2026-03-28 03:13:41    [ckpt] saved → checkpoints_win_reward\policy_update_00327.pt  (keeping last 3)
2026-03-28 03:13:41  
2026-03-28 03:13:41  ╔══ update 0327 ════════════════════════════════════════════
2026-03-28 03:13:41  ║  Wall time     : 644.8s  (dist 0.09s | collect 410.44s | GAE 0.0249s | PPO 229.71s)
2026-03-28 03:13:41  ║  Simul rounds  : 1
2026-03-28 03:13:41  ║  Games finished:     12  (conquest 12, timeout 0)
2026-03-28 03:13:41  ║  Win rate      : 1.000
2026-03-28 03:13:41  ║  Avg ep length : 2730.7 steps
2026-03-28 03:13:41  ║  Avg reward/ep : 20.0000
2026-03-28 03:13:41  ║  p_loss        : 0.0060
2026-03-28 03:13:41  ║  v_loss        : 0.7042
2026-03-28 03:13:41  ║  entropy       : 1.5483
2026-03-28 03:13:41  ╚════════════════════════════════════════════════════════════
2026-03-28 03:13:41  
2026-03-28 03:20:35  
[update 0328] winner found after 1 simulation round(s)  (dist 0.155s | collect 413.53s)
2026-03-28 03:20:35  [update 0328] per-player GAE in 0.0278s
2026-03-28 03:23:15  [update 0328] PPO update done in 156.02s
2026-03-28 03:23:15    [ckpt] removed old checkpoint: checkpoints_win_reward\policy_update_00325.pt
2026-03-28 03:23:15    [ckpt] saved → checkpoints_win_reward\policy_update_00328.pt  (keeping last 3)
2026-03-28 03:23:15  
2026-03-28 03:23:15  ╔══ update 0328 ════════════════════════════════════════════
2026-03-28 03:23:15  ║  Wall time     : 573.8s  (dist 0.16s | collect 413.53s | GAE 0.0278s | PPO 156.02s)
2026-03-28 03:23:15  ║  Simul rounds  : 1
2026-03-28 03:23:15  ║  Games finished:      5  (conquest 4, timeout 1)
2026-03-28 03:23:15  ║  Win rate      : 0.800
2026-03-28 03:23:15  ║  Avg ep length : 6553.6 steps
2026-03-28 03:23:15  ║  Avg reward/ep : 16.0000
2026-03-28 03:23:15  ║  p_loss        : 0.0049
2026-03-28 03:23:15  ║  v_loss        : 0.2315
2026-03-28 03:23:15  ║  entropy       : 1.6637
2026-03-28 03:23:15  ╚════════════════════════════════════════════════════════════
2026-03-28 03:23:15  
2026-03-28 03:30:12  
[update 0329] winner found after 1 simulation round(s)  (dist 0.148s | collect 416.74s)
2026-03-28 03:30:12  [update 0329] per-player GAE in 0.0215s
2026-03-28 03:34:20  [update 0329] PPO update done in 244.14s
2026-03-28 03:34:20    [ckpt] removed old checkpoint: checkpoints_win_reward\policy_update_00326.pt
2026-03-28 03:34:20    [ckpt] saved → checkpoints_win_reward\policy_update_00329.pt  (keeping last 3)
2026-03-28 03:34:20  
2026-03-28 03:34:20  ╔══ update 0329 ════════════════════════════════════════════
2026-03-28 03:34:20  ║  Wall time     : 665.4s  (dist 0.15s | collect 416.74s | GAE 0.0215s | PPO 244.14s)
2026-03-28 03:34:20  ║  Simul rounds  : 1
2026-03-28 03:34:20  ║  Games finished:      7  (conquest 7, timeout 0)
2026-03-28 03:34:20  ║  Win rate      : 1.000
2026-03-28 03:34:20  ║  Avg ep length : 4681.1 steps
2026-03-28 03:34:20  ║  Avg reward/ep : 20.0000
2026-03-28 03:34:20  ║  p_loss        : -0.0017
2026-03-28 03:34:20  ║  v_loss        : 0.4101
2026-03-28 03:34:20  ║  entropy       : 1.8331
2026-03-28 03:34:20  ╚════════════════════════════════════════════════════════════
2026-03-28 03:34:20  
2026-03-28 03:41:20  
[update 0330] winner found after 1 simulation round(s)  (dist 0.149s | collect 420.01s)
2026-03-28 03:41:20  [update 0330] per-player GAE in 0.0215s
2026-03-28 03:44:29  [update 0330] PPO update done in 184.33s
2026-03-28 03:44:29    [ckpt] removed old checkpoint: checkpoints_win_reward\policy_update_00327.pt
2026-03-28 03:44:29    [ckpt] saved → checkpoints_win_reward\policy_update_00330.pt  (keeping last 3)
2026-03-28 03:44:29  
2026-03-28 03:44:29  ╔══ update 0330 ════════════════════════════════════════════
2026-03-28 03:44:29  ║  Wall time     : 609.0s  (dist 0.15s | collect 420.01s | GAE 0.0215s | PPO 184.33s)
2026-03-28 03:44:29  ║  Simul rounds  : 1
2026-03-28 03:44:29  ║  Games finished:     13  (conquest 12, timeout 1)
2026-03-28 03:44:29  ║  Win rate      : 0.923
2026-03-28 03:44:29  ║  Avg ep length : 2520.6 steps
2026-03-28 03:44:29  ║  Avg reward/ep : 18.4615
2026-03-28 03:44:29  ║  p_loss        : 0.0022
2026-03-28 03:44:29  ║  v_loss        : 0.7137
2026-03-28 03:44:29  ║  entropy       : 1.3691
2026-03-28 03:44:29  ╚════════════════════════════════════════════════════════════
2026-03-28 03:44:29  
2026-03-28 03:51:48  
[update 0331] winner found after 1 simulation round(s)  (dist 0.153s | collect 438.72s)
2026-03-28 03:51:48  [update 0331] per-player GAE in 0.0214s
2026-03-28 03:55:37  [update 0331] PPO update done in 224.70s
2026-03-28 03:55:37    [ckpt] removed old checkpoint: checkpoints_win_reward\policy_update_00328.pt
2026-03-28 03:55:37    [ckpt] saved → checkpoints_win_reward\policy_update_00331.pt  (keeping last 3)
2026-03-28 03:55:37  
2026-03-28 03:55:37  ╔══ update 0331 ════════════════════════════════════════════
2026-03-28 03:55:37  ║  Wall time     : 667.9s  (dist 0.15s | collect 438.72s | GAE 0.0214s | PPO 224.70s)
2026-03-28 03:55:37  ║  Simul rounds  : 1
2026-03-28 03:55:37  ║  Games finished:      6  (conquest 5, timeout 1)
2026-03-28 03:55:37  ║  Win rate      : 0.833
2026-03-28 03:55:37  ║  Avg ep length : 5461.3 steps
2026-03-28 03:55:37  ║  Avg reward/ep : 16.6667
2026-03-28 03:55:37  ║  p_loss        : 0.0028
2026-03-28 03:55:37  ║  v_loss        : 0.4524
2026-03-28 03:55:37  ║  entropy       : 1.9116
2026-03-28 03:55:37  ╚════════════════════════════════════════════════════════════
2026-03-28 03:55:37  
2026-03-28 04:03:03  
[update 0332] winner found after 1 simulation round(s)  (dist 0.152s | collect 445.54s)
2026-03-28 04:03:03  [update 0332] per-player GAE in 0.0215s
2026-03-28 04:07:53  [update 0332] PPO update done in 285.28s
2026-03-28 04:07:53    [ckpt] removed old checkpoint: checkpoints_win_reward\policy_update_00329.pt
2026-03-28 04:07:53    [ckpt] saved → checkpoints_win_reward\policy_update_00332.pt  (keeping last 3)
2026-03-28 04:07:53  
2026-03-28 04:07:53  ╔══ update 0332 ════════════════════════════════════════════
2026-03-28 04:07:53  ║  Wall time     : 736.0s  (dist 0.15s | collect 445.54s | GAE 0.0215s | PPO 285.28s)
2026-03-28 04:07:53  ║  Simul rounds  : 1
2026-03-28 04:07:53  ║  Games finished:     11  (conquest 10, timeout 1)
2026-03-28 04:07:53  ║  Win rate      : 0.909
2026-03-28 04:07:53  ║  Avg ep length : 2978.9 steps
2026-03-28 04:07:53  ║  Avg reward/ep : 18.1818
2026-03-28 04:07:53  ║  p_loss        : 0.0047
2026-03-28 04:07:53  ║  v_loss        : 0.6136
2026-03-28 04:07:53  ║  entropy       : 1.6697
2026-03-28 04:07:53  ╚════════════════════════════════════════════════════════════
2026-03-28 04:07:53  
2026-03-28 04:14:52  
[update 0333] winner found after 1 simulation round(s)  (dist 0.150s | collect 418.58s)
2026-03-28 04:14:52  [update 0333] per-player GAE in 0.0230s
2026-03-28 04:19:50  [update 0333] PPO update done in 293.67s
2026-03-28 04:19:51    [ckpt] removed old checkpoint: checkpoints_win_reward\policy_update_00330.pt
2026-03-28 04:19:51    [ckpt] saved → checkpoints_win_reward\policy_update_00333.pt  (keeping last 3)
2026-03-28 04:19:51  
2026-03-28 04:19:51  ╔══ update 0333 ════════════════════════════════════════════
2026-03-28 04:19:51  ║  Wall time     : 717.7s  (dist 0.15s | collect 418.58s | GAE 0.0230s | PPO 293.67s)
2026-03-28 04:19:51  ║  Simul rounds  : 1
2026-03-28 04:19:51  ║  Games finished:     10  (conquest 10, timeout 0)
2026-03-28 04:19:51  ║  Win rate      : 1.000
2026-03-28 04:19:51  ║  Avg ep length : 3276.8 steps
2026-03-28 04:19:51  ║  Avg reward/ep : 21.0000
2026-03-28 04:19:51  ║  p_loss        : 0.0054
2026-03-28 04:19:51  ║  v_loss        : 0.4573
2026-03-28 04:19:51  ║  entropy       : 1.7703
2026-03-28 04:19:51  ╚════════════════════════════════════════════════════════════
2026-03-28 04:19:51  
2026-03-28 04:27:34  
[update 0334] winner found after 1 simulation round(s)  (dist 0.156s | collect 462.61s)
2026-03-28 04:27:34  [update 0334] per-player GAE in 0.0208s
2026-03-28 04:28:43  [update 0334] PPO update done in 65.34s
2026-03-28 04:28:43    [ckpt] removed old checkpoint: checkpoints_win_reward\policy_update_00331.pt
2026-03-28 04:28:43    [ckpt] saved → checkpoints_win_reward\policy_update_00334.pt  (keeping last 3)
2026-03-28 04:28:43  
2026-03-28 04:28:43  ╔══ update 0334 ════════════════════════════════════════════
2026-03-28 04:28:43  ║  Wall time     : 532.5s  (dist 0.16s | collect 462.61s | GAE 0.0208s | PPO 65.34s)
2026-03-28 04:28:43  ║  Simul rounds  : 1
2026-03-28 04:28:43  ║  Games finished:      5  (conquest 4, timeout 1)
2026-03-28 04:28:43  ║  Win rate      : 0.800
2026-03-28 04:28:43  ║  Avg ep length : 6553.6 steps
2026-03-28 04:28:43  ║  Avg reward/ep : 16.0000
2026-03-28 04:28:43  ║  p_loss        : 0.0062
2026-03-28 04:28:43  ║  v_loss        : 0.6126
2026-03-28 04:28:43  ║  entropy       : 1.7366
2026-03-28 04:28:43  ╚════════════════════════════════════════════════════════════
2026-03-28 04:28:43  
2026-03-28 04:36:24  
[update 0335] winner found after 1 simulation round(s)  (dist 0.091s | collect 460.75s)
2026-03-28 04:36:24  [update 0335] per-player GAE in 0.0227s
2026-03-28 04:40:00  [update 0335] PPO update done in 211.38s
2026-03-28 04:40:00    [ckpt] removed old checkpoint: checkpoints_win_reward\policy_update_00332.pt
2026-03-28 04:40:00    [ckpt] saved → checkpoints_win_reward\policy_update_00335.pt  (keeping last 3)
2026-03-28 04:40:00  
2026-03-28 04:40:00  ╔══ update 0335 ════════════════════════════════════════════
2026-03-28 04:40:00  ║  Wall time     : 676.7s  (dist 0.09s | collect 460.75s | GAE 0.0227s | PPO 211.38s)
2026-03-28 04:40:00  ║  Simul rounds  : 1
2026-03-28 04:40:00  ║  Games finished:     13  (conquest 10, timeout 3)
2026-03-28 04:40:00  ║  Win rate      : 0.769
2026-03-28 04:40:00  ║  Avg ep length : 2520.6 steps
2026-03-28 04:40:00  ║  Avg reward/ep : 15.3846
2026-03-28 04:40:00  ║  p_loss        : 0.0046
2026-03-28 04:40:00  ║  v_loss        : 0.6017
2026-03-28 04:40:00  ║  entropy       : 1.6785
2026-03-28 04:40:00  ╚════════════════════════════════════════════════════════════
2026-03-28 04:40:00  
2026-03-28 04:47:16  
[update 0336] winner found after 1 simulation round(s)  (dist 0.150s | collect 435.92s)
2026-03-28 04:47:16  [update 0336] per-player GAE in 0.0239s
2026-03-28 04:50:34  [update 0336] PPO update done in 193.67s
2026-03-28 04:50:34    [ckpt] removed old checkpoint: checkpoints_win_reward\policy_update_00333.pt
2026-03-28 04:50:34    [ckpt] saved → checkpoints_win_reward\policy_update_00336.pt  (keeping last 3)
2026-03-28 04:50:34  
2026-03-28 04:50:34  ╔══ update 0336 ════════════════════════════════════════════
2026-03-28 04:50:34  ║  Wall time     : 634.3s  (dist 0.15s | collect 435.92s | GAE 0.0239s | PPO 193.67s)
2026-03-28 04:50:34  ║  Simul rounds  : 1
2026-03-28 04:50:34  ║  Games finished:      8  (conquest 8, timeout 0)
2026-03-28 04:50:34  ║  Win rate      : 1.000
2026-03-28 04:50:34  ║  Avg ep length : 4096.0 steps
2026-03-28 04:50:34  ║  Avg reward/ep : 20.0000
2026-03-28 04:50:34  ║  p_loss        : 0.0072
2026-03-28 04:50:34  ║  v_loss        : 0.5226
2026-03-28 04:50:34  ║  entropy       : 1.6067
2026-03-28 04:50:34  ╚════════════════════════════════════════════════════════════
2026-03-28 04:50:34  
2026-03-28 04:57:51  
[update 0337] winner found after 1 simulation round(s)  (dist 0.148s | collect 437.06s)
2026-03-28 04:57:51  [update 0337] per-player GAE in 0.0213s
2026-03-28 04:59:41  [update 0337] PPO update done in 105.17s
2026-03-28 04:59:41    [ckpt] removed old checkpoint: checkpoints_win_reward\policy_update_00334.pt
2026-03-28 04:59:41    [ckpt] saved → checkpoints_win_reward\policy_update_00337.pt  (keeping last 3)
2026-03-28 04:59:41  
2026-03-28 04:59:41  ╔══ update 0337 ════════════════════════════════════════════
2026-03-28 04:59:41  ║  Wall time     : 546.6s  (dist 0.15s | collect 437.06s | GAE 0.0213s | PPO 105.17s)
2026-03-28 04:59:41  ║  Simul rounds  : 1
2026-03-28 04:59:41  ║  Games finished:      4  (conquest 3, timeout 1)
2026-03-28 04:59:41  ║  Win rate      : 0.750
2026-03-28 04:59:41  ║  Avg ep length : 8192.0 steps
2026-03-28 04:59:41  ║  Avg reward/ep : 15.0000
2026-03-28 04:59:41  ║  p_loss        : 0.0040
2026-03-28 04:59:41  ║  v_loss        : 0.1669
2026-03-28 04:59:41  ║  entropy       : 2.1570
2026-03-28 04:59:41  ╚════════════════════════════════════════════════════════════
2026-03-28 04:59:41  
2026-03-28 05:06:45  
[update 0338] winner found after 1 simulation round(s)  (dist 0.084s | collect 423.81s)
2026-03-28 05:06:45  [update 0338] per-player GAE in 0.0209s
2026-03-28 05:10:29  [update 0338] PPO update done in 220.15s
2026-03-28 05:10:29    [ckpt] removed old checkpoint: checkpoints_win_reward\policy_update_00335.pt
2026-03-28 05:10:29    [ckpt] saved → checkpoints_win_reward\policy_update_00338.pt  (keeping last 3)
2026-03-28 05:10:29  
2026-03-28 05:10:29  ╔══ update 0338 ════════════════════════════════════════════
2026-03-28 05:10:29  ║  Wall time     : 648.3s  (dist 0.08s | collect 423.81s | GAE 0.0209s | PPO 220.15s)
2026-03-28 05:10:29  ║  Simul rounds  : 1
2026-03-28 05:10:29  ║  Games finished:      8  (conquest 7, timeout 1)
2026-03-28 05:10:29  ║  Win rate      : 0.875
2026-03-28 05:10:29  ║  Avg ep length : 4096.0 steps
2026-03-28 05:10:29  ║  Avg reward/ep : 17.5000
2026-03-28 05:10:29  ║  p_loss        : 0.0058
2026-03-28 05:10:29  ║  v_loss        : 0.2444
2026-03-28 05:10:29  ║  entropy       : 1.9322
2026-03-28 05:10:29  ╚════════════════════════════════════════════════════════════
2026-03-28 05:10:29  
2026-03-28 05:17:55  
[update 0339] winner found after 1 simulation round(s)  (dist 0.075s | collect 445.44s)
2026-03-28 05:17:55  [update 0339] per-player GAE in 0.0217s
2026-03-28 05:19:16  [update 0339] PPO update done in 77.97s
2026-03-28 05:19:16    [ckpt] removed old checkpoint: checkpoints_win_reward\policy_update_00336.pt
2026-03-28 05:19:16    [ckpt] saved → checkpoints_win_reward\policy_update_00339.pt  (keeping last 3)
2026-03-28 05:19:16  
2026-03-28 05:19:16  ╔══ update 0339 ════════════════════════════════════════════
2026-03-28 05:19:16  ║  Wall time     : 527.3s  (dist 0.08s | collect 445.44s | GAE 0.0217s | PPO 77.97s)
2026-03-28 05:19:16  ║  Simul rounds  : 1
2026-03-28 05:19:16  ║  Games finished:      2  (conquest 2, timeout 0)
2026-03-28 05:19:16  ║  Win rate      : 1.000
2026-03-28 05:19:16  ║  Avg ep length : 16384.0 steps
2026-03-28 05:19:16  ║  Avg reward/ep : 20.0000
2026-03-28 05:19:16  ║  p_loss        : -0.0026
2026-03-28 05:19:16  ║  v_loss        : 0.1783
2026-03-28 05:19:16  ║  entropy       : 2.0662
2026-03-28 05:19:16  ╚════════════════════════════════════════════════════════════
2026-03-28 05:19:16  
2026-03-28 05:25:59  
[update 0340] winner found after 1 simulation round(s)  (dist 0.127s | collect 402.57s)
2026-03-28 05:25:59  [update 0340] per-player GAE in 0.0217s
2026-03-28 05:27:49  [update 0340] PPO update done in 105.74s
2026-03-28 05:27:49    [ckpt] removed old checkpoint: checkpoints_win_reward\policy_update_00337.pt
2026-03-28 05:27:49    [ckpt] saved → checkpoints_win_reward\policy_update_00340.pt  (keeping last 3)
2026-03-28 05:27:49  
2026-03-28 05:27:49  ╔══ update 0340 ════════════════════════════════════════════
2026-03-28 05:27:49  ║  Wall time     : 512.5s  (dist 0.13s | collect 402.57s | GAE 0.0217s | PPO 105.74s)
2026-03-28 05:27:49  ║  Simul rounds  : 1
2026-03-28 05:27:49  ║  Games finished:      4  (conquest 4, timeout 0)
2026-03-28 05:27:49  ║  Win rate      : 1.000
2026-03-28 05:27:49  ║  Avg ep length : 8192.0 steps
2026-03-28 05:27:49  ║  Avg reward/ep : 20.0000
2026-03-28 05:27:49  ║  p_loss        : 0.0070
2026-03-28 05:27:49  ║  v_loss        : 0.3139
2026-03-28 05:27:49  ║  entropy       : 1.7732
2026-03-28 05:27:49  ╚════════════════════════════════════════════════════════════
2026-03-28 05:27:49  
2026-03-28 05:35:13  
[update 0341] winner found after 1 simulation round(s)  (dist 0.078s | collect 443.92s)
2026-03-28 05:35:13  [update 0341] per-player GAE in 0.0243s
2026-03-28 05:37:10  [update 0341] PPO update done in 113.01s
2026-03-28 05:37:10    [ckpt] removed old checkpoint: checkpoints_win_reward\policy_update_00338.pt
2026-03-28 05:37:10    [ckpt] saved → checkpoints_win_reward\policy_update_00341.pt  (keeping last 3)
2026-03-28 05:37:10  
2026-03-28 05:37:10  ╔══ update 0341 ════════════════════════════════════════════
2026-03-28 05:37:10  ║  Wall time     : 561.1s  (dist 0.08s | collect 443.92s | GAE 0.0243s | PPO 113.01s)
2026-03-28 05:37:10  ║  Simul rounds  : 1
2026-03-28 05:37:10  ║  Games finished:      3  (conquest 3, timeout 0)
2026-03-28 05:37:10  ║  Win rate      : 1.000
2026-03-28 05:37:10  ║  Avg ep length : 10922.7 steps
2026-03-28 05:37:10  ║  Avg reward/ep : 20.0000
2026-03-28 05:37:10  ║  p_loss        : 0.0100
2026-03-28 05:37:10  ║  v_loss        : 0.1314
2026-03-28 05:37:10  ║  entropy       : 1.7774
2026-03-28 05:37:10  ╚════════════════════════════════════════════════════════════
2026-03-28 05:37:10  
2026-03-28 05:44:41  
[update 0342] winner found after 1 simulation round(s)  (dist 0.140s | collect 450.45s)
2026-03-28 05:44:41  [update 0342] per-player GAE in 0.0216s
2026-03-28 05:47:53  [update 0342] PPO update done in 188.63s
2026-03-28 05:47:54    [ckpt] removed old checkpoint: checkpoints_win_reward\policy_update_00339.pt
2026-03-28 05:47:54    [ckpt] saved → checkpoints_win_reward\policy_update_00342.pt  (keeping last 3)
2026-03-28 05:47:54  
2026-03-28 05:47:54  ╔══ update 0342 ════════════════════════════════════════════
2026-03-28 05:47:54  ║  Wall time     : 643.8s  (dist 0.14s | collect 450.45s | GAE 0.0216s | PPO 188.63s)
2026-03-28 05:47:54  ║  Simul rounds  : 1
2026-03-28 05:47:54  ║  Games finished:      6  (conquest 5, timeout 1)
2026-03-28 05:47:54  ║  Win rate      : 0.833
2026-03-28 05:47:54  ║  Avg ep length : 5461.3 steps
2026-03-28 05:47:54  ║  Avg reward/ep : 16.6667
2026-03-28 05:47:54  ║  p_loss        : 0.0079
2026-03-28 05:47:54  ║  v_loss        : 0.3102
2026-03-28 05:47:54  ║  entropy       : 1.8932
2026-03-28 05:47:54  ╚════════════════════════════════════════════════════════════
2026-03-28 05:47:54  
2026-03-28 05:54:52  
[update 0343] winner found after 1 simulation round(s)  (dist 0.138s | collect 418.46s)
2026-03-28 05:54:53  [update 0343] per-player GAE in 0.0239s
2026-03-28 05:57:52  [update 0343] PPO update done in 175.56s
2026-03-28 05:57:52    [ckpt] removed old checkpoint: checkpoints_win_reward\policy_update_00340.pt
2026-03-28 05:57:52    [ckpt] saved → checkpoints_win_reward\policy_update_00343.pt  (keeping last 3)
2026-03-28 05:57:52  
2026-03-28 05:57:52  ╔══ update 0343 ════════════════════════════════════════════
2026-03-28 05:57:52  ║  Wall time     : 598.2s  (dist 0.14s | collect 418.46s | GAE 0.0239s | PPO 175.56s)
2026-03-28 05:57:52  ║  Simul rounds  : 1
2026-03-28 05:57:52  ║  Games finished:      4  (conquest 4, timeout 0)
2026-03-28 05:57:52  ║  Win rate      : 1.000
2026-03-28 05:57:52  ║  Avg ep length : 8192.0 steps
2026-03-28 05:57:52  ║  Avg reward/ep : 20.0000
2026-03-28 05:57:52  ║  p_loss        : 0.0062
2026-03-28 05:57:52  ║  v_loss        : 0.3124
2026-03-28 05:57:52  ║  entropy       : 1.9798
2026-03-28 05:57:52  ╚════════════════════════════════════════════════════════════
2026-03-28 05:57:52  
2026-03-28 06:05:28  
[update 0344] winner found after 1 simulation round(s)  (dist 0.087s | collect 456.21s)
2026-03-28 06:05:28  [update 0344] per-player GAE in 0.0217s
2026-03-28 06:09:11  [update 0344] PPO update done in 218.81s
2026-03-28 06:09:11    [ckpt] removed old checkpoint: checkpoints_win_reward\policy_update_00341.pt
2026-03-28 06:09:11    [ckpt] saved → checkpoints_win_reward\policy_update_00344.pt  (keeping last 3)
2026-03-28 06:09:11  
2026-03-28 06:09:11  ╔══ update 0344 ════════════════════════════════════════════
2026-03-28 06:09:11  ║  Wall time     : 679.4s  (dist 0.09s | collect 456.21s | GAE 0.0217s | PPO 218.81s)
2026-03-28 06:09:11  ║  Simul rounds  : 1
2026-03-28 06:09:11  ║  Games finished:      5  (conquest 5, timeout 0)
2026-03-28 06:09:11  ║  Win rate      : 1.000
2026-03-28 06:09:11  ║  Avg ep length : 6553.6 steps
2026-03-28 06:09:11  ║  Avg reward/ep : 20.0000
2026-03-28 06:09:11  ║  p_loss        : -0.0004
2026-03-28 06:09:11  ║  v_loss        : 0.4327
2026-03-28 06:09:11  ║  entropy       : 1.8086
2026-03-28 06:09:11  ╚════════════════════════════════════════════════════════════
2026-03-28 06:09:11  
2026-03-28 06:16:09  
[update 0345] winner found after 1 simulation round(s)  (dist 0.081s | collect 417.83s)
2026-03-28 06:16:09  [update 0345] per-player GAE in 0.0212s
2026-03-28 06:20:21  [update 0345] PPO update done in 247.15s
2026-03-28 06:20:21    [ckpt] removed old checkpoint: checkpoints_win_reward\policy_update_00342.pt
2026-03-28 06:20:21    [ckpt] saved → checkpoints_win_reward\policy_update_00345.pt  (keeping last 3)
2026-03-28 06:20:21  
2026-03-28 06:20:21  ╔══ update 0345 ════════════════════════════════════════════
2026-03-28 06:20:21  ║  Wall time     : 670.0s  (dist 0.08s | collect 417.83s | GAE 0.0212s | PPO 247.15s)
2026-03-28 06:20:21  ║  Simul rounds  : 1
2026-03-28 06:20:21  ║  Games finished:     11  (conquest 9, timeout 2)
2026-03-28 06:20:21  ║  Win rate      : 0.818
2026-03-28 06:20:21  ║  Avg ep length : 2978.9 steps
2026-03-28 06:20:21  ║  Avg reward/ep : 16.3636
2026-03-28 06:20:21  ║  p_loss        : 0.0048
2026-03-28 06:20:21  ║  v_loss        : 0.3579
2026-03-28 06:20:21  ║  entropy       : 1.7924
2026-03-28 06:20:21  ╚════════════════════════════════════════════════════════════
2026-03-28 06:20:21  
2026-03-28 06:27:25  
[update 0346] winner found after 1 simulation round(s)  (dist 0.143s | collect 423.44s)
2026-03-28 06:27:25  [update 0346] per-player GAE in 0.0258s
2026-03-28 06:30:32  [update 0346] PPO update done in 183.16s
2026-03-28 06:30:33    [ckpt] removed old checkpoint: checkpoints_win_reward\policy_update_00343.pt
2026-03-28 06:30:33    [ckpt] saved → checkpoints_win_reward\policy_update_00346.pt  (keeping last 3)
2026-03-28 06:30:33  
2026-03-28 06:30:33  ╔══ update 0346 ════════════════════════════════════════════
2026-03-28 06:30:33  ║  Wall time     : 611.3s  (dist 0.14s | collect 423.44s | GAE 0.0258s | PPO 183.16s)
2026-03-28 06:30:33  ║  Simul rounds  : 1
2026-03-28 06:30:33  ║  Games finished:      8  (conquest 8, timeout 0)
2026-03-28 06:30:33  ║  Win rate      : 1.000
2026-03-28 06:30:33  ║  Avg ep length : 4096.0 steps
2026-03-28 06:30:33  ║  Avg reward/ep : 21.2500
2026-03-28 06:30:33  ║  p_loss        : 0.0126
2026-03-28 06:30:33  ║  v_loss        : 0.3640
2026-03-28 06:30:33  ║  entropy       : 1.7435
2026-03-28 06:30:33  ╚════════════════════════════════════════════════════════════
2026-03-28 06:30:33  
2026-03-28 06:37:19  
[update 0347] winner found after 1 simulation round(s)  (dist 0.141s | collect 406.42s)
2026-03-28 06:37:19  [update 0347] per-player GAE in 0.0218s
2026-03-28 06:42:06  [update 0347] PPO update done in 281.84s
2026-03-28 06:42:06    [ckpt] removed old checkpoint: checkpoints_win_reward\policy_update_00344.pt
2026-03-28 06:42:06    [ckpt] saved → checkpoints_win_reward\policy_update_00347.pt  (keeping last 3)
2026-03-28 06:42:06  
2026-03-28 06:42:06  ╔══ update 0347 ════════════════════════════════════════════
2026-03-28 06:42:06  ║  Wall time     : 693.5s  (dist 0.14s | collect 406.42s | GAE 0.0218s | PPO 281.84s)
2026-03-28 06:42:06  ║  Simul rounds  : 1
2026-03-28 06:42:06  ║  Games finished:      7  (conquest 7, timeout 0)
2026-03-28 06:42:06  ║  Win rate      : 1.000
2026-03-28 06:42:06  ║  Avg ep length : 4681.1 steps
2026-03-28 06:42:06  ║  Avg reward/ep : 20.0000
2026-03-28 06:42:06  ║  p_loss        : 0.0065
2026-03-28 06:42:06  ║  v_loss        : 0.2508
2026-03-28 06:42:06  ║  entropy       : 1.8229
2026-03-28 06:42:06  ╚════════════════════════════════════════════════════════════
2026-03-28 06:42:06  
2026-03-28 06:49:06  
[update 0348] winner found after 1 simulation round(s)  (dist 0.085s | collect 419.24s)
2026-03-28 06:49:06  [update 0348] per-player GAE in 0.0225s
2026-03-28 06:53:17  [update 0348] PPO update done in 247.64s
2026-03-28 06:53:18    [ckpt] removed old checkpoint: checkpoints_win_reward\policy_update_00345.pt
2026-03-28 06:53:18    [ckpt] saved → checkpoints_win_reward\policy_update_00348.pt  (keeping last 3)
2026-03-28 06:53:18  
2026-03-28 06:53:18  ╔══ update 0348 ════════════════════════════════════════════
2026-03-28 06:53:18  ║  Wall time     : 671.4s  (dist 0.09s | collect 419.24s | GAE 0.0225s | PPO 247.64s)
2026-03-28 06:53:18  ║  Simul rounds  : 1
2026-03-28 06:53:18  ║  Games finished:     13  (conquest 11, timeout 2)
2026-03-28 06:53:18  ║  Win rate      : 0.846
2026-03-28 06:53:18  ║  Avg ep length : 2520.6 steps
2026-03-28 06:53:18  ║  Avg reward/ep : 17.6923
2026-03-28 06:53:18  ║  p_loss        : 0.0042
2026-03-28 06:53:18  ║  v_loss        : 0.4234
2026-03-28 06:53:18  ║  entropy       : 1.7187
2026-03-28 06:53:18  ╚════════════════════════════════════════════════════════════
2026-03-28 06:53:18  
2026-03-28 07:00:00  
[update 0349] winner found after 1 simulation round(s)  (dist 0.130s | collect 401.83s)
2026-03-28 07:00:00  [update 0349] per-player GAE in 0.0213s
2026-03-28 07:04:42  [update 0349] PPO update done in 278.13s
2026-03-28 07:04:42    [ckpt] removed old checkpoint: checkpoints_win_reward\policy_update_00346.pt
2026-03-28 07:04:42    [ckpt] saved → checkpoints_win_reward\policy_update_00349.pt  (keeping last 3)
2026-03-28 07:04:42  
2026-03-28 07:04:42  ╔══ update 0349 ════════════════════════════════════════════
2026-03-28 07:04:42  ║  Wall time     : 684.5s  (dist 0.13s | collect 401.83s | GAE 0.0213s | PPO 278.13s)
2026-03-28 07:04:42  ║  Simul rounds  : 1
2026-03-28 07:04:42  ║  Games finished:      8  (conquest 8, timeout 0)
2026-03-28 07:04:42  ║  Win rate      : 1.000
2026-03-28 07:04:42  ║  Avg ep length : 4096.0 steps
2026-03-28 07:04:42  ║  Avg reward/ep : 20.0000
2026-03-28 07:04:42  ║  p_loss        : 0.0013
2026-03-28 07:04:42  ║  v_loss        : 0.4737
2026-03-28 07:04:42  ║  entropy       : 1.8743
2026-03-28 07:04:42  ╚════════════════════════════════════════════════════════════
2026-03-28 07:04:42  
2026-03-28 07:11:40  
[update 0350] winner found after 1 simulation round(s)  (dist 0.150s | collect 418.05s)
2026-03-28 07:11:40  [update 0350] per-player GAE in 0.0220s
2026-03-28 07:16:01  [update 0350] PPO update done in 255.52s
2026-03-28 07:16:01    [ckpt] removed old checkpoint: checkpoints_win_reward\policy_update_00347.pt
2026-03-28 07:16:01    [ckpt] saved → checkpoints_win_reward\policy_update_00350.pt  (keeping last 3)
2026-03-28 07:16:01  
2026-03-28 07:16:01  ╔══ update 0350 ════════════════════════════════════════════
2026-03-28 07:16:01  ║  Wall time     : 678.8s  (dist 0.15s | collect 418.05s | GAE 0.0220s | PPO 255.52s)
2026-03-28 07:16:01  ║  Simul rounds  : 1
2026-03-28 07:16:01  ║  Games finished:      8  (conquest 8, timeout 0)
2026-03-28 07:16:01  ║  Win rate      : 1.000
2026-03-28 07:16:01  ║  Avg ep length : 4096.0 steps
2026-03-28 07:16:01  ║  Avg reward/ep : 20.0000
2026-03-28 07:16:01  ║  p_loss        : 0.0062
2026-03-28 07:16:01  ║  v_loss        : 0.2619
2026-03-28 07:16:01  ║  entropy       : 1.8098
2026-03-28 07:16:01  ╚════════════════════════════════════════════════════════════
2026-03-28 07:16:01  
2026-03-28 07:22:59  
[update 0351] winner found after 1 simulation round(s)  (dist 0.146s | collect 417.63s)
2026-03-28 07:22:59  [update 0351] per-player GAE in 0.0210s
2026-03-28 07:28:08  [update 0351] PPO update done in 304.36s
2026-03-28 07:28:08    [ckpt] removed old checkpoint: checkpoints_win_reward\policy_update_00348.pt
2026-03-28 07:28:08    [ckpt] saved → checkpoints_win_reward\policy_update_00351.pt  (keeping last 3)
2026-03-28 07:28:08  
2026-03-28 07:28:08  ╔══ update 0351 ════════════════════════════════════════════
2026-03-28 07:28:08  ║  Wall time     : 727.3s  (dist 0.15s | collect 417.63s | GAE 0.0210s | PPO 304.36s)
2026-03-28 07:28:08  ║  Simul rounds  : 1
2026-03-28 07:28:08  ║  Games finished:     13  (conquest 12, timeout 1)
2026-03-28 07:28:08  ║  Win rate      : 0.923
2026-03-28 07:28:08  ║  Avg ep length : 2520.6 steps
2026-03-28 07:28:08  ║  Avg reward/ep : 18.4615
2026-03-28 07:28:08  ║  p_loss        : 0.0019
2026-03-28 07:28:08  ║  v_loss        : 0.4529
2026-03-28 07:28:08  ║  entropy       : 1.9459
2026-03-28 07:28:08  ╚════════════════════════════════════════════════════════════
2026-03-28 07:28:08  
2026-03-28 07:35:22  
[update 0352] winner found after 1 simulation round(s)  (dist 0.081s | collect 433.48s)
2026-03-28 07:35:22  [update 0352] per-player GAE in 0.0221s
2026-03-28 07:42:44  [update 0352] PPO update done in 437.91s
2026-03-28 07:42:45    [ckpt] removed old checkpoint: checkpoints_win_reward\policy_update_00349.pt
2026-03-28 07:42:45    [ckpt] saved → checkpoints_win_reward\policy_update_00352.pt  (keeping last 3)
2026-03-28 07:42:45  
2026-03-28 07:42:45  ╔══ update 0352 ════════════════════════════════════════════
2026-03-28 07:42:45  ║  Wall time     : 876.6s  (dist 0.08s | collect 433.48s | GAE 0.0221s | PPO 437.91s)
2026-03-28 07:42:45  ║  Simul rounds  : 1
2026-03-28 07:42:45  ║  Games finished:     12  (conquest 12, timeout 0)
2026-03-28 07:42:45  ║  Win rate      : 1.000
2026-03-28 07:42:45  ║  Avg ep length : 2730.7 steps
2026-03-28 07:42:45  ║  Avg reward/ep : 20.0000
2026-03-28 07:42:45  ║  p_loss        : -0.0002
2026-03-28 07:42:45  ║  v_loss        : 0.3389
2026-03-28 07:42:45  ║  entropy       : 1.8854
2026-03-28 07:42:45  ╚════════════════════════════════════════════════════════════
2026-03-28 07:42:45  
2026-03-28 07:49:22  
[update 0353] winner found after 1 simulation round(s)  (dist 0.090s | collect 396.93s)
2026-03-28 07:49:22  [update 0353] per-player GAE in 0.0212s
2026-03-28 07:54:29  [update 0353] PPO update done in 302.51s
2026-03-28 07:54:30    [ckpt] removed old checkpoint: checkpoints_win_reward\policy_update_00350.pt
2026-03-28 07:54:30    [ckpt] saved → checkpoints_win_reward\policy_update_00353.pt  (keeping last 3)
2026-03-28 07:54:30  
2026-03-28 07:54:30  ╔══ update 0353 ════════════════════════════════════════════
2026-03-28 07:54:30  ║  Wall time     : 704.9s  (dist 0.09s | collect 396.93s | GAE 0.0212s | PPO 302.51s)
2026-03-28 07:54:30  ║  Simul rounds  : 1
2026-03-28 07:54:30  ║  Games finished:     12  (conquest 12, timeout 0)
2026-03-28 07:54:30  ║  Win rate      : 1.000
2026-03-28 07:54:30  ║  Avg ep length : 2730.7 steps
2026-03-28 07:54:30  ║  Avg reward/ep : 20.0000
2026-03-28 07:54:30  ║  p_loss        : 0.0041
2026-03-28 07:54:30  ║  v_loss        : 0.2802
2026-03-28 07:54:30  ║  entropy       : 1.9402
2026-03-28 07:54:30  ╚════════════════════════════════════════════════════════════
2026-03-28 07:54:30  
2026-03-28 08:01:25  
[update 0354] winner found after 1 simulation round(s)  (dist 0.148s | collect 415.37s)
2026-03-28 08:01:25  [update 0354] per-player GAE in 0.0217s
2026-03-28 08:08:32  [update 0354] PPO update done in 421.99s
2026-03-28 08:08:32    [ckpt] removed old checkpoint: checkpoints_win_reward\policy_update_00351.pt
2026-03-28 08:08:32    [ckpt] saved → checkpoints_win_reward\policy_update_00354.pt  (keeping last 3)
2026-03-28 08:08:32  
2026-03-28 08:08:32  ╔══ update 0354 ════════════════════════════════════════════
2026-03-28 08:08:32  ║  Wall time     : 842.4s  (dist 0.15s | collect 415.37s | GAE 0.0217s | PPO 421.99s)
2026-03-28 08:08:32  ║  Simul rounds  : 1
2026-03-28 08:08:32  ║  Games finished:     11  (conquest 10, timeout 1)
2026-03-28 08:08:32  ║  Win rate      : 0.909
2026-03-28 08:08:32  ║  Avg ep length : 2978.9 steps
2026-03-28 08:08:32  ║  Avg reward/ep : 18.1818
2026-03-28 08:08:32  ║  p_loss        : -0.0023
2026-03-28 08:08:32  ║  v_loss        : 0.3926
2026-03-28 08:08:32  ║  entropy       : 1.8203
2026-03-28 08:08:32  ╚════════════════════════════════════════════════════════════
2026-03-28 08:08:32  
2026-03-28 08:15:17  
[update 0355] winner found after 1 simulation round(s)  (dist 0.079s | collect 404.68s)
2026-03-28 08:15:17  [update 0355] per-player GAE in 0.0217s
2026-03-28 08:20:38  [update 0355] PPO update done in 315.99s
2026-03-28 08:20:38    [ckpt] removed old checkpoint: checkpoints_win_reward\policy_update_00352.pt
2026-03-28 08:20:38    [ckpt] saved → checkpoints_win_reward\policy_update_00355.pt  (keeping last 3)
2026-03-28 08:20:38  
2026-03-28 08:20:38  ╔══ update 0355 ════════════════════════════════════════════
2026-03-28 08:20:38  ║  Wall time     : 726.3s  (dist 0.08s | collect 404.68s | GAE 0.0217s | PPO 315.99s)
2026-03-28 08:20:38  ║  Simul rounds  : 1
2026-03-28 08:20:38  ║  Games finished:     16  (conquest 15, timeout 1)
2026-03-28 08:20:38  ║  Win rate      : 0.938
2026-03-28 08:20:38  ║  Avg ep length : 2048.0 steps
2026-03-28 08:20:38  ║  Avg reward/ep : 18.7500
2026-03-28 08:20:38  ║  p_loss        : 0.0054
2026-03-28 08:20:38  ║  v_loss        : 0.3579
2026-03-28 08:20:38  ║  entropy       : 1.6897
2026-03-28 08:20:38  ╚════════════════════════════════════════════════════════════
2026-03-28 08:20:38  
2026-03-28 08:27:11  
[update 0356] winner found after 1 simulation round(s)  (dist 0.143s | collect 392.46s)
2026-03-28 08:27:11  [update 0356] per-player GAE in 0.0216s
2026-03-28 08:33:54  [update 0356] PPO update done in 398.53s
2026-03-28 08:33:54    [ckpt] removed old checkpoint: checkpoints_win_reward\policy_update_00353.pt
2026-03-28 08:33:54    [ckpt] saved → checkpoints_win_reward\policy_update_00356.pt  (keeping last 3)
2026-03-28 08:33:54  
2026-03-28 08:33:54  ╔══ update 0356 ════════════════════════════════════════════
2026-03-28 08:33:54  ║  Wall time     : 795.8s  (dist 0.14s | collect 392.46s | GAE 0.0216s | PPO 398.53s)
2026-03-28 08:33:54  ║  Simul rounds  : 1
2026-03-28 08:33:54  ║  Games finished:     12  (conquest 12, timeout 0)
2026-03-28 08:33:54  ║  Win rate      : 1.000
2026-03-28 08:33:54  ║  Avg ep length : 2730.7 steps
2026-03-28 08:33:54  ║  Avg reward/ep : 20.0000
2026-03-28 08:33:54  ║  p_loss        : 0.0025
2026-03-28 08:33:54  ║  v_loss        : 0.4005
2026-03-28 08:33:54  ║  entropy       : 1.7599
2026-03-28 08:33:54  ╚════════════════════════════════════════════════════════════
2026-03-28 08:33:54  
2026-03-28 08:40:51  
[update 0357] winner found after 1 simulation round(s)  (dist 0.080s | collect 416.27s)
2026-03-28 08:40:51  [update 0357] per-player GAE in 0.0222s
2026-03-28 08:46:26  [update 0357] PPO update done in 329.55s
2026-03-28 08:46:26    [ckpt] removed old checkpoint: checkpoints_win_reward\policy_update_00354.pt
2026-03-28 08:46:26    [ckpt] saved → checkpoints_win_reward\policy_update_00357.pt  (keeping last 3)
2026-03-28 08:46:26  
2026-03-28 08:46:26  ╔══ update 0357 ════════════════════════════════════════════
2026-03-28 08:46:26  ║  Wall time     : 752.0s  (dist 0.08s | collect 416.27s | GAE 0.0222s | PPO 329.55s)
2026-03-28 08:46:26  ║  Simul rounds  : 1
2026-03-28 08:46:26  ║  Games finished:     14  (conquest 14, timeout 0)
2026-03-28 08:46:26  ║  Win rate      : 1.000
2026-03-28 08:46:26  ║  Avg ep length : 2340.6 steps
2026-03-28 08:46:26  ║  Avg reward/ep : 20.0000
2026-03-28 08:46:26  ║  p_loss        : 0.0026
2026-03-28 08:46:26  ║  v_loss        : 0.4146
2026-03-28 08:46:26  ║  entropy       : 1.8259
2026-03-28 08:46:26  ╚════════════════════════════════════════════════════════════
2026-03-28 08:46:26  
2026-03-28 08:53:08  
[update 0358] winner found after 1 simulation round(s)  (dist 0.141s | collect 401.97s)
2026-03-28 08:53:08  [update 0358] per-player GAE in 0.0228s
2026-03-28 08:56:48  [update 0358] PPO update done in 216.28s
2026-03-28 08:56:49    [ckpt] removed old checkpoint: checkpoints_win_reward\policy_update_00355.pt
2026-03-28 08:56:49    [ckpt] saved → checkpoints_win_reward\policy_update_00358.pt  (keeping last 3)
2026-03-28 08:56:49  
2026-03-28 08:56:49  ╔══ update 0358 ════════════════════════════════════════════
2026-03-28 08:56:49  ║  Wall time     : 622.6s  (dist 0.14s | collect 401.97s | GAE 0.0228s | PPO 216.28s)
2026-03-28 08:56:49  ║  Simul rounds  : 1
2026-03-28 08:56:49  ║  Games finished:      8  (conquest 6, timeout 2)
2026-03-28 08:56:49  ║  Win rate      : 0.750
2026-03-28 08:56:49  ║  Avg ep length : 4096.0 steps
2026-03-28 08:56:49  ║  Avg reward/ep : 15.0000
2026-03-28 08:56:49  ║  p_loss        : 0.0060
2026-03-28 08:56:49  ║  v_loss        : 0.2550
2026-03-28 08:56:49  ║  entropy       : 1.9427
2026-03-28 08:56:49  ╚════════════════════════════════════════════════════════════
2026-03-28 08:56:49  
2026-03-28 09:03:15  
[update 0359] winner found after 1 simulation round(s)  (dist 0.085s | collect 386.34s)
2026-03-28 09:03:15  [update 0359] per-player GAE in 0.0267s
2026-03-28 09:05:39  [update 0359] PPO update done in 139.10s
2026-03-28 09:05:39    [ckpt] removed old checkpoint: checkpoints_win_reward\policy_update_00356.pt
2026-03-28 09:05:39    [ckpt] saved → checkpoints_win_reward\policy_update_00359.pt  (keeping last 3)
2026-03-28 09:05:39  
2026-03-28 09:05:39  ╔══ update 0359 ════════════════════════════════════════════
2026-03-28 09:05:39  ║  Wall time     : 530.0s  (dist 0.09s | collect 386.34s | GAE 0.0267s | PPO 139.10s)
2026-03-28 09:05:39  ║  Simul rounds  : 1
2026-03-28 09:05:39  ║  Games finished:      5  (conquest 5, timeout 0)
2026-03-28 09:05:39  ║  Win rate      : 1.000
2026-03-28 09:05:39  ║  Avg ep length : 6553.6 steps
2026-03-28 09:05:39  ║  Avg reward/ep : 20.0000
2026-03-28 09:05:39  ║  p_loss        : 0.0087
2026-03-28 09:05:39  ║  v_loss        : 0.2421
2026-03-28 09:05:39  ║  entropy       : 1.9558
2026-03-28 09:05:39  ╚════════════════════════════════════════════════════════════
2026-03-28 09:05:39  
2026-03-28 09:12:09  
[update 0360] winner found after 1 simulation round(s)  (dist 0.089s | collect 390.15s)
2026-03-28 09:12:09  [update 0360] per-player GAE in 0.0243s
2026-03-28 09:17:12  [update 0360] PPO update done in 299.61s
2026-03-28 09:17:13    [ckpt] removed old checkpoint: checkpoints_win_reward\policy_update_00357.pt
2026-03-28 09:17:13    [ckpt] saved → checkpoints_win_reward\policy_update_00360.pt  (keeping last 3)
2026-03-28 09:17:13  
2026-03-28 09:17:13  ╔══ update 0360 ════════════════════════════════════════════
2026-03-28 09:17:13  ║  Wall time     : 694.0s  (dist 0.09s | collect 390.15s | GAE 0.0243s | PPO 299.61s)
2026-03-28 09:17:13  ║  Simul rounds  : 1
2026-03-28 09:17:13  ║  Games finished:     10  (conquest 9, timeout 1)
2026-03-28 09:17:13  ║  Win rate      : 0.900
2026-03-28 09:17:13  ║  Avg ep length : 3276.8 steps
2026-03-28 09:17:13  ║  Avg reward/ep : 18.0000
2026-03-28 09:17:13  ║  p_loss        : 0.0007
2026-03-28 09:17:13  ║  v_loss        : 0.3970
2026-03-28 09:17:13  ║  entropy       : 1.8908
2026-03-28 09:17:13  ╚════════════════════════════════════════════════════════════
2026-03-28 09:17:13  
2026-03-28 09:24:09  
[update 0361] winner found after 1 simulation round(s)  (dist 0.132s | collect 416.45s)
2026-03-28 09:24:09  [update 0361] per-player GAE in 0.0237s
2026-03-28 09:31:08  [update 0361] PPO update done in 413.87s
2026-03-28 09:31:09    [ckpt] removed old checkpoint: checkpoints_win_reward\policy_update_00358.pt
2026-03-28 09:31:09    [ckpt] saved → checkpoints_win_reward\policy_update_00361.pt  (keeping last 3)
2026-03-28 09:31:09  
2026-03-28 09:31:09  ╔══ update 0361 ════════════════════════════════════════════
2026-03-28 09:31:09  ║  Wall time     : 835.9s  (dist 0.13s | collect 416.45s | GAE 0.0237s | PPO 413.87s)
2026-03-28 09:31:09  ║  Simul rounds  : 1
2026-03-28 09:31:09  ║  Games finished:     13  (conquest 13, timeout 0)
2026-03-28 09:31:09  ║  Win rate      : 1.000
2026-03-28 09:31:09  ║  Avg ep length : 2520.6 steps
2026-03-28 09:31:09  ║  Avg reward/ep : 20.0000
2026-03-28 09:31:09  ║  p_loss        : 0.0002
2026-03-28 09:31:09  ║  v_loss        : 0.4204
2026-03-28 09:31:09  ║  entropy       : 1.8631
2026-03-28 09:31:09  ╚════════════════════════════════════════════════════════════
2026-03-28 09:31:09  
2026-03-28 09:38:05  
[update 0362] winner found after 1 simulation round(s)  (dist 0.086s | collect 416.60s)
2026-03-28 09:38:05  [update 0362] per-player GAE in 0.0213s
2026-03-28 09:41:42  [update 0362] PPO update done in 212.88s
2026-03-28 09:41:43    [ckpt] removed old checkpoint: checkpoints_win_reward\policy_update_00359.pt
2026-03-28 09:41:43    [ckpt] saved → checkpoints_win_reward\policy_update_00362.pt  (keeping last 3)
2026-03-28 09:41:43  
2026-03-28 09:41:43  ╔══ update 0362 ════════════════════════════════════════════
2026-03-28 09:41:43  ║  Wall time     : 634.0s  (dist 0.09s | collect 416.60s | GAE 0.0213s | PPO 212.88s)
2026-03-28 09:41:43  ║  Simul rounds  : 1
2026-03-28 09:41:43  ║  Games finished:      8  (conquest 8, timeout 0)
2026-03-28 09:41:43  ║  Win rate      : 1.000
2026-03-28 09:41:43  ║  Avg ep length : 4096.0 steps
2026-03-28 09:41:43  ║  Avg reward/ep : 20.0000
2026-03-28 09:41:43  ║  p_loss        : 0.0006
2026-03-28 09:41:43  ║  v_loss        : 0.3838
2026-03-28 09:41:43  ║  entropy       : 1.6379
2026-03-28 09:41:43  ╚════════════════════════════════════════════════════════════
2026-03-28 09:41:43  
2026-03-28 09:48:29  
[update 0363] winner found after 1 simulation round(s)  (dist 0.079s | collect 405.87s)
2026-03-28 09:48:29  [update 0363] per-player GAE in 0.0210s
2026-03-28 09:50:40  [update 0363] PPO update done in 127.39s
2026-03-28 09:50:41    [ckpt] removed old checkpoint: checkpoints_win_reward\policy_update_00360.pt
2026-03-28 09:50:41    [ckpt] saved → checkpoints_win_reward\policy_update_00363.pt  (keeping last 3)
2026-03-28 09:50:41  
2026-03-28 09:50:41  ╔══ update 0363 ════════════════════════════════════════════
2026-03-28 09:50:41  ║  Wall time     : 537.8s  (dist 0.08s | collect 405.87s | GAE 0.0210s | PPO 127.39s)
2026-03-28 09:50:41  ║  Simul rounds  : 1
2026-03-28 09:50:41  ║  Games finished:      7  (conquest 7, timeout 0)
2026-03-28 09:50:41  ║  Win rate      : 1.000
2026-03-28 09:50:41  ║  Avg ep length : 4681.1 steps
2026-03-28 09:50:41  ║  Avg reward/ep : 20.0000
2026-03-28 09:50:41  ║  p_loss        : 0.0100
2026-03-28 09:50:41  ║  v_loss        : 0.6819
2026-03-28 09:50:41  ║  entropy       : 1.5726
2026-03-28 09:50:41  ╚════════════════════════════════════════════════════════════
2026-03-28 09:50:41  
2026-03-28 09:57:42  
[update 0364] winner found after 1 simulation round(s)  (dist 0.092s | collect 421.88s)
2026-03-28 09:57:43  [update 0364] per-player GAE in 0.0222s
2026-03-28 10:00:58  [update 0364] PPO update done in 191.76s
2026-03-28 10:00:58    [ckpt] removed old checkpoint: checkpoints_win_reward\policy_update_00361.pt
2026-03-28 10:00:58    [ckpt] saved → checkpoints_win_reward\policy_update_00364.pt  (keeping last 3)
2026-03-28 10:00:58  
2026-03-28 10:00:58  ╔══ update 0364 ════════════════════════════════════════════
2026-03-28 10:00:58  ║  Wall time     : 617.9s  (dist 0.09s | collect 421.88s | GAE 0.0222s | PPO 191.76s)
2026-03-28 10:00:58  ║  Simul rounds  : 1
2026-03-28 10:00:58  ║  Games finished:      9  (conquest 9, timeout 0)
2026-03-28 10:00:58  ║  Win rate      : 1.000
2026-03-28 10:00:58  ║  Avg ep length : 3640.9 steps
2026-03-28 10:00:58  ║  Avg reward/ep : 20.0000
2026-03-28 10:00:58  ║  p_loss        : 0.0049
2026-03-28 10:00:58  ║  v_loss        : 0.4691
2026-03-28 10:00:58  ║  entropy       : 1.9177
2026-03-28 10:00:58  ╚════════════════════════════════════════════════════════════
2026-03-28 10:00:58  
2026-03-28 10:08:08  
[update 0365] winner found after 1 simulation round(s)  (dist 0.136s | collect 429.12s)
2026-03-28 10:08:08  [update 0365] per-player GAE in 0.0211s
2026-03-28 10:12:58  [update 0365] PPO update done in 286.41s
2026-03-28 10:12:59    [ckpt] removed old checkpoint: checkpoints_win_reward\policy_update_00362.pt
2026-03-28 10:12:59    [ckpt] saved → checkpoints_win_reward\policy_update_00365.pt  (keeping last 3)
2026-03-28 10:12:59  
2026-03-28 10:12:59  ╔══ update 0365 ════════════════════════════════════════════
2026-03-28 10:12:59  ║  Wall time     : 720.5s  (dist 0.14s | collect 429.12s | GAE 0.0211s | PPO 286.41s)
2026-03-28 10:12:59  ║  Simul rounds  : 1
2026-03-28 10:12:59  ║  Games finished:      9  (conquest 8, timeout 1)
2026-03-28 10:12:59  ║  Win rate      : 0.889
2026-03-28 10:12:59  ║  Avg ep length : 3640.9 steps
2026-03-28 10:12:59  ║  Avg reward/ep : 17.7778
2026-03-28 10:12:59  ║  p_loss        : 0.0044
2026-03-28 10:12:59  ║  v_loss        : 0.3035
2026-03-28 10:12:59  ║  entropy       : 1.9179
2026-03-28 10:12:59  ╚════════════════════════════════════════════════════════════
2026-03-28 10:12:59  
2026-03-28 10:20:05  [update 0366] no conquest in round 1 — re-simulating …
2026-03-28 10:27:30  
[update 0366] winner found after 2 simulation round(s)  (dist 0.281s | collect 866.99s)
2026-03-28 10:27:30  [update 0366] per-player GAE in 0.0256s
2026-03-28 10:28:19  [update 0366] PPO update done in 44.62s
2026-03-28 10:28:19    [ckpt] removed old checkpoint: checkpoints_win_reward\policy_update_00363.pt
2026-03-28 10:28:19    [ckpt] saved → checkpoints_win_reward\policy_update_00366.pt  (keeping last 3)
2026-03-28 10:28:19  
2026-03-28 10:28:19  ╔══ update 0366 ════════════════════════════════════════════
2026-03-28 10:28:19  ║  Wall time     : 919.8s  (dist 0.28s | collect 866.99s | GAE 0.0256s | PPO 44.62s)
2026-03-28 10:28:19  ║  Simul rounds  : 2
2026-03-28 10:28:19  ║  Games finished:      2  (conquest 1, timeout 1)
2026-03-28 10:28:19  ║  Win rate      : 0.500
2026-03-28 10:28:19  ║  Avg ep length : 16384.0 steps
2026-03-28 10:28:19  ║  Avg reward/ep : 10.0000
2026-03-28 10:28:19  ║  p_loss        : 0.0072
2026-03-28 10:28:19  ║  v_loss        : 0.3384
2026-03-28 10:28:19  ║  entropy       : 1.7771
2026-03-28 10:28:19  ╚════════════════════════════════════════════════════════════
2026-03-28 10:28:19  
2026-03-28 10:35:57  
[update 0367] winner found after 1 simulation round(s)  (dist 0.085s | collect 458.05s)
2026-03-28 10:35:57  [update 0367] per-player GAE in 0.0217s
2026-03-28 10:38:37  [update 0367] PPO update done in 156.03s
2026-03-28 10:38:38    [ckpt] removed old checkpoint: checkpoints_win_reward\policy_update_00364.pt
2026-03-28 10:38:38    [ckpt] saved → checkpoints_win_reward\policy_update_00367.pt  (keeping last 3)
2026-03-28 10:38:38  
2026-03-28 10:38:38  ╔══ update 0367 ════════════════════════════════════════════
2026-03-28 10:38:38  ║  Wall time     : 618.8s  (dist 0.08s | collect 458.05s | GAE 0.0217s | PPO 156.03s)
2026-03-28 10:38:38  ║  Simul rounds  : 1
2026-03-28 10:38:38  ║  Games finished:      6  (conquest 6, timeout 0)
2026-03-28 10:38:38  ║  Win rate      : 1.000
2026-03-28 10:38:38  ║  Avg ep length : 5461.3 steps
2026-03-28 10:38:38  ║  Avg reward/ep : 20.0000
2026-03-28 10:38:38  ║  p_loss        : 0.0077
2026-03-28 10:38:38  ║  v_loss        : 0.3781
2026-03-28 10:38:38  ║  entropy       : 1.8772
2026-03-28 10:38:38  ╚════════════════════════════════════════════════════════════
2026-03-28 10:38:38  
2026-03-28 10:45:56  
[update 0368] winner found after 1 simulation round(s)  (dist 0.141s | collect 437.87s)
2026-03-28 10:45:56  [update 0368] per-player GAE in 0.0243s
2026-03-28 10:49:57  [update 0368] PPO update done in 237.08s
2026-03-28 10:49:57    [ckpt] removed old checkpoint: checkpoints_win_reward\policy_update_00365.pt
2026-03-28 10:49:57    [ckpt] saved → checkpoints_win_reward\policy_update_00368.pt  (keeping last 3)
2026-03-28 10:49:57  
2026-03-28 10:49:57  ╔══ update 0368 ════════════════════════════════════════════
2026-03-28 10:49:57  ║  Wall time     : 679.7s  (dist 0.14s | collect 437.87s | GAE 0.0243s | PPO 237.08s)
2026-03-28 10:49:57  ║  Simul rounds  : 1
2026-03-28 10:49:57  ║  Games finished:      8  (conquest 8, timeout 0)
2026-03-28 10:49:57  ║  Win rate      : 1.000
2026-03-28 10:49:57  ║  Avg ep length : 4096.0 steps
2026-03-28 10:49:57  ║  Avg reward/ep : 20.0000
2026-03-28 10:49:57  ║  p_loss        : 0.0080
2026-03-28 10:49:57  ║  v_loss        : 0.4709
2026-03-28 10:49:57  ║  entropy       : 1.9141
2026-03-28 10:49:57  ╚════════════════════════════════════════════════════════════
2026-03-28 10:49:57  
2026-03-28 10:57:19  
[update 0369] winner found after 1 simulation round(s)  (dist 0.160s | collect 441.25s)
2026-03-28 10:57:19  [update 0369] per-player GAE in 0.0256s
2026-03-28 11:01:12  [update 0369] PPO update done in 229.49s
2026-03-28 11:01:13    [ckpt] removed old checkpoint: checkpoints_win_reward\policy_update_00366.pt
2026-03-28 11:01:13    [ckpt] saved → checkpoints_win_reward\policy_update_00369.pt  (keeping last 3)
2026-03-28 11:01:13  
2026-03-28 11:01:13  ╔══ update 0369 ════════════════════════════════════════════
2026-03-28 11:01:13  ║  Wall time     : 675.6s  (dist 0.16s | collect 441.25s | GAE 0.0256s | PPO 229.49s)
2026-03-28 11:01:13  ║  Simul rounds  : 1
2026-03-28 11:01:13  ║  Games finished:      9  (conquest 7, timeout 2)
2026-03-28 11:01:13  ║  Win rate      : 0.778
2026-03-28 11:01:13  ║  Avg ep length : 3640.9 steps
2026-03-28 11:01:13  ║  Avg reward/ep : 15.5556
2026-03-28 11:01:13  ║  p_loss        : 0.0081
2026-03-28 11:01:13  ║  v_loss        : 0.3411
2026-03-28 11:01:13  ║  entropy       : 1.6748
2026-03-28 11:01:13  ╚════════════════════════════════════════════════════════════
2026-03-28 11:01:13  
2026-03-28 11:08:25  
[update 0370] winner found after 1 simulation round(s)  (dist 0.079s | collect 431.97s)
2026-03-28 11:08:25  [update 0370] per-player GAE in 0.0217s
2026-03-28 11:13:54  [update 0370] PPO update done in 324.61s
2026-03-28 11:13:55    [ckpt] removed old checkpoint: checkpoints_win_reward\policy_update_00367.pt
2026-03-28 11:13:55    [ckpt] saved → checkpoints_win_reward\policy_update_00370.pt  (keeping last 3)
2026-03-28 11:13:55  
2026-03-28 11:13:55  ╔══ update 0370 ════════════════════════════════════════════
2026-03-28 11:13:55  ║  Wall time     : 762.3s  (dist 0.08s | collect 431.97s | GAE 0.0217s | PPO 324.61s)
2026-03-28 11:13:55  ║  Simul rounds  : 1
2026-03-28 11:13:55  ║  Games finished:      9  (conquest 9, timeout 0)
2026-03-28 11:13:55  ║  Win rate      : 1.000
2026-03-28 11:13:55  ║  Avg ep length : 3640.9 steps
2026-03-28 11:13:55  ║  Avg reward/ep : 20.0000
2026-03-28 11:13:55  ║  p_loss        : 0.0087
2026-03-28 11:13:55  ║  v_loss        : 0.2323
2026-03-28 11:13:55  ║  entropy       : 1.7919
2026-03-28 11:13:55  ╚════════════════════════════════════════════════════════════
2026-03-28 11:13:55  
2026-03-28 11:20:59  
[update 0371] winner found after 1 simulation round(s)  (dist 0.091s | collect 424.21s)
2026-03-28 11:20:59  [update 0371] per-player GAE in 0.0217s
2026-03-28 11:21:32  [update 0371] PPO update done in 28.34s
2026-03-28 11:21:32    [ckpt] removed old checkpoint: checkpoints_win_reward\policy_update_00368.pt
2026-03-28 11:21:32    [ckpt] saved → checkpoints_win_reward\policy_update_00371.pt  (keeping last 3)
2026-03-28 11:21:32  
2026-03-28 11:21:32  ╔══ update 0371 ════════════════════════════════════════════
2026-03-28 11:21:32  ║  Wall time     : 457.1s  (dist 0.09s | collect 424.21s | GAE 0.0217s | PPO 28.34s)
2026-03-28 11:21:32  ║  Simul rounds  : 1
2026-03-28 11:21:32  ║  Games finished:      1  (conquest 1, timeout 0)
2026-03-28 11:21:32  ║  Win rate      : 1.000
2026-03-28 11:21:32  ║  Avg ep length : 32768.0 steps
2026-03-28 11:21:32  ║  Avg reward/ep : 20.0000
2026-03-28 11:21:32  ║  p_loss        : 0.0049
2026-03-28 11:21:32  ║  v_loss        : 0.2170
2026-03-28 11:21:32  ║  entropy       : 1.5599
2026-03-28 11:21:32  ╚════════════════════════════════════════════════════════════
2026-03-28 11:21:32  
2026-03-28 11:29:00  
[update 0372] winner found after 1 simulation round(s)  (dist 0.146s | collect 447.72s)
2026-03-28 11:29:00  [update 0372] per-player GAE in 0.0245s
2026-03-28 11:33:23  [update 0372] PPO update done in 258.30s
2026-03-28 11:33:23    [ckpt] removed old checkpoint: checkpoints_win_reward\policy_update_00369.pt
2026-03-28 11:33:23    [ckpt] saved → checkpoints_win_reward\policy_update_00372.pt  (keeping last 3)
2026-03-28 11:33:23  
2026-03-28 11:33:23  ╔══ update 0372 ════════════════════════════════════════════
2026-03-28 11:33:23  ║  Wall time     : 711.2s  (dist 0.15s | collect 447.72s | GAE 0.0245s | PPO 258.30s)
2026-03-28 11:33:23  ║  Simul rounds  : 1
2026-03-28 11:33:23  ║  Games finished:     10  (conquest 9, timeout 1)
2026-03-28 11:33:23  ║  Win rate      : 0.900
2026-03-28 11:33:23  ║  Avg ep length : 3276.8 steps
2026-03-28 11:33:23  ║  Avg reward/ep : 18.0000
2026-03-28 11:33:23  ║  p_loss        : 0.0061
2026-03-28 11:33:23  ║  v_loss        : 0.5014
2026-03-28 11:33:23  ║  entropy       : 1.9149
2026-03-28 11:33:23  ╚════════════════════════════════════════════════════════════
2026-03-28 11:33:23  
2026-03-28 11:40:23  
[update 0373] winner found after 1 simulation round(s)  (dist 0.083s | collect 419.49s)
2026-03-28 11:40:23  [update 0373] per-player GAE in 0.0216s
2026-03-28 11:42:52  [update 0373] PPO update done in 144.68s
2026-03-28 11:42:53    [ckpt] removed old checkpoint: checkpoints_win_reward\policy_update_00370.pt
2026-03-28 11:42:53    [ckpt] saved → checkpoints_win_reward\policy_update_00373.pt  (keeping last 3)
2026-03-28 11:42:53  
2026-03-28 11:42:53  ╔══ update 0373 ════════════════════════════════════════════
2026-03-28 11:42:53  ║  Wall time     : 569.3s  (dist 0.08s | collect 419.49s | GAE 0.0216s | PPO 144.68s)
2026-03-28 11:42:53  ║  Simul rounds  : 1
2026-03-28 11:42:53  ║  Games finished:      5  (conquest 5, timeout 0)
2026-03-28 11:42:53  ║  Win rate      : 1.000
2026-03-28 11:42:53  ║  Avg ep length : 6553.6 steps
2026-03-28 11:42:53  ║  Avg reward/ep : 20.0000
2026-03-28 11:42:53  ║  p_loss        : 0.0096
2026-03-28 11:42:53  ║  v_loss        : 0.3447
2026-03-28 11:42:53  ║  entropy       : 1.9652
2026-03-28 11:42:53  ╚════════════════════════════════════════════════════════════
2026-03-28 11:42:53  
2026-03-28 11:50:19  
[update 0374] winner found after 1 simulation round(s)  (dist 0.152s | collect 446.53s)
2026-03-28 11:50:19  [update 0374] per-player GAE in 0.0209s
2026-03-28 11:52:05  [update 0374] PPO update done in 101.40s
2026-03-28 11:52:05    [ckpt] removed old checkpoint: checkpoints_win_reward\policy_update_00371.pt
2026-03-28 11:52:05    [ckpt] saved → checkpoints_win_reward\policy_update_00374.pt  (keeping last 3)
2026-03-28 11:52:05  
2026-03-28 11:52:05  ╔══ update 0374 ════════════════════════════════════════════
2026-03-28 11:52:05  ║  Wall time     : 552.6s  (dist 0.15s | collect 446.53s | GAE 0.0209s | PPO 101.40s)
2026-03-28 11:52:05  ║  Simul rounds  : 1
2026-03-28 11:52:05  ║  Games finished:      4  (conquest 3, timeout 1)
2026-03-28 11:52:05  ║  Win rate      : 0.750
2026-03-28 11:52:05  ║  Avg ep length : 8192.0 steps
2026-03-28 11:52:05  ║  Avg reward/ep : 15.0000
2026-03-28 11:52:05  ║  p_loss        : 0.0112
2026-03-28 11:52:05  ║  v_loss        : 0.2861
2026-03-28 11:52:05  ║  entropy       : 1.7763
2026-03-28 11:52:05  ╚════════════════════════════════════════════════════════════
2026-03-28 11:52:05  
2026-03-28 11:59:40  
[update 0375] winner found after 1 simulation round(s)  (dist 0.145s | collect 454.55s)
2026-03-28 11:59:40  [update 0375] per-player GAE in 0.0270s
2026-03-28 12:01:04  [update 0375] PPO update done in 79.80s
2026-03-28 12:01:04    [ckpt] removed old checkpoint: checkpoints_win_reward\policy_update_00372.pt
2026-03-28 12:01:04    [ckpt] saved → checkpoints_win_reward\policy_update_00375.pt  (keeping last 3)
2026-03-28 12:01:04  
2026-03-28 12:01:04  ╔══ update 0375 ════════════════════════════════════════════
2026-03-28 12:01:04  ║  Wall time     : 539.0s  (dist 0.15s | collect 454.55s | GAE 0.0270s | PPO 79.80s)
2026-03-28 12:01:04  ║  Simul rounds  : 1
2026-03-28 12:01:04  ║  Games finished:      3  (conquest 2, timeout 1)
2026-03-28 12:01:04  ║  Win rate      : 0.667
2026-03-28 12:01:04  ║  Avg ep length : 10922.7 steps
2026-03-28 12:01:04  ║  Avg reward/ep : 13.3333
2026-03-28 12:01:04  ║  p_loss        : 0.0053
2026-03-28 12:01:04  ║  v_loss        : 0.1961
2026-03-28 12:01:04  ║  entropy       : 1.9852
2026-03-28 12:01:04  ╚════════════════════════════════════════════════════════════
2026-03-28 12:01:04  
2026-03-28 12:08:51  
[update 0376] winner found after 1 simulation round(s)  (dist 0.154s | collect 466.51s)
2026-03-28 12:08:51  [update 0376] per-player GAE in 0.0231s
2026-03-28 12:11:12  [update 0376] PPO update done in 136.74s
2026-03-28 12:11:13    [ckpt] removed old checkpoint: checkpoints_win_reward\policy_update_00373.pt
2026-03-28 12:11:13    [ckpt] saved → checkpoints_win_reward\policy_update_00376.pt  (keeping last 3)
2026-03-28 12:11:13  
2026-03-28 12:11:13  ╔══ update 0376 ════════════════════════════════════════════
2026-03-28 12:11:13  ║  Wall time     : 608.4s  (dist 0.15s | collect 466.51s | GAE 0.0231s | PPO 136.74s)
2026-03-28 12:11:13  ║  Simul rounds  : 1
2026-03-28 12:11:13  ║  Games finished:      3  (conquest 3, timeout 0)
2026-03-28 12:11:13  ║  Win rate      : 1.000
2026-03-28 12:11:13  ║  Avg ep length : 10922.7 steps
2026-03-28 12:11:13  ║  Avg reward/ep : 20.0000
2026-03-28 12:11:13  ║  p_loss        : 0.0046
2026-03-28 12:11:13  ║  v_loss        : 0.3592
2026-03-28 12:11:13  ║  entropy       : 1.9716
2026-03-28 12:11:13  ╚════════════════════════════════════════════════════════════
2026-03-28 12:11:13  
2026-03-28 12:18:39  
[update 0377] winner found after 1 simulation round(s)  (dist 0.092s | collect 445.67s)
2026-03-28 12:18:39  [update 0377] per-player GAE in 0.0239s
2026-03-28 12:19:37  [update 0377] PPO update done in 53.73s
2026-03-28 12:19:37    [ckpt] removed old checkpoint: checkpoints_win_reward\policy_update_00374.pt
2026-03-28 12:19:37    [ckpt] saved → checkpoints_win_reward\policy_update_00377.pt  (keeping last 3)
2026-03-28 12:19:37  
2026-03-28 12:19:37  ╔══ update 0377 ════════════════════════════════════════════
2026-03-28 12:19:37  ║  Wall time     : 504.0s  (dist 0.09s | collect 445.67s | GAE 0.0239s | PPO 53.73s)
2026-03-28 12:19:37  ║  Simul rounds  : 1
2026-03-28 12:19:37  ║  Games finished:      2  (conquest 2, timeout 0)
2026-03-28 12:19:37  ║  Win rate      : 1.000
2026-03-28 12:19:37  ║  Avg ep length : 16384.0 steps
2026-03-28 12:19:37  ║  Avg reward/ep : 20.0000
2026-03-28 12:19:37  ║  p_loss        : 0.0135
2026-03-28 12:19:37  ║  v_loss        : 0.1102
2026-03-28 12:19:37  ║  entropy       : 2.0747
2026-03-28 12:19:37  ╚════════════════════════════════════════════════════════════
2026-03-28 12:19:37  
2026-03-28 12:27:18  [update 0378] no conquest in round 1 — re-simulating …
2026-03-28 12:35:36  
[update 0378] winner found after 2 simulation round(s)  (dist 0.257s | collect 954.75s)
2026-03-28 12:35:36  [update 0378] per-player GAE in 0.0242s
2026-03-28 12:37:23  [update 0378] PPO update done in 102.27s
2026-03-28 12:37:23    [ckpt] removed old checkpoint: checkpoints_win_reward\policy_update_00375.pt
2026-03-28 12:37:23    [ckpt] saved → checkpoints_win_reward\policy_update_00378.pt  (keeping last 3)
2026-03-28 12:37:23  
2026-03-28 12:37:23  ╔══ update 0378 ════════════════════════════════════════════
2026-03-28 12:37:23  ║  Wall time     : 1066.2s  (dist 0.26s | collect 954.75s | GAE 0.0242s | PPO 102.27s)
2026-03-28 12:37:23  ║  Simul rounds  : 2
2026-03-28 12:37:23  ║  Games finished:      2  (conquest 2, timeout 0)
2026-03-28 12:37:23  ║  Win rate      : 1.000
2026-03-28 12:37:23  ║  Avg ep length : 16384.0 steps
2026-03-28 12:37:23  ║  Avg reward/ep : 20.0000
2026-03-28 12:37:23  ║  p_loss        : 0.0103
2026-03-28 12:37:23  ║  v_loss        : 0.1737
2026-03-28 12:37:23  ║  entropy       : 1.8773
2026-03-28 12:37:23  ╚════════════════════════════════════════════════════════════
2026-03-28 12:37:23  
