2026-03-31 12:07:22  Run tag : run_win_20260331_120722
2026-03-31 12:07:22  Log dir : C:\Users\laure\1own_projects\1polytopia_score\RL\logs
2026-03-31 12:07:22  Loading pretrained weights: .\checkpoints_win_reward\policy_update_00378.pt
2026-03-31 12:07:22  Checkpoint loaded.
2026-03-31 12:07:22  
2026-03-31 12:07:22  ========================================================================
2026-03-31 12:07:22    POLYTOPIA RL — PPO  (win-reward fine-tuning)
2026-03-31 12:07:22  ========================================================================
2026-03-31 12:07:22    Device            : cuda
2026-03-31 12:07:22    Board size        : random square [11×11 … 14×14]
2026-03-31 12:07:22    Workers × envs    : 16 × 4  =  64 parallel envs
2026-03-31 12:07:22    Rollout steps     : 512
2026-03-31 12:07:22    Full batch        : 32,768 samples (512 steps × 64 envs)
2026-03-31 12:07:22    Minibatch size    : 256  →  128 minibatches / epoch  (drop_last=True)
2026-03-31 12:07:22    PPO epochs        : 5  |  Updates: 500
2026-03-31 12:07:22    Win reward        : 30.0   |  Loss reward : -10.0
2026-03-31 12:07:22    clip_eps / vf / ent: 0.2 / 0.5 / 0.02
2026-03-31 12:07:22    γ / λ             : 0.998 / 0.95
2026-03-31 12:07:22    LR                : 8e-05
2026-03-31 12:07:22    AMP               : True
2026-03-31 12:07:22    Encoder           : 4 layers × 64d (4 heads)
2026-03-31 12:07:22    Selection heads   : 2 layers × 64d (4 heads)
2026-03-31 12:07:22    MLP               : 3 layers × 128d
2026-03-31 12:07:22    Conv kernels      : (5, 3) × 1 layers
2026-03-31 12:07:22    Context bias      : 4
2026-03-31 12:07:22    Start update      : 379
2026-03-31 12:07:22    Pretrained        : .\checkpoints_win_reward\policy_update_00378.pt
2026-03-31 12:07:22  
2026-03-31 12:07:22    GAE mode          : per-player MDP (cross-turn credit assignment)
2026-03-31 12:07:22    Update gate       : only advances when ≥1 conquest in batch
2026-03-31 12:07:22  
2026-03-31 12:07:22  
2026-03-31 12:07:22  Spawned 16 worker processes.
2026-03-31 12:13:29  
[update 0379] winner found after 1 simulation round(s)  (dist 0.299s | collect 366.54s)
2026-03-31 12:13:29  [update 0379] per-player GAE in 0.0225s
2026-03-31 13:06:35  [update 0379] PPO update done in 3183.73s
2026-03-31 13:06:38    [ckpt] saved → checkpoints_win_reward\policy_update_00379.pt  (keeping last 3)
2026-03-31 13:06:38  
2026-03-31 13:06:38  ╔══ update 0379 ════════════════════════════════════════════
2026-03-31 13:06:38  ║  Wall time     : 3555.5s  (dist 0.30s | collect 366.54s | GAE 0.0225s | PPO 3183.73s)
2026-03-31 13:06:38  ║  Simul rounds  : 1
2026-03-31 13:06:38  ║  Games finished:     50  (conquest 50, timeout 0)
2026-03-31 13:06:38  ║  Win rate      : 1.000
2026-03-31 13:06:38  ║  Avg ep length : 655.4 steps
2026-03-31 13:06:38  ║  Avg reward/ep : 20.0000
2026-03-31 13:06:38  ║  p_loss        : -0.0024
2026-03-31 13:06:38  ║  v_loss        : 0.5270
2026-03-31 13:06:38  ║  entropy       : 1.9981
2026-03-31 13:06:38  ╚════════════════════════════════════════════════════════════
2026-03-31 13:06:38  
2026-03-31 13:15:01  
[update 0380] winner found after 1 simulation round(s)  (dist 0.171s | collect 502.91s)
2026-03-31 13:15:01  [update 0380] per-player GAE in 0.0227s
2026-03-31 13:53:51  [update 0380] PPO update done in 2323.30s
2026-03-31 13:53:57    [ckpt] saved → checkpoints_win_reward\policy_update_00380.pt  (keeping last 3)
2026-03-31 13:53:57  
2026-03-31 13:53:57  ╔══ update 0380 ════════════════════════════════════════════
2026-03-31 13:53:57  ║  Wall time     : 2838.6s  (dist 0.17s | collect 502.91s | GAE 0.0227s | PPO 2323.30s)
2026-03-31 13:53:57  ║  Simul rounds  : 1
2026-03-31 13:53:57  ║  Games finished:     35  (conquest 35, timeout 0)
2026-03-31 13:53:57  ║  Win rate      : 1.000
2026-03-31 13:53:57  ║  Avg ep length : 936.2 steps
2026-03-31 13:53:57  ║  Avg reward/ep : 20.0000
2026-03-31 13:53:57  ║  p_loss        : -0.0004
2026-03-31 13:53:57  ║  v_loss        : 0.4501
2026-03-31 13:53:57  ║  entropy       : 1.9925
2026-03-31 13:53:57  ╚════════════════════════════════════════════════════════════
2026-03-31 13:53:57  
2026-03-31 14:04:15  
[update 0381] winner found after 1 simulation round(s)  (dist 0.104s | collect 618.46s)
2026-03-31 14:04:15  [update 0381] per-player GAE in 0.0220s
2026-03-31 14:30:34  [update 0381] PPO update done in 1571.56s
2026-03-31 14:30:37    [ckpt] saved → checkpoints_win_reward\policy_update_00381.pt  (keeping last 3)
2026-03-31 14:30:37  
2026-03-31 14:30:37  ╔══ update 0381 ════════════════════════════════════════════
2026-03-31 14:30:37  ║  Wall time     : 2200.4s  (dist 0.10s | collect 618.46s | GAE 0.0220s | PPO 1571.56s)
2026-03-31 14:30:37  ║  Simul rounds  : 1
2026-03-31 14:30:37  ║  Games finished:     19  (conquest 19, timeout 0)
2026-03-31 14:30:37  ║  Win rate      : 1.000
2026-03-31 14:30:37  ║  Avg ep length : 1724.6 steps
2026-03-31 14:30:37  ║  Avg reward/ep : 20.0000
2026-03-31 14:30:37  ║  p_loss        : 0.0025
2026-03-31 14:30:37  ║  v_loss        : 0.4321
2026-03-31 14:30:37  ║  entropy       : 2.0537
2026-03-31 14:30:37  ╚════════════════════════════════════════════════════════════
2026-03-31 14:30:37  
2026-03-31 14:41:28  
[update 0382] winner found after 1 simulation round(s)  (dist 0.204s | collect 650.91s)
2026-03-31 14:41:28  [update 0382] per-player GAE in 0.0224s
2026-03-31 15:17:18  [update 0382] PPO update done in 2140.87s
2026-03-31 15:17:21    [ckpt] removed old checkpoint: checkpoints_win_reward\policy_update_00379.pt
2026-03-31 15:17:21    [ckpt] saved → checkpoints_win_reward\policy_update_00382.pt  (keeping last 3)
2026-03-31 15:17:21  
2026-03-31 15:17:21  ╔══ update 0382 ════════════════════════════════════════════
2026-03-31 15:17:21  ║  Wall time     : 2804.5s  (dist 0.20s | collect 650.91s | GAE 0.0224s | PPO 2140.87s)
2026-03-31 15:17:21  ║  Simul rounds  : 1
2026-03-31 15:17:21  ║  Games finished:     17  (conquest 17, timeout 0)
2026-03-31 15:17:21  ║  Win rate      : 1.000
2026-03-31 15:17:21  ║  Avg ep length : 1927.5 steps
2026-03-31 15:17:21  ║  Avg reward/ep : 20.0000
2026-03-31 15:17:21  ║  p_loss        : -0.0033
2026-03-31 15:17:21  ║  v_loss        : 0.2465
2026-03-31 15:17:21  ║  entropy       : 2.0943
2026-03-31 15:17:21  ╚════════════════════════════════════════════════════════════
2026-03-31 15:17:21  
2026-03-31 15:28:29  
[update 0383] winner found after 1 simulation round(s)  (dist 0.091s | collect 667.12s)
2026-03-31 15:28:29  [update 0383] per-player GAE in 0.0255s
2026-03-31 15:47:25  [update 0383] PPO update done in 1128.57s
2026-03-31 15:47:28    [ckpt] removed old checkpoint: checkpoints_win_reward\policy_update_00380.pt
2026-03-31 15:47:28    [ckpt] saved → checkpoints_win_reward\policy_update_00383.pt  (keeping last 3)
2026-03-31 15:47:28  
2026-03-31 15:47:28  ╔══ update 0383 ════════════════════════════════════════════
2026-03-31 15:47:28  ║  Wall time     : 1806.2s  (dist 0.09s | collect 667.12s | GAE 0.0255s | PPO 1128.57s)
2026-03-31 15:47:28  ║  Simul rounds  : 1
2026-03-31 15:47:28  ║  Games finished:     17  (conquest 17, timeout 0)
2026-03-31 15:47:28  ║  Win rate      : 1.000
2026-03-31 15:47:28  ║  Avg ep length : 1927.5 steps
2026-03-31 15:47:28  ║  Avg reward/ep : 20.0000
2026-03-31 15:47:28  ║  p_loss        : -0.0003
2026-03-31 15:47:28  ║  v_loss        : 0.3839
2026-03-31 15:47:28  ║  entropy       : 2.0189
2026-03-31 15:47:28  ╚════════════════════════════════════════════════════════════
2026-03-31 15:47:28  
2026-03-31 15:59:30  
[update 0384] winner found after 1 simulation round(s)  (dist 0.201s | collect 722.43s)
2026-03-31 15:59:30  [update 0384] per-player GAE in 0.0249s
2026-03-31 16:08:04  [update 0384] PPO update done in 505.39s
2026-03-31 16:08:05    [ckpt] removed old checkpoint: checkpoints_win_reward\policy_update_00381.pt
2026-03-31 16:08:05    [ckpt] saved → checkpoints_win_reward\policy_update_00384.pt  (keeping last 3)
2026-03-31 16:08:05  
2026-03-31 16:08:05  ╔══ update 0384 ════════════════════════════════════════════
2026-03-31 16:08:05  ║  Wall time     : 1237.4s  (dist 0.20s | collect 722.43s | GAE 0.0249s | PPO 505.39s)
2026-03-31 16:08:05  ║  Simul rounds  : 1
2026-03-31 16:08:05  ║  Games finished:      6  (conquest 6, timeout 0)
2026-03-31 16:08:05  ║  Win rate      : 1.000
2026-03-31 16:08:05  ║  Avg ep length : 5461.3 steps
2026-03-31 16:08:05  ║  Avg reward/ep : 20.0000
2026-03-31 16:08:05  ║  p_loss        : 0.0011
2026-03-31 16:08:05  ║  v_loss        : 0.2294
2026-03-31 16:08:05  ║  entropy       : 2.0616
2026-03-31 16:08:05  ╚════════════════════════════════════════════════════════════
2026-03-31 16:08:05  
2026-03-31 16:19:35  
[update 0385] winner found after 1 simulation round(s)  (dist 0.104s | collect 690.04s)
2026-03-31 16:19:35  [update 0385] per-player GAE in 0.0234s
2026-03-31 16:34:31  [update 0385] PPO update done in 886.38s
2026-03-31 16:34:32    [ckpt] removed old checkpoint: checkpoints_win_reward\policy_update_00382.pt
2026-03-31 16:34:32    [ckpt] saved → checkpoints_win_reward\policy_update_00385.pt  (keeping last 3)
2026-03-31 16:34:32  
2026-03-31 16:34:32  ╔══ update 0385 ════════════════════════════════════════════
2026-03-31 16:34:32  ║  Wall time     : 1587.2s  (dist 0.10s | collect 690.04s | GAE 0.0234s | PPO 886.38s)
2026-03-31 16:34:32  ║  Simul rounds  : 1
2026-03-31 16:34:32  ║  Games finished:      7  (conquest 7, timeout 0)
2026-03-31 16:34:32  ║  Win rate      : 1.000
2026-03-31 16:34:32  ║  Avg ep length : 4681.1 steps
2026-03-31 16:34:32  ║  Avg reward/ep : 20.0000
2026-03-31 16:34:32  ║  p_loss        : 0.0051
2026-03-31 16:34:32  ║  v_loss        : 0.4094
2026-03-31 16:34:32  ║  entropy       : 2.2521
2026-03-31 16:34:32  ╚════════════════════════════════════════════════════════════
2026-03-31 16:34:32  
2026-03-31 16:47:10  
[update 0386] winner found after 1 simulation round(s)  (dist 0.183s | collect 757.32s)
2026-03-31 16:47:10  [update 0386] per-player GAE in 0.0228s
2026-03-31 16:57:55  [update 0386] PPO update done in 634.74s
2026-03-31 16:57:56    [ckpt] removed old checkpoint: checkpoints_win_reward\policy_update_00383.pt
2026-03-31 16:57:56    [ckpt] saved → checkpoints_win_reward\policy_update_00386.pt  (keeping last 3)
2026-03-31 16:57:56  
2026-03-31 16:57:56  ╔══ update 0386 ════════════════════════════════════════════
2026-03-31 16:57:56  ║  Wall time     : 1403.9s  (dist 0.18s | collect 757.32s | GAE 0.0228s | PPO 634.74s)
2026-03-31 16:57:56  ║  Simul rounds  : 1
2026-03-31 16:57:56  ║  Games finished:      4  (conquest 4, timeout 0)
2026-03-31 16:57:56  ║  Win rate      : 1.000
2026-03-31 16:57:56  ║  Avg ep length : 8192.0 steps
2026-03-31 16:57:56  ║  Avg reward/ep : 20.0000
2026-03-31 16:57:56  ║  p_loss        : 0.0102
2026-03-31 16:57:56  ║  v_loss        : 0.2263
2026-03-31 16:57:56  ║  entropy       : 2.4975
2026-03-31 16:57:56  ╚════════════════════════════════════════════════════════════
2026-03-31 16:57:56  
2026-03-31 17:11:17  
[update 0387] winner found after 1 simulation round(s)  (dist 0.105s | collect 801.17s)
2026-03-31 17:11:17  [update 0387] per-player GAE in 0.0250s
2026-03-31 17:18:20  [update 0387] PPO update done in 413.02s
2026-03-31 17:18:21    [ckpt] removed old checkpoint: checkpoints_win_reward\policy_update_00384.pt
2026-03-31 17:18:21    [ckpt] saved → checkpoints_win_reward\policy_update_00387.pt  (keeping last 3)
2026-03-31 17:18:21  
2026-03-31 17:18:21  ╔══ update 0387 ════════════════════════════════════════════
2026-03-31 17:18:21  ║  Wall time     : 1224.8s  (dist 0.11s | collect 801.17s | GAE 0.0250s | PPO 413.02s)
2026-03-31 17:18:21  ║  Simul rounds  : 1
2026-03-31 17:18:21  ║  Games finished:      4  (conquest 4, timeout 0)
2026-03-31 17:18:21  ║  Win rate      : 1.000
2026-03-31 17:18:21  ║  Avg ep length : 8192.0 steps
2026-03-31 17:18:21  ║  Avg reward/ep : 20.0000
2026-03-31 17:18:21  ║  p_loss        : 0.0071
2026-03-31 17:18:21  ║  v_loss        : 0.1521
2026-03-31 17:18:21  ║  entropy       : 2.4367
2026-03-31 17:18:21  ╚════════════════════════════════════════════════════════════
2026-03-31 17:18:21  
2026-03-31 17:32:32  
[update 0388] winner found after 1 simulation round(s)  (dist 0.177s | collect 850.52s)
2026-03-31 17:32:32  [update 0388] per-player GAE in 0.0225s
2026-03-31 17:36:41  [update 0388] PPO update done in 239.68s
2026-03-31 17:36:42    [ckpt] removed old checkpoint: checkpoints_win_reward\policy_update_00385.pt
2026-03-31 17:36:42    [ckpt] saved → checkpoints_win_reward\policy_update_00388.pt  (keeping last 3)
2026-03-31 17:36:42  
2026-03-31 17:36:42  ╔══ update 0388 ════════════════════════════════════════════
2026-03-31 17:36:42  ║  Wall time     : 1100.8s  (dist 0.18s | collect 850.52s | GAE 0.0225s | PPO 239.68s)
2026-03-31 17:36:42  ║  Simul rounds  : 1
2026-03-31 17:36:42  ║  Games finished:      1  (conquest 1, timeout 0)
2026-03-31 17:36:42  ║  Win rate      : 1.000
2026-03-31 17:36:42  ║  Avg ep length : 32768.0 steps
2026-03-31 17:36:42  ║  Avg reward/ep : 20.0000
2026-03-31 17:36:42  ║  p_loss        : 0.0014
2026-03-31 17:36:42  ║  v_loss        : 0.4217
2026-03-31 17:36:42  ║  entropy       : 2.7665
2026-03-31 17:36:42  ╚════════════════════════════════════════════════════════════
2026-03-31 17:36:42  
2026-03-31 17:51:22  
[update 0389] winner found after 1 simulation round(s)  (dist 0.200s | collect 880.00s)
2026-03-31 17:51:22  [update 0389] per-player GAE in 0.0238s
2026-03-31 18:03:26  [update 0389] PPO update done in 712.57s
2026-03-31 18:03:26    [ckpt] removed old checkpoint: checkpoints_win_reward\policy_update_00386.pt
2026-03-31 18:03:26    [ckpt] saved → checkpoints_win_reward\policy_update_00389.pt  (keeping last 3)
2026-03-31 18:03:26  
2026-03-31 18:03:26  ╔══ update 0389 ════════════════════════════════════════════
2026-03-31 18:03:26  ║  Wall time     : 1604.8s  (dist 0.20s | collect 880.00s | GAE 0.0238s | PPO 712.57s)
2026-03-31 18:03:26  ║  Simul rounds  : 1
2026-03-31 18:03:26  ║  Games finished:      3  (conquest 3, timeout 0)
2026-03-31 18:03:26  ║  Win rate      : 1.000
2026-03-31 18:03:26  ║  Avg ep length : 10922.7 steps
2026-03-31 18:03:26  ║  Avg reward/ep : 20.0000
2026-03-31 18:03:26  ║  p_loss        : 0.0052
2026-03-31 18:03:26  ║  v_loss        : 0.4387
2026-03-31 18:03:26  ║  entropy       : 2.4225
2026-03-31 18:03:26  ╚════════════════════════════════════════════════════════════
2026-03-31 18:03:26  
2026-03-31 18:18:03  
[update 0390] winner found after 1 simulation round(s)  (dist 0.098s | collect 876.85s)
2026-03-31 18:18:03  [update 0390] per-player GAE in 0.0296s
2026-03-31 18:25:36  [update 0390] PPO update done in 442.46s
2026-03-31 18:25:37    [ckpt] removed old checkpoint: checkpoints_win_reward\policy_update_00387.pt
2026-03-31 18:25:37    [ckpt] saved → checkpoints_win_reward\policy_update_00390.pt  (keeping last 3)
2026-03-31 18:25:37  
2026-03-31 18:25:37  ╔══ update 0390 ════════════════════════════════════════════
2026-03-31 18:25:37  ║  Wall time     : 1330.7s  (dist 0.10s | collect 876.85s | GAE 0.0296s | PPO 442.46s)
2026-03-31 18:25:37  ║  Simul rounds  : 1
2026-03-31 18:25:37  ║  Games finished:      2  (conquest 2, timeout 0)
2026-03-31 18:25:37  ║  Win rate      : 1.000
2026-03-31 18:25:37  ║  Avg ep length : 16384.0 steps
2026-03-31 18:25:37  ║  Avg reward/ep : 20.0000
2026-03-31 18:25:37  ║  p_loss        : 0.0070
2026-03-31 18:25:37  ║  v_loss        : 0.2230
2026-03-31 18:25:37  ║  entropy       : 2.7029
2026-03-31 18:25:37  ╚════════════════════════════════════════════════════════════
2026-03-31 18:25:37  
2026-03-31 18:39:42  
[update 0391] winner found after 1 simulation round(s)  (dist 0.193s | collect 845.10s)
2026-03-31 18:39:42  [update 0391] per-player GAE in 0.0241s
2026-03-31 18:53:58  [update 0391] PPO update done in 844.62s
2026-03-31 18:53:59    [ckpt] removed old checkpoint: checkpoints_win_reward\policy_update_00388.pt
2026-03-31 18:53:59    [ckpt] saved → checkpoints_win_reward\policy_update_00391.pt  (keeping last 3)
2026-03-31 18:53:59  
2026-03-31 18:53:59  ╔══ update 0391 ════════════════════════════════════════════
2026-03-31 18:53:59  ║  Wall time     : 1702.2s  (dist 0.19s | collect 845.10s | GAE 0.0241s | PPO 844.62s)
2026-03-31 18:53:59  ║  Simul rounds  : 1
2026-03-31 18:53:59  ║  Games finished:      7  (conquest 7, timeout 0)
2026-03-31 18:53:59  ║  Win rate      : 1.000
2026-03-31 18:53:59  ║  Avg ep length : 4681.1 steps
2026-03-31 18:53:59  ║  Avg reward/ep : 20.0000
2026-03-31 18:53:59  ║  p_loss        : 0.0004
2026-03-31 18:53:59  ║  v_loss        : 0.6649
2026-03-31 18:53:59  ║  entropy       : 2.7473
2026-03-31 18:53:59  ╚════════════════════════════════════════════════════════════
2026-03-31 18:53:59  
2026-03-31 19:08:46  
[update 0392] winner found after 1 simulation round(s)  (dist 0.099s | collect 886.37s)
2026-03-31 19:08:46  [update 0392] per-player GAE in 0.0232s
2026-03-31 19:15:03  [update 0392] PPO update done in 365.73s
2026-03-31 19:15:04    [ckpt] removed old checkpoint: checkpoints_win_reward\policy_update_00389.pt
2026-03-31 19:15:04    [ckpt] saved → checkpoints_win_reward\policy_update_00392.pt  (keeping last 3)
2026-03-31 19:15:04  
2026-03-31 19:15:04  ╔══ update 0392 ════════════════════════════════════════════
2026-03-31 19:15:04  ║  Wall time     : 1264.6s  (dist 0.10s | collect 886.37s | GAE 0.0232s | PPO 365.73s)
2026-03-31 19:15:04  ║  Simul rounds  : 1
2026-03-31 19:15:04  ║  Games finished:      5  (conquest 5, timeout 0)
2026-03-31 19:15:04  ║  Win rate      : 1.000
2026-03-31 19:15:04  ║  Avg ep length : 6553.6 steps
2026-03-31 19:15:04  ║  Avg reward/ep : 20.0000
2026-03-31 19:15:04  ║  p_loss        : 0.0084
2026-03-31 19:15:04  ║  v_loss        : 0.5154
2026-03-31 19:15:04  ║  entropy       : 2.5177
2026-03-31 19:15:04  ╚════════════════════════════════════════════════════════════
2026-03-31 19:15:04  
2026-03-31 19:29:51  
[update 0393] winner found after 1 simulation round(s)  (dist 0.124s | collect 887.31s)
2026-03-31 19:29:51  [update 0393] per-player GAE in 0.0249s
2026-03-31 19:35:44  [update 0393] PPO update done in 341.40s
2026-03-31 19:35:45    [ckpt] removed old checkpoint: checkpoints_win_reward\policy_update_00390.pt
2026-03-31 19:35:45    [ckpt] saved → checkpoints_win_reward\policy_update_00393.pt  (keeping last 3)
2026-03-31 19:35:45  
2026-03-31 19:35:45  ╔══ update 0393 ════════════════════════════════════════════
2026-03-31 19:35:45  ║  Wall time     : 1241.0s  (dist 0.12s | collect 887.31s | GAE 0.0249s | PPO 341.40s)
2026-03-31 19:35:45  ║  Simul rounds  : 1
2026-03-31 19:35:45  ║  Games finished:      9  (conquest 9, timeout 0)
2026-03-31 19:35:45  ║  Win rate      : 1.000
2026-03-31 19:35:45  ║  Avg ep length : 3640.9 steps
2026-03-31 19:35:45  ║  Avg reward/ep : 20.0000
2026-03-31 19:35:45  ║  p_loss        : 0.0085
2026-03-31 19:35:45  ║  v_loss        : 0.8549
2026-03-31 19:35:45  ║  entropy       : 2.3748
2026-03-31 19:35:45  ╚════════════════════════════════════════════════════════════
2026-03-31 19:35:45  
2026-03-31 19:49:44  
[update 0394] winner found after 1 simulation round(s)  (dist 0.123s | collect 839.02s)
2026-03-31 19:49:44  [update 0394] per-player GAE in 0.0228s
2026-03-31 19:52:04  [update 0394] PPO update done in 128.31s
2026-03-31 19:52:04    [ckpt] removed old checkpoint: checkpoints_win_reward\policy_update_00391.pt
2026-03-31 19:52:04    [ckpt] saved → checkpoints_win_reward\policy_update_00394.pt  (keeping last 3)
2026-03-31 19:52:04  
2026-03-31 19:52:04  ╔══ update 0394 ════════════════════════════════════════════
2026-03-31 19:52:04  ║  Wall time     : 979.1s  (dist 0.12s | collect 839.02s | GAE 0.0228s | PPO 128.31s)
2026-03-31 19:52:04  ║  Simul rounds  : 1
2026-03-31 19:52:04  ║  Games finished:      1  (conquest 1, timeout 0)
2026-03-31 19:52:04  ║  Win rate      : 1.000
2026-03-31 19:52:04  ║  Avg ep length : 32768.0 steps
2026-03-31 19:52:04  ║  Avg reward/ep : 20.0000
2026-03-31 19:52:04  ║  p_loss        : 0.0162
2026-03-31 19:52:04  ║  v_loss        : 0.0655
2026-03-31 19:52:04  ║  entropy       : 2.3707
2026-03-31 19:52:04  ╚════════════════════════════════════════════════════════════
2026-03-31 19:52:04  
2026-03-31 20:07:42  
[update 0395] winner found after 1 simulation round(s)  (dist 0.107s | collect 937.71s)
2026-03-31 20:07:42  [update 0395] per-player GAE in 0.0253s
2026-03-31 20:09:24  [update 0395] PPO update done in 90.91s
2026-03-31 20:09:25    [ckpt] removed old checkpoint: checkpoints_win_reward\policy_update_00392.pt
2026-03-31 20:09:25    [ckpt] saved → checkpoints_win_reward\policy_update_00395.pt  (keeping last 3)
2026-03-31 20:09:25  
2026-03-31 20:09:25  ╔══ update 0395 ════════════════════════════════════════════
2026-03-31 20:09:25  ║  Wall time     : 1040.4s  (dist 0.11s | collect 937.71s | GAE 0.0253s | PPO 90.91s)
2026-03-31 20:09:25  ║  Simul rounds  : 1
2026-03-31 20:09:25  ║  Games finished:      1  (conquest 1, timeout 0)
2026-03-31 20:09:25  ║  Win rate      : 1.000
2026-03-31 20:09:25  ║  Avg ep length : 32768.0 steps
2026-03-31 20:09:25  ║  Avg reward/ep : 20.0000
2026-03-31 20:09:25  ║  p_loss        : 0.0110
2026-03-31 20:09:25  ║  v_loss        : 0.6673
2026-03-31 20:09:25  ║  entropy       : 2.3546
2026-03-31 20:09:25  ╚════════════════════════════════════════════════════════════
2026-03-31 20:09:25  
2026-03-31 20:24:47  [update 0396] no conquest in round 1 — re-simulating …
2026-03-31 20:41:05  
[update 0396] winner found after 2 simulation round(s)  (dist 0.449s | collect 1888.45s)
2026-03-31 20:41:06  [update 0396] per-player GAE in 0.0218s
2026-03-31 20:43:40  [update 0396] PPO update done in 143.53s
2026-03-31 20:43:41    [ckpt] removed old checkpoint: checkpoints_win_reward\policy_update_00393.pt
2026-03-31 20:43:41    [ckpt] saved → checkpoints_win_reward\policy_update_00396.pt  (keeping last 3)
2026-03-31 20:43:41  
2026-03-31 20:43:41  ╔══ update 0396 ════════════════════════════════════════════
2026-03-31 20:43:41  ║  Wall time     : 2056.2s  (dist 0.45s | collect 1888.45s | GAE 0.0218s | PPO 143.53s)
2026-03-31 20:43:41  ║  Simul rounds  : 2
2026-03-31 20:43:41  ║  Games finished:      1  (conquest 1, timeout 0)
2026-03-31 20:43:41  ║  Win rate      : 1.000
2026-03-31 20:43:41  ║  Avg ep length : 32768.0 steps
2026-03-31 20:43:41  ║  Avg reward/ep : 20.0000
2026-03-31 20:43:41  ║  p_loss        : 0.0021
2026-03-31 20:43:41  ║  v_loss        : 0.5513
2026-03-31 20:43:41  ║  entropy       : 2.1606
2026-03-31 20:43:41  ╚════════════════════════════════════════════════════════════
2026-03-31 20:43:41  
2026-03-31 20:58:50  
[update 0397] winner found after 1 simulation round(s)  (dist 0.193s | collect 909.54s)
2026-03-31 20:58:50  [update 0397] per-player GAE in 0.0214s
2026-03-31 21:01:02  [update 0397] PPO update done in 118.06s
2026-03-31 21:01:02    [ckpt] removed old checkpoint: checkpoints_win_reward\policy_update_00394.pt
2026-03-31 21:01:02    [ckpt] saved → checkpoints_win_reward\policy_update_00397.pt  (keeping last 3)
2026-03-31 21:01:02  
2026-03-31 21:01:02  ╔══ update 0397 ════════════════════════════════════════════
2026-03-31 21:01:02  ║  Wall time     : 1041.3s  (dist 0.19s | collect 909.54s | GAE 0.0214s | PPO 118.06s)
2026-03-31 21:01:02  ║  Simul rounds  : 1
2026-03-31 21:01:02  ║  Games finished:      1  (conquest 1, timeout 0)
2026-03-31 21:01:02  ║  Win rate      : 1.000
2026-03-31 21:01:02  ║  Avg ep length : 32768.0 steps
2026-03-31 21:01:02  ║  Avg reward/ep : 20.0000
2026-03-31 21:01:02  ║  p_loss        : 0.0042
2026-03-31 21:01:02  ║  v_loss        : 0.3514
2026-03-31 21:01:02  ║  entropy       : 2.1402
2026-03-31 21:01:02  ╚════════════════════════════════════════════════════════════
2026-03-31 21:01:02  
2026-03-31 21:17:00  
[update 0398] winner found after 1 simulation round(s)  (dist 0.203s | collect 958.19s)
2026-03-31 21:17:00  [update 0398] per-player GAE in 0.0228s
2026-03-31 21:18:58  [update 0398] PPO update done in 104.94s
2026-03-31 21:18:58    [ckpt] removed old checkpoint: checkpoints_win_reward\policy_update_00395.pt
2026-03-31 21:18:58    [ckpt] saved → checkpoints_win_reward\policy_update_00398.pt  (keeping last 3)
2026-03-31 21:18:58  
2026-03-31 21:18:58  ╔══ update 0398 ════════════════════════════════════════════
2026-03-31 21:18:58  ║  Wall time     : 1076.4s  (dist 0.20s | collect 958.19s | GAE 0.0228s | PPO 104.94s)
2026-03-31 21:18:58  ║  Simul rounds  : 1
2026-03-31 21:18:58  ║  Games finished:      2  (conquest 2, timeout 0)
2026-03-31 21:18:58  ║  Win rate      : 1.000
2026-03-31 21:18:58  ║  Avg ep length : 16384.0 steps
2026-03-31 21:18:58  ║  Avg reward/ep : 20.0000
2026-03-31 21:18:58  ║  p_loss        : 0.0065
2026-03-31 21:18:58  ║  v_loss        : 0.6424
2026-03-31 21:18:58  ║  entropy       : 1.9962
2026-03-31 21:18:58  ╚════════════════════════════════════════════════════════════
2026-03-31 21:18:58  
2026-03-31 21:35:08  [update 0399] no conquest in round 1 — re-simulating …
2026-03-31 21:51:27  [update 0399] no conquest in round 2 — re-simulating …
2026-03-31 22:08:07  [update 0399] no conquest in round 3 — re-simulating …
2026-03-31 22:24:38  [update 0399] no conquest in round 4 — re-simulating …
2026-03-31 22:41:32  [update 0399] no conquest in round 5 — re-simulating …
2026-03-31 22:57:37  
[update 0399] winner found after 6 simulation round(s)  (dist 1.184s | collect 5857.35s)
2026-03-31 22:57:37  [update 0399] per-player GAE in 0.0216s
2026-03-31 22:59:58  [update 0399] PPO update done in 129.69s
2026-03-31 22:59:58    [ckpt] removed old checkpoint: checkpoints_win_reward\policy_update_00396.pt
2026-03-31 22:59:58    [ckpt] saved → checkpoints_win_reward\policy_update_00399.pt  (keeping last 3)
2026-03-31 22:59:58  
2026-03-31 22:59:58  ╔══ update 0399 ════════════════════════════════════════════
2026-03-31 22:59:58  ║  Wall time     : 6060.0s  (dist 1.18s | collect 5857.35s | GAE 0.0216s | PPO 129.69s)
2026-03-31 22:59:58  ║  Simul rounds  : 6
2026-03-31 22:59:58  ║  Games finished:      1  (conquest 1, timeout 0)
2026-03-31 22:59:58  ║  Win rate      : 1.000
2026-03-31 22:59:58  ║  Avg ep length : 32768.0 steps
2026-03-31 22:59:58  ║  Avg reward/ep : 20.0000
2026-03-31 22:59:58  ║  p_loss        : 0.0019
2026-03-31 22:59:58  ║  v_loss        : 0.6217
2026-03-31 22:59:58  ║  entropy       : 2.0879
2026-03-31 22:59:58  ╚════════════════════════════════════════════════════════════
2026-03-31 22:59:58  
2026-03-31 23:16:31  
[update 0400] winner found after 1 simulation round(s)  (dist 0.206s | collect 992.07s)
2026-03-31 23:16:31  [update 0400] per-player GAE in 0.0214s
2026-03-31 23:18:44  [update 0400] PPO update done in 120.68s
2026-03-31 23:18:45    [ckpt] removed old checkpoint: checkpoints_win_reward\policy_update_00397.pt
2026-03-31 23:18:45    [ckpt] saved → checkpoints_win_reward\policy_update_00400.pt  (keeping last 3)
2026-03-31 23:18:45  
2026-03-31 23:18:45  ╔══ update 0400 ════════════════════════════════════════════
2026-03-31 23:18:45  ║  Wall time     : 1126.3s  (dist 0.21s | collect 992.07s | GAE 0.0214s | PPO 120.68s)
2026-03-31 23:18:45  ║  Simul rounds  : 1
2026-03-31 23:18:45  ║  Games finished:      1  (conquest 1, timeout 0)
2026-03-31 23:18:45  ║  Win rate      : 1.000
2026-03-31 23:18:45  ║  Avg ep length : 32768.0 steps
2026-03-31 23:18:45  ║  Avg reward/ep : 20.0000
2026-03-31 23:18:45  ║  p_loss        : 0.0182
2026-03-31 23:18:45  ║  v_loss        : 0.0668
2026-03-31 23:18:45  ║  entropy       : 3.0389
2026-03-31 23:18:45  ╚════════════════════════════════════════════════════════════
2026-03-31 23:18:45  
2026-03-31 23:35:46  [update 0401] no conquest in round 1 — re-simulating …
2026-03-31 23:52:42  [update 0401] no conquest in round 2 — re-simulating …
2026-04-01 00:09:53  
[update 0401] winner found after 3 simulation round(s)  (dist 0.687s | collect 3042.14s)
2026-04-01 00:09:53  [update 0401] per-player GAE in 0.0233s
2026-04-01 00:12:52  [update 0401] PPO update done in 166.40s
2026-04-01 00:12:53    [ckpt] removed old checkpoint: checkpoints_win_reward\policy_update_00398.pt
2026-04-01 00:12:53    [ckpt] saved → checkpoints_win_reward\policy_update_00401.pt  (keeping last 3)
2026-04-01 00:12:53  
2026-04-01 00:12:53  ╔══ update 0401 ════════════════════════════════════════════
2026-04-01 00:12:53  ║  Wall time     : 3247.8s  (dist 0.69s | collect 3042.14s | GAE 0.0233s | PPO 166.40s)
2026-04-01 00:12:53  ║  Simul rounds  : 3
2026-04-01 00:12:53  ║  Games finished:      1  (conquest 1, timeout 0)
2026-04-01 00:12:53  ║  Win rate      : 1.000
2026-04-01 00:12:53  ║  Avg ep length : 32768.0 steps
2026-04-01 00:12:53  ║  Avg reward/ep : 20.0000
2026-04-01 00:12:53  ║  p_loss        : 0.0111
2026-04-01 00:12:53  ║  v_loss        : 0.1552
2026-04-01 00:12:53  ║  entropy       : 2.7263
2026-04-01 00:12:53  ╚════════════════════════════════════════════════════════════
2026-04-01 00:12:53  
2026-04-01 00:29:10  
[update 0402] winner found after 1 simulation round(s)  (dist 0.114s | collect 977.53s)
2026-04-01 00:29:10  [update 0402] per-player GAE in 0.0213s
2026-04-01 00:34:04  [update 0402] PPO update done in 278.77s
2026-04-01 00:34:04    [ckpt] removed old checkpoint: checkpoints_win_reward\policy_update_00399.pt
2026-04-01 00:34:04    [ckpt] saved → checkpoints_win_reward\policy_update_00402.pt  (keeping last 3)
2026-04-01 00:34:04  
2026-04-01 00:34:04  ╔══ update 0402 ════════════════════════════════════════════
2026-04-01 00:34:04  ║  Wall time     : 1271.9s  (dist 0.11s | collect 977.53s | GAE 0.0213s | PPO 278.77s)
2026-04-01 00:34:04  ║  Simul rounds  : 1
2026-04-01 00:34:04  ║  Games finished:      2  (conquest 2, timeout 0)
2026-04-01 00:34:04  ║  Win rate      : 1.000
2026-04-01 00:34:04  ║  Avg ep length : 16384.0 steps
2026-04-01 00:34:04  ║  Avg reward/ep : 20.0000
2026-04-01 00:34:04  ║  p_loss        : 0.0090
2026-04-01 00:34:04  ║  v_loss        : 0.2705
2026-04-01 00:34:04  ║  entropy       : 2.0278
2026-04-01 00:34:04  ╚════════════════════════════════════════════════════════════
2026-04-01 00:34:04  
2026-04-01 00:51:28  [update 0403] no conquest in round 1 — re-simulating …
2026-04-01 01:10:19  
[update 0403] winner found after 2 simulation round(s)  (dist 0.321s | collect 2159.40s)
2026-04-01 01:10:19  [update 0403] per-player GAE in 0.0221s
2026-04-01 01:25:24  [update 0403] PPO update done in 890.99s
2026-04-01 01:25:25    [ckpt] removed old checkpoint: checkpoints_win_reward\policy_update_00400.pt
2026-04-01 01:25:25    [ckpt] saved → checkpoints_win_reward\policy_update_00403.pt  (keeping last 3)
2026-04-01 01:25:25  
2026-04-01 01:25:25  ╔══ update 0403 ════════════════════════════════════════════
2026-04-01 01:25:25  ║  Wall time     : 3080.6s  (dist 0.32s | collect 2159.40s | GAE 0.0221s | PPO 890.99s)
2026-04-01 01:25:25  ║  Simul rounds  : 2
2026-04-01 01:25:25  ║  Games finished:      3  (conquest 3, timeout 0)
2026-04-01 01:25:25  ║  Win rate      : 1.000
2026-04-01 01:25:25  ║  Avg ep length : 10922.7 steps
2026-04-01 01:25:25  ║  Avg reward/ep : 20.0000
2026-04-01 01:25:25  ║  p_loss        : -0.0023
2026-04-01 01:25:25  ║  v_loss        : 0.4612
2026-04-01 01:25:25  ║  entropy       : 2.5491
2026-04-01 01:25:25  ╚════════════════════════════════════════════════════════════
2026-04-01 01:25:25  
2026-04-01 01:43:05  [update 0404] no conquest in round 1 — re-simulating …
2026-04-01 02:01:01  [update 0404] no conquest in round 2 — re-simulating …
2026-04-01 02:18:42  
[update 0404] winner found after 3 simulation round(s)  (dist 0.573s | collect 3165.79s)
2026-04-01 02:18:42  [update 0404] per-player GAE in 0.0225s
2026-04-01 02:33:22  [update 0404] PPO update done in 867.13s
2026-04-01 02:33:23    [ckpt] removed old checkpoint: checkpoints_win_reward\policy_update_00401.pt
2026-04-01 02:33:23    [ckpt] saved → checkpoints_win_reward\policy_update_00404.pt  (keeping last 3)
2026-04-01 02:33:23  
2026-04-01 02:33:23  ╔══ update 0404 ════════════════════════════════════════════
2026-04-01 02:33:23  ║  Wall time     : 4077.7s  (dist 0.57s | collect 3165.79s | GAE 0.0225s | PPO 867.13s)
2026-04-01 02:33:23  ║  Simul rounds  : 3
2026-04-01 02:33:23  ║  Games finished:      2  (conquest 2, timeout 0)
2026-04-01 02:33:23  ║  Win rate      : 1.000
2026-04-01 02:33:23  ║  Avg ep length : 16384.0 steps
2026-04-01 02:33:23  ║  Avg reward/ep : 20.0000
2026-04-01 02:33:23  ║  p_loss        : 0.0073
2026-04-01 02:33:23  ║  v_loss        : 0.3122
2026-04-01 02:33:23  ║  entropy       : 2.6755
2026-04-01 02:33:23  ╚════════════════════════════════════════════════════════════
2026-04-01 02:33:23  
2026-04-01 02:50:38  
[update 0405] winner found after 1 simulation round(s)  (dist 0.114s | collect 1034.79s)
2026-04-01 02:50:38  [update 0405] per-player GAE in 0.0232s
2026-04-01 02:54:48  [update 0405] PPO update done in 234.85s
2026-04-01 02:54:48    [ckpt] removed old checkpoint: checkpoints_win_reward\policy_update_00402.pt
2026-04-01 02:54:48    [ckpt] saved → checkpoints_win_reward\policy_update_00405.pt  (keeping last 3)
2026-04-01 02:54:48  
2026-04-01 02:54:48  ╔══ update 0405 ════════════════════════════════════════════
2026-04-01 02:54:48  ║  Wall time     : 1285.6s  (dist 0.11s | collect 1034.79s | GAE 0.0232s | PPO 234.85s)
2026-04-01 02:54:48  ║  Simul rounds  : 1
2026-04-01 02:54:48  ║  Games finished:      3  (conquest 3, timeout 0)
2026-04-01 02:54:48  ║  Win rate      : 1.000
2026-04-01 02:54:48  ║  Avg ep length : 10922.7 steps
2026-04-01 02:54:48  ║  Avg reward/ep : 20.0000
2026-04-01 02:54:48  ║  p_loss        : 0.0124
2026-04-01 02:54:48  ║  v_loss        : 0.3580
2026-04-01 02:54:48  ║  entropy       : 2.5928
2026-04-01 02:54:48  ╚════════════════════════════════════════════════════════════
2026-04-01 02:54:48  
2026-04-01 03:12:24  
[update 0406] winner found after 1 simulation round(s)  (dist 0.115s | collect 1055.78s)
2026-04-01 03:12:24  [update 0406] per-player GAE in 0.0233s
2026-04-01 03:19:47  [update 0406] PPO update done in 427.22s
2026-04-01 03:19:48    [ckpt] removed old checkpoint: checkpoints_win_reward\policy_update_00403.pt
2026-04-01 03:19:48    [ckpt] saved → checkpoints_win_reward\policy_update_00406.pt  (keeping last 3)
2026-04-01 03:19:48  
2026-04-01 03:19:48  ╔══ update 0406 ════════════════════════════════════════════
2026-04-01 03:19:48  ║  Wall time     : 1499.6s  (dist 0.11s | collect 1055.78s | GAE 0.0233s | PPO 427.22s)
2026-04-01 03:19:48  ║  Simul rounds  : 1
2026-04-01 03:19:48  ║  Games finished:      2  (conquest 2, timeout 0)
2026-04-01 03:19:48  ║  Win rate      : 1.000
2026-04-01 03:19:48  ║  Avg ep length : 16384.0 steps
2026-04-01 03:19:48  ║  Avg reward/ep : 20.0000
2026-04-01 03:19:48  ║  p_loss        : 0.0040
2026-04-01 03:19:48  ║  v_loss        : 0.0963
2026-04-01 03:19:48  ║  entropy       : 2.3625
2026-04-01 03:19:48  ╚════════════════════════════════════════════════════════════
2026-04-01 03:19:48  
2026-04-01 03:36:57  
[update 0407] winner found after 1 simulation round(s)  (dist 0.113s | collect 1029.24s)
2026-04-01 03:36:57  [update 0407] per-player GAE in 0.0214s
2026-04-01 03:42:33  [update 0407] PPO update done in 321.26s
2026-04-01 03:42:33    [ckpt] removed old checkpoint: checkpoints_win_reward\policy_update_00404.pt
2026-04-01 03:42:33    [ckpt] saved → checkpoints_win_reward\policy_update_00407.pt  (keeping last 3)
2026-04-01 03:42:33  
2026-04-01 03:42:33  ╔══ update 0407 ════════════════════════════════════════════
2026-04-01 03:42:33  ║  Wall time     : 1365.5s  (dist 0.11s | collect 1029.24s | GAE 0.0214s | PPO 321.26s)
2026-04-01 03:42:33  ║  Simul rounds  : 1
2026-04-01 03:42:33  ║  Games finished:      3  (conquest 3, timeout 0)
2026-04-01 03:42:33  ║  Win rate      : 1.000
2026-04-01 03:42:33  ║  Avg ep length : 10922.7 steps
2026-04-01 03:42:33  ║  Avg reward/ep : 20.0000
2026-04-01 03:42:33  ║  p_loss        : 0.0091
2026-04-01 03:42:33  ║  v_loss        : 0.3167
2026-04-01 03:42:33  ║  entropy       : 2.3803
2026-04-01 03:42:33  ╚════════════════════════════════════════════════════════════
2026-04-01 03:42:33  
2026-04-01 04:00:47  [update 0408] no conquest in round 1 — re-simulating …
2026-04-01 04:18:42  [update 0408] no conquest in round 2 — re-simulating …
2026-04-01 04:36:49  
[update 0408] winner found after 3 simulation round(s)  (dist 0.590s | collect 3226.84s)
2026-04-01 04:36:49  [update 0408] per-player GAE in 0.0263s
2026-04-01 04:40:04  [update 0408] PPO update done in 182.45s
2026-04-01 04:40:05    [ckpt] removed old checkpoint: checkpoints_win_reward\policy_update_00405.pt
2026-04-01 04:40:05    [ckpt] saved → checkpoints_win_reward\policy_update_00408.pt  (keeping last 3)
2026-04-01 04:40:05  
2026-04-01 04:40:05  ╔══ update 0408 ════════════════════════════════════════════
2026-04-01 04:40:05  ║  Wall time     : 3451.3s  (dist 0.59s | collect 3226.84s | GAE 0.0263s | PPO 182.45s)
2026-04-01 04:40:05  ║  Simul rounds  : 3
2026-04-01 04:40:05  ║  Games finished:      1  (conquest 1, timeout 0)
2026-04-01 04:40:05  ║  Win rate      : 1.000
2026-04-01 04:40:05  ║  Avg ep length : 32768.0 steps
2026-04-01 04:40:05  ║  Avg reward/ep : 20.0000
2026-04-01 04:40:05  ║  p_loss        : 0.0136
2026-04-01 04:40:05  ║  v_loss        : 0.1716
2026-04-01 04:40:05  ║  entropy       : 2.8388
2026-04-01 04:40:05  ╚════════════════════════════════════════════════════════════
2026-04-01 04:40:05  
2026-04-01 04:57:57  [update 0409] no conquest in round 1 — re-simulating …
2026-04-01 05:17:03  
[update 0409] winner found after 2 simulation round(s)  (dist 0.331s | collect 2203.61s)
2026-04-01 05:17:03  [update 0409] per-player GAE in 0.0213s
2026-04-01 05:20:27  [update 0409] PPO update done in 189.63s
2026-04-01 05:20:27    [ckpt] removed old checkpoint: checkpoints_win_reward\policy_update_00406.pt
2026-04-01 05:20:27    [ckpt] saved → checkpoints_win_reward\policy_update_00409.pt  (keeping last 3)
2026-04-01 05:20:27  
2026-04-01 05:20:27  ╔══ update 0409 ════════════════════════════════════════════
2026-04-01 05:20:27  ║  Wall time     : 2422.5s  (dist 0.33s | collect 2203.61s | GAE 0.0213s | PPO 189.63s)
2026-04-01 05:20:27  ║  Simul rounds  : 2
2026-04-01 05:20:27  ║  Games finished:      1  (conquest 1, timeout 0)
2026-04-01 05:20:27  ║  Win rate      : 1.000
2026-04-01 05:20:27  ║  Avg ep length : 32768.0 steps
2026-04-01 05:20:27  ║  Avg reward/ep : 20.0000
2026-04-01 05:20:27  ║  p_loss        : 0.0044
2026-04-01 05:20:27  ║  v_loss        : 0.2053
2026-04-01 05:20:27  ║  entropy       : 3.0261
2026-04-01 05:20:27  ╚════════════════════════════════════════════════════════════
2026-04-01 05:20:27  
2026-04-01 05:38:57  
[update 0410] winner found after 1 simulation round(s)  (dist 0.115s | collect 1109.55s)
2026-04-01 05:38:57  [update 0410] per-player GAE in 0.0239s
2026-04-01 05:42:23  [update 0410] PPO update done in 192.44s
2026-04-01 05:42:24    [ckpt] removed old checkpoint: checkpoints_win_reward\policy_update_00407.pt
2026-04-01 05:42:24    [ckpt] saved → checkpoints_win_reward\policy_update_00410.pt  (keeping last 3)
2026-04-01 05:42:24  
2026-04-01 05:42:24  ╔══ update 0410 ════════════════════════════════════════════
2026-04-01 05:42:24  ║  Wall time     : 1316.7s  (dist 0.12s | collect 1109.55s | GAE 0.0239s | PPO 192.44s)
2026-04-01 05:42:24  ║  Simul rounds  : 1
2026-04-01 05:42:24  ║  Games finished:      1  (conquest 1, timeout 0)
2026-04-01 05:42:24  ║  Win rate      : 1.000
2026-04-01 05:42:24  ║  Avg ep length : 32768.0 steps
2026-04-01 05:42:24  ║  Avg reward/ep : 20.0000
2026-04-01 05:42:24  ║  p_loss        : -0.0010
2026-04-01 05:42:24  ║  v_loss        : 0.3341
2026-04-01 05:42:24  ║  entropy       : 2.6368
2026-04-01 05:42:24  ╚════════════════════════════════════════════════════════════
2026-04-01 05:42:24  
2026-04-01 06:00:53  
[update 0411] winner found after 1 simulation round(s)  (dist 0.185s | collect 1108.42s)
2026-04-01 06:00:53  [update 0411] per-player GAE in 0.0224s
2026-04-01 06:02:45  [update 0411] PPO update done in 98.57s
2026-04-01 06:02:46    [ckpt] removed old checkpoint: checkpoints_win_reward\policy_update_00408.pt
2026-04-01 06:02:46    [ckpt] saved → checkpoints_win_reward\policy_update_00411.pt  (keeping last 3)
2026-04-01 06:02:46  
2026-04-01 06:02:46  ╔══ update 0411 ════════════════════════════════════════════
2026-04-01 06:02:46  ║  Wall time     : 1221.9s  (dist 0.18s | collect 1108.42s | GAE 0.0224s | PPO 98.57s)
2026-04-01 06:02:46  ║  Simul rounds  : 1
2026-04-01 06:02:46  ║  Games finished:      1  (conquest 1, timeout 0)
2026-04-01 06:02:46  ║  Win rate      : 1.000
2026-04-01 06:02:46  ║  Avg ep length : 32768.0 steps
2026-04-01 06:02:46  ║  Avg reward/ep : 20.0000
2026-04-01 06:02:46  ║  p_loss        : 0.0094
2026-04-01 06:02:46  ║  v_loss        : 0.3014
2026-04-01 06:02:46  ║  entropy       : 2.5200
2026-04-01 06:02:46  ╚════════════════════════════════════════════════════════════
2026-04-01 06:02:46  
2026-04-01 06:20:39  
[update 0412] winner found after 1 simulation round(s)  (dist 0.202s | collect 1073.43s)
2026-04-01 06:20:40  [update 0412] per-player GAE in 0.0236s
2026-04-01 06:27:53  [update 0412] PPO update done in 419.58s
2026-04-01 06:27:54    [ckpt] removed old checkpoint: checkpoints_win_reward\policy_update_00409.pt
2026-04-01 06:27:54    [ckpt] saved → checkpoints_win_reward\policy_update_00412.pt  (keeping last 3)
2026-04-01 06:27:54  
2026-04-01 06:27:54  ╔══ update 0412 ════════════════════════════════════════════
2026-04-01 06:27:54  ║  Wall time     : 1508.1s  (dist 0.20s | collect 1073.43s | GAE 0.0236s | PPO 419.58s)
2026-04-01 06:27:54  ║  Simul rounds  : 1
2026-04-01 06:27:54  ║  Games finished:      3  (conquest 3, timeout 0)
2026-04-01 06:27:54  ║  Win rate      : 1.000
2026-04-01 06:27:54  ║  Avg ep length : 10922.7 steps
2026-04-01 06:27:54  ║  Avg reward/ep : 20.0000
2026-04-01 06:27:54  ║  p_loss        : 0.0066
2026-04-01 06:27:54  ║  v_loss        : 0.3917
2026-04-01 06:27:54  ║  entropy       : 2.5837
2026-04-01 06:27:54  ╚════════════════════════════════════════════════════════════
2026-04-01 06:27:54  
2026-04-01 06:44:15  
[update 0413] winner found after 1 simulation round(s)  (dist 0.114s | collect 980.99s)
2026-04-01 06:44:15  [update 0413] per-player GAE in 0.0244s
2026-04-01 06:57:29  [update 0413] PPO update done in 777.85s
2026-04-01 06:57:30    [ckpt] removed old checkpoint: checkpoints_win_reward\policy_update_00410.pt
2026-04-01 06:57:30    [ckpt] saved → checkpoints_win_reward\policy_update_00413.pt  (keeping last 3)
2026-04-01 06:57:30  
2026-04-01 06:57:30  ╔══ update 0413 ════════════════════════════════════════════
2026-04-01 06:57:30  ║  Wall time     : 1776.5s  (dist 0.11s | collect 980.99s | GAE 0.0244s | PPO 777.85s)
2026-04-01 06:57:30  ║  Simul rounds  : 1
2026-04-01 06:57:30  ║  Games finished:      9  (conquest 9, timeout 0)
2026-04-01 06:57:30  ║  Win rate      : 1.000
2026-04-01 06:57:30  ║  Avg ep length : 3640.9 steps
2026-04-01 06:57:30  ║  Avg reward/ep : 20.0000
2026-04-01 06:57:30  ║  p_loss        : 0.0119
2026-04-01 06:57:30  ║  v_loss        : 0.5537
2026-04-01 06:57:30  ║  entropy       : 2.4788
2026-04-01 06:57:30  ╚════════════════════════════════════════════════════════════
2026-04-01 06:57:30  
2026-04-01 07:14:03  
[update 0414] winner found after 1 simulation round(s)  (dist 0.171s | collect 992.30s)
2026-04-01 07:14:03  [update 0414] per-player GAE in 0.0216s
2026-04-01 07:18:07  [update 0414] PPO update done in 229.23s
2026-04-01 07:18:08    [ckpt] removed old checkpoint: checkpoints_win_reward\policy_update_00411.pt
2026-04-01 07:18:08    [ckpt] saved → checkpoints_win_reward\policy_update_00414.pt  (keeping last 3)
2026-04-01 07:18:08  
2026-04-01 07:18:08  ╔══ update 0414 ════════════════════════════════════════════
2026-04-01 07:18:08  ║  Wall time     : 1237.4s  (dist 0.17s | collect 992.30s | GAE 0.0216s | PPO 229.23s)
2026-04-01 07:18:08  ║  Simul rounds  : 1
2026-04-01 07:18:08  ║  Games finished:      3  (conquest 3, timeout 0)
2026-04-01 07:18:08  ║  Win rate      : 1.000
2026-04-01 07:18:08  ║  Avg ep length : 10922.7 steps
2026-04-01 07:18:08  ║  Avg reward/ep : 20.0000
2026-04-01 07:18:08  ║  p_loss        : 0.0060
2026-04-01 07:18:08  ║  v_loss        : 0.6618
2026-04-01 07:18:08  ║  entropy       : 2.4195
2026-04-01 07:18:08  ╚════════════════════════════════════════════════════════════
2026-04-01 07:18:08  
2026-04-01 07:35:23  
[update 0415] winner found after 1 simulation round(s)  (dist 0.128s | collect 1034.99s)
2026-04-01 07:35:23  [update 0415] per-player GAE in 0.0228s
2026-04-01 07:39:55  [update 0415] PPO update done in 257.10s
2026-04-01 07:39:56    [ckpt] removed old checkpoint: checkpoints_win_reward\policy_update_00412.pt
2026-04-01 07:39:56    [ckpt] saved → checkpoints_win_reward\policy_update_00415.pt  (keeping last 3)
2026-04-01 07:39:56  
2026-04-01 07:39:56  ╔══ update 0415 ════════════════════════════════════════════
2026-04-01 07:39:56  ║  Wall time     : 1308.1s  (dist 0.13s | collect 1034.99s | GAE 0.0228s | PPO 257.10s)
2026-04-01 07:39:56  ║  Simul rounds  : 1
2026-04-01 07:39:56  ║  Games finished:      2  (conquest 2, timeout 0)
2026-04-01 07:39:56  ║  Win rate      : 1.000
2026-04-01 07:39:56  ║  Avg ep length : 16384.0 steps
2026-04-01 07:39:56  ║  Avg reward/ep : 20.0000
2026-04-01 07:39:56  ║  p_loss        : 0.0139
2026-04-01 07:39:56  ║  v_loss        : 0.3668
2026-04-01 07:39:56  ║  entropy       : 2.5362
2026-04-01 07:39:56  ╚════════════════════════════════════════════════════════════
2026-04-01 07:39:56  
2026-04-01 07:56:51  
[update 0416] winner found after 1 simulation round(s)  (dist 0.111s | collect 1014.64s)
2026-04-01 07:56:51  [update 0416] per-player GAE in 0.0243s
2026-04-01 08:02:37  [update 0416] PPO update done in 331.89s
2026-04-01 08:02:38    [ckpt] removed old checkpoint: checkpoints_win_reward\policy_update_00413.pt
2026-04-01 08:02:38    [ckpt] saved → checkpoints_win_reward\policy_update_00416.pt  (keeping last 3)
2026-04-01 08:02:38  
2026-04-01 08:02:38  ╔══ update 0416 ════════════════════════════════════════════
2026-04-01 08:02:38  ║  Wall time     : 1362.3s  (dist 0.11s | collect 1014.64s | GAE 0.0243s | PPO 331.89s)
2026-04-01 08:02:38  ║  Simul rounds  : 1
2026-04-01 08:02:38  ║  Games finished:      2  (conquest 2, timeout 0)
2026-04-01 08:02:38  ║  Win rate      : 1.000
2026-04-01 08:02:38  ║  Avg ep length : 16384.0 steps
2026-04-01 08:02:38  ║  Avg reward/ep : 20.0000
2026-04-01 08:02:38  ║  p_loss        : -0.0011
2026-04-01 08:02:38  ║  v_loss        : 0.4728
2026-04-01 08:02:38  ║  entropy       : 2.2623
2026-04-01 08:02:38  ╚════════════════════════════════════════════════════════════
2026-04-01 08:02:38  
2026-04-01 08:19:46  
[update 0417] winner found after 1 simulation round(s)  (dist 0.106s | collect 1028.05s)
2026-04-01 08:19:46  [update 0417] per-player GAE in 0.0240s
2026-04-01 08:23:33  [update 0417] PPO update done in 212.36s
2026-04-01 08:23:34    [ckpt] removed old checkpoint: checkpoints_win_reward\policy_update_00414.pt
2026-04-01 08:23:34    [ckpt] saved → checkpoints_win_reward\policy_update_00417.pt  (keeping last 3)
2026-04-01 08:23:34  
2026-04-01 08:23:34  ╔══ update 0417 ════════════════════════════════════════════
2026-04-01 08:23:34  ║  Wall time     : 1255.6s  (dist 0.11s | collect 1028.05s | GAE 0.0240s | PPO 212.36s)
2026-04-01 08:23:34  ║  Simul rounds  : 1
2026-04-01 08:23:34  ║  Games finished:      3  (conquest 3, timeout 0)
2026-04-01 08:23:34  ║  Win rate      : 1.000
2026-04-01 08:23:34  ║  Avg ep length : 10922.7 steps
2026-04-01 08:23:34  ║  Avg reward/ep : 20.0000
2026-04-01 08:23:34  ║  p_loss        : 0.0135
2026-04-01 08:23:34  ║  v_loss        : 0.5018
2026-04-01 08:23:34  ║  entropy       : 2.5034
2026-04-01 08:23:34  ╚════════════════════════════════════════════════════════════
2026-04-01 08:23:34  
2026-04-01 08:39:48  
[update 0418] winner found after 1 simulation round(s)  (dist 0.113s | collect 974.06s)
2026-04-01 08:39:48  [update 0418] per-player GAE in 0.0225s
2026-04-01 08:44:56  [update 0418] PPO update done in 293.34s
2026-04-01 08:44:57    [ckpt] removed old checkpoint: checkpoints_win_reward\policy_update_00415.pt
2026-04-01 08:44:57    [ckpt] saved → checkpoints_win_reward\policy_update_00418.pt  (keeping last 3)
2026-04-01 08:44:57  
2026-04-01 08:44:57  ╔══ update 0418 ════════════════════════════════════════════
2026-04-01 08:44:57  ║  Wall time     : 1283.2s  (dist 0.11s | collect 974.06s | GAE 0.0225s | PPO 293.34s)
2026-04-01 08:44:57  ║  Simul rounds  : 1
2026-04-01 08:44:57  ║  Games finished:      2  (conquest 2, timeout 0)
2026-04-01 08:44:57  ║  Win rate      : 1.000
2026-04-01 08:44:57  ║  Avg ep length : 16384.0 steps
2026-04-01 08:44:57  ║  Avg reward/ep : 20.0000
2026-04-01 08:44:57  ║  p_loss        : 0.0124
2026-04-01 08:44:57  ║  v_loss        : 0.1703
2026-04-01 08:44:57  ║  entropy       : 2.8529
2026-04-01 08:44:57  ╚════════════════════════════════════════════════════════════
2026-04-01 08:44:57  
2026-04-01 09:01:15  
[update 0419] winner found after 1 simulation round(s)  (dist 0.199s | collect 978.15s)
2026-04-01 09:01:15  [update 0419] per-player GAE in 0.0221s
2026-04-01 09:11:59  [update 0419] PPO update done in 629.91s
2026-04-01 09:12:00    [ckpt] removed old checkpoint: checkpoints_win_reward\policy_update_00416.pt
2026-04-01 09:12:00    [ckpt] saved → checkpoints_win_reward\policy_update_00419.pt  (keeping last 3)
2026-04-01 09:12:00  
2026-04-01 09:12:00  ╔══ update 0419 ════════════════════════════════════════════
2026-04-01 09:12:00  ║  Wall time     : 1622.9s  (dist 0.20s | collect 978.15s | GAE 0.0221s | PPO 629.91s)
2026-04-01 09:12:00  ║  Simul rounds  : 1
2026-04-01 09:12:00  ║  Games finished:      6  (conquest 6, timeout 0)
2026-04-01 09:12:00  ║  Win rate      : 1.000
2026-04-01 09:12:00  ║  Avg ep length : 5461.3 steps
2026-04-01 09:12:00  ║  Avg reward/ep : 20.0000
2026-04-01 09:12:00  ║  p_loss        : 0.0104
2026-04-01 09:12:00  ║  v_loss        : 0.3916
2026-04-01 09:12:00  ║  entropy       : 2.6336
2026-04-01 09:12:00  ╚════════════════════════════════════════════════════════════
2026-04-01 09:12:00  
2026-04-01 09:27:46  
[update 0420] winner found after 1 simulation round(s)  (dist 0.208s | collect 945.97s)
2026-04-01 09:27:46  [update 0420] per-player GAE in 0.0226s
2026-04-01 09:32:03  [update 0420] PPO update done in 243.40s
2026-04-01 09:32:03    [ckpt] removed old checkpoint: checkpoints_win_reward\policy_update_00417.pt
2026-04-01 09:32:03    [ckpt] saved → checkpoints_win_reward\policy_update_00420.pt  (keeping last 3)
2026-04-01 09:32:03  
2026-04-01 09:32:03  ╔══ update 0420 ════════════════════════════════════════════
2026-04-01 09:32:03  ║  Wall time     : 1203.4s  (dist 0.21s | collect 945.97s | GAE 0.0226s | PPO 243.40s)
2026-04-01 09:32:03  ║  Simul rounds  : 1
2026-04-01 09:32:03  ║  Games finished:      5  (conquest 5, timeout 0)
2026-04-01 09:32:03  ║  Win rate      : 1.000
2026-04-01 09:32:03  ║  Avg ep length : 6553.6 steps
2026-04-01 09:32:03  ║  Avg reward/ep : 20.0000
2026-04-01 09:32:03  ║  p_loss        : 0.0048
2026-04-01 09:32:03  ║  v_loss        : 0.6294
2026-04-01 09:32:03  ║  entropy       : 2.3485
2026-04-01 09:32:03  ╚════════════════════════════════════════════════════════════
2026-04-01 09:32:03  
2026-04-01 09:47:08  
[update 0421] winner found after 1 simulation round(s)  (dist 0.117s | collect 904.66s)
2026-04-01 09:47:08  [update 0421] per-player GAE in 0.0267s
2026-04-01 09:54:51  [update 0421] PPO update done in 448.58s
2026-04-01 09:54:52    [ckpt] removed old checkpoint: checkpoints_win_reward\policy_update_00418.pt
2026-04-01 09:54:52    [ckpt] saved → checkpoints_win_reward\policy_update_00421.pt  (keeping last 3)
2026-04-01 09:54:52  
2026-04-01 09:54:52  ╔══ update 0421 ════════════════════════════════════════════
2026-04-01 09:54:52  ║  Wall time     : 1368.4s  (dist 0.12s | collect 904.66s | GAE 0.0267s | PPO 448.58s)
2026-04-01 09:54:52  ║  Simul rounds  : 1
2026-04-01 09:54:52  ║  Games finished:     11  (conquest 11, timeout 0)
2026-04-01 09:54:52  ║  Win rate      : 1.000
2026-04-01 09:54:52  ║  Avg ep length : 2978.9 steps
2026-04-01 09:54:52  ║  Avg reward/ep : 20.0000
2026-04-01 09:54:52  ║  p_loss        : 0.0104
2026-04-01 09:54:52  ║  v_loss        : 0.5116
2026-04-01 09:54:52  ║  entropy       : 2.1939
2026-04-01 09:54:52  ╚════════════════════════════════════════════════════════════
2026-04-01 09:54:52  
2026-04-01 10:09:47  
[update 0422] winner found after 1 simulation round(s)  (dist 0.173s | collect 895.12s)
2026-04-01 10:09:47  [update 0422] per-player GAE in 0.0257s
2026-04-01 10:12:51  [update 0422] PPO update done in 172.05s
2026-04-01 10:12:52    [ckpt] removed old checkpoint: checkpoints_win_reward\policy_update_00419.pt
2026-04-01 10:12:52    [ckpt] saved → checkpoints_win_reward\policy_update_00422.pt  (keeping last 3)
2026-04-01 10:12:52  
2026-04-01 10:12:52  ╔══ update 0422 ════════════════════════════════════════════
2026-04-01 10:12:52  ║  Wall time     : 1079.9s  (dist 0.17s | collect 895.12s | GAE 0.0257s | PPO 172.05s)
2026-04-01 10:12:52  ║  Simul rounds  : 1
2026-04-01 10:12:52  ║  Games finished:      1  (conquest 1, timeout 0)
2026-04-01 10:12:52  ║  Win rate      : 1.000
2026-04-01 10:12:52  ║  Avg ep length : 32768.0 steps
2026-04-01 10:12:52  ║  Avg reward/ep : 20.0000
2026-04-01 10:12:52  ║  p_loss        : 0.0012
2026-04-01 10:12:52  ║  v_loss        : 0.6604
2026-04-01 10:12:52  ║  entropy       : 2.7847
2026-04-01 10:12:52  ╚════════════════════════════════════════════════════════════
2026-04-01 10:12:52  
2026-04-01 10:29:06  
[update 0423] winner found after 1 simulation round(s)  (dist 0.188s | collect 973.76s)
2026-04-01 10:29:06  [update 0423] per-player GAE in 0.0219s
2026-04-01 10:44:18  [update 0423] PPO update done in 899.40s
2026-04-01 10:44:19    [ckpt] removed old checkpoint: checkpoints_win_reward\policy_update_00420.pt
2026-04-01 10:44:19    [ckpt] saved → checkpoints_win_reward\policy_update_00423.pt  (keeping last 3)
2026-04-01 10:44:19  
2026-04-01 10:44:19  ╔══ update 0423 ════════════════════════════════════════════
2026-04-01 10:44:19  ║  Wall time     : 1887.2s  (dist 0.19s | collect 973.76s | GAE 0.0219s | PPO 899.40s)
2026-04-01 10:44:19  ║  Simul rounds  : 1
2026-04-01 10:44:19  ║  Games finished:      2  (conquest 2, timeout 0)
2026-04-01 10:44:19  ║  Win rate      : 1.000
2026-04-01 10:44:19  ║  Avg ep length : 16384.0 steps
2026-04-01 10:44:19  ║  Avg reward/ep : 20.0000
2026-04-01 10:44:19  ║  p_loss        : 0.0070
2026-04-01 10:44:19  ║  v_loss        : 0.3190
2026-04-01 10:44:19  ║  entropy       : 2.8721
2026-04-01 10:44:19  ╚════════════════════════════════════════════════════════════
2026-04-01 10:44:19  
2026-04-01 10:59:02  
[update 0424] winner found after 1 simulation round(s)  (dist 0.117s | collect 882.75s)
2026-04-01 10:59:02  [update 0424] per-player GAE in 0.0243s
2026-04-01 11:01:41  [update 0424] PPO update done in 146.50s
2026-04-01 11:01:42    [ckpt] removed old checkpoint: checkpoints_win_reward\policy_update_00421.pt
2026-04-01 11:01:42    [ckpt] saved → checkpoints_win_reward\policy_update_00424.pt  (keeping last 3)
2026-04-01 11:01:42  
2026-04-01 11:01:42  ╔══ update 0424 ════════════════════════════════════════════
2026-04-01 11:01:42  ║  Wall time     : 1043.0s  (dist 0.12s | collect 882.75s | GAE 0.0243s | PPO 146.50s)
2026-04-01 11:01:42  ║  Simul rounds  : 1
2026-04-01 11:01:42  ║  Games finished:      2  (conquest 2, timeout 0)
2026-04-01 11:01:42  ║  Win rate      : 1.000
2026-04-01 11:01:42  ║  Avg ep length : 16384.0 steps
2026-04-01 11:01:42  ║  Avg reward/ep : 20.0000
2026-04-01 11:01:42  ║  p_loss        : 0.0068
2026-04-01 11:01:42  ║  v_loss        : 0.5682
2026-04-01 11:01:42  ║  entropy       : 2.4527
2026-04-01 11:01:42  ╚════════════════════════════════════════════════════════════
2026-04-01 11:01:42  
2026-04-01 11:16:35  
[update 0425] winner found after 1 simulation round(s)  (dist 0.188s | collect 892.58s)
2026-04-01 11:16:35  [update 0425] per-player GAE in 0.0231s
2026-04-01 11:20:44  [update 0425] PPO update done in 236.12s
2026-04-01 11:20:44    [ckpt] removed old checkpoint: checkpoints_win_reward\policy_update_00422.pt
2026-04-01 11:20:44    [ckpt] saved → checkpoints_win_reward\policy_update_00425.pt  (keeping last 3)
2026-04-01 11:20:44  
2026-04-01 11:20:44  ╔══ update 0425 ════════════════════════════════════════════
2026-04-01 11:20:44  ║  Wall time     : 1142.3s  (dist 0.19s | collect 892.58s | GAE 0.0231s | PPO 236.12s)
2026-04-01 11:20:44  ║  Simul rounds  : 1
2026-04-01 11:20:44  ║  Games finished:      1  (conquest 1, timeout 0)
2026-04-01 11:20:44  ║  Win rate      : 1.000
2026-04-01 11:20:44  ║  Avg ep length : 32768.0 steps
2026-04-01 11:20:44  ║  Avg reward/ep : 20.0000
2026-04-01 11:20:44  ║  p_loss        : 0.0086
2026-04-01 11:20:44  ║  v_loss        : 0.2829
2026-04-01 11:20:44  ║  entropy       : 2.8206
2026-04-01 11:20:44  ╚════════════════════════════════════════════════════════════
2026-04-01 11:20:44  
2026-04-01 11:35:35  
[update 0426] winner found after 1 simulation round(s)  (dist 0.186s | collect 890.87s)
2026-04-01 11:35:35  [update 0426] per-player GAE in 0.0228s
2026-04-01 11:38:19  [update 0426] PPO update done in 151.30s
2026-04-01 11:38:20    [ckpt] removed old checkpoint: checkpoints_win_reward\policy_update_00423.pt
2026-04-01 11:38:20    [ckpt] saved → checkpoints_win_reward\policy_update_00426.pt  (keeping last 3)
2026-04-01 11:38:20  
2026-04-01 11:38:20  ╔══ update 0426 ════════════════════════════════════════════
2026-04-01 11:38:20  ║  Wall time     : 1055.7s  (dist 0.19s | collect 890.87s | GAE 0.0228s | PPO 151.30s)
2026-04-01 11:38:20  ║  Simul rounds  : 1
2026-04-01 11:38:20  ║  Games finished:      1  (conquest 1, timeout 0)
2026-04-01 11:38:20  ║  Win rate      : 1.000
2026-04-01 11:38:20  ║  Avg ep length : 32768.0 steps
2026-04-01 11:38:20  ║  Avg reward/ep : 20.0000
2026-04-01 11:38:20  ║  p_loss        : 0.0140
2026-04-01 11:38:20  ║  v_loss        : 0.0529
2026-04-01 11:38:20  ║  entropy       : 2.9263
2026-04-01 11:38:20  ╚════════════════════════════════════════════════════════════
2026-04-01 11:38:20  
2026-04-01 11:53:45  
[update 0427] winner found after 1 simulation round(s)  (dist 0.115s | collect 925.02s)
2026-04-01 11:53:45  [update 0427] per-player GAE in 0.0243s
2026-04-01 12:02:51  [update 0427] PPO update done in 532.75s
2026-04-01 12:02:52    [ckpt] removed old checkpoint: checkpoints_win_reward\policy_update_00424.pt
2026-04-01 12:02:52    [ckpt] saved → checkpoints_win_reward\policy_update_00427.pt  (keeping last 3)
2026-04-01 12:02:52  
2026-04-01 12:02:52  ╔══ update 0427 ════════════════════════════════════════════
2026-04-01 12:02:52  ║  Wall time     : 1472.1s  (dist 0.11s | collect 925.02s | GAE 0.0243s | PPO 532.75s)
2026-04-01 12:02:52  ║  Simul rounds  : 1
2026-04-01 12:02:52  ║  Games finished:      6  (conquest 6, timeout 0)
2026-04-01 12:02:52  ║  Win rate      : 1.000
2026-04-01 12:02:52  ║  Avg ep length : 5461.3 steps
2026-04-01 12:02:52  ║  Avg reward/ep : 20.0000
2026-04-01 12:02:52  ║  p_loss        : 0.0035
2026-04-01 12:02:52  ║  v_loss        : 0.3719
2026-04-01 12:02:52  ║  entropy       : 2.6158
2026-04-01 12:02:52  ╚════════════════════════════════════════════════════════════
2026-04-01 12:02:52  
2026-04-01 12:16:26  
[update 0428] winner found after 1 simulation round(s)  (dist 0.118s | collect 813.36s)
2026-04-01 12:16:26  [update 0428] per-player GAE in 0.0255s
2026-04-01 12:25:16  [update 0428] PPO update done in 518.15s
2026-04-01 12:25:18    [ckpt] removed old checkpoint: checkpoints_win_reward\policy_update_00425.pt
2026-04-01 12:25:18    [ckpt] saved → checkpoints_win_reward\policy_update_00428.pt  (keeping last 3)
2026-04-01 12:25:18  
2026-04-01 12:25:18  ╔══ update 0428 ════════════════════════════════════════════
2026-04-01 12:25:18  ║  Wall time     : 1345.5s  (dist 0.12s | collect 813.36s | GAE 0.0255s | PPO 518.15s)
2026-04-01 12:25:18  ║  Simul rounds  : 1
2026-04-01 12:25:18  ║  Games finished:      6  (conquest 6, timeout 0)
2026-04-01 12:25:18  ║  Win rate      : 1.000
2026-04-01 12:25:18  ║  Avg ep length : 5461.3 steps
2026-04-01 12:25:18  ║  Avg reward/ep : 20.0000
2026-04-01 12:25:18  ║  p_loss        : 0.0113
2026-04-01 12:25:18  ║  v_loss        : 0.2696
2026-04-01 12:25:18  ║  entropy       : 2.7494
2026-04-01 12:25:18  ╚════════════════════════════════════════════════════════════
2026-04-01 12:25:18  
2026-04-01 12:39:58  
[update 0429] winner found after 1 simulation round(s)  (dist 0.186s | collect 880.54s)
2026-04-01 12:39:58  [update 0429] per-player GAE in 0.0227s
2026-04-01 12:47:45  [update 0429] PPO update done in 454.30s
2026-04-01 12:47:46    [ckpt] removed old checkpoint: checkpoints_win_reward\policy_update_00426.pt
2026-04-01 12:47:46    [ckpt] saved → checkpoints_win_reward\policy_update_00429.pt  (keeping last 3)
2026-04-01 12:47:46  
2026-04-01 12:47:46  ╔══ update 0429 ════════════════════════════════════════════
2026-04-01 12:47:46  ║  Wall time     : 1348.7s  (dist 0.19s | collect 880.54s | GAE 0.0227s | PPO 454.30s)
2026-04-01 12:47:46  ║  Simul rounds  : 1
2026-04-01 12:47:46  ║  Games finished:      3  (conquest 3, timeout 0)
2026-04-01 12:47:46  ║  Win rate      : 1.000
2026-04-01 12:47:46  ║  Avg ep length : 10922.7 steps
2026-04-01 12:47:46  ║  Avg reward/ep : 20.0000
2026-04-01 12:47:46  ║  p_loss        : 0.0124
2026-04-01 12:47:46  ║  v_loss        : 0.2857
2026-04-01 12:47:46  ║  entropy       : 2.6769
2026-04-01 12:47:46  ╚════════════════════════════════════════════════════════════
2026-04-01 12:47:46  
2026-04-01 13:02:20  
[update 0430] winner found after 1 simulation round(s)  (dist 0.105s | collect 873.41s)
2026-04-01 13:02:20  [update 0430] per-player GAE in 0.0233s
2026-04-01 13:19:13  [update 0430] PPO update done in 1000.61s
2026-04-01 13:19:14    [ckpt] removed old checkpoint: checkpoints_win_reward\policy_update_00427.pt
2026-04-01 13:19:14    [ckpt] saved → checkpoints_win_reward\policy_update_00430.pt  (keeping last 3)
2026-04-01 13:19:14  
2026-04-01 13:19:14  ╔══ update 0430 ════════════════════════════════════════════
2026-04-01 13:19:14  ║  Wall time     : 1887.7s  (dist 0.10s | collect 873.41s | GAE 0.0233s | PPO 1000.61s)
2026-04-01 13:19:14  ║  Simul rounds  : 1
2026-04-01 13:19:14  ║  Games finished:      4  (conquest 4, timeout 0)
2026-04-01 13:19:14  ║  Win rate      : 1.000
2026-04-01 13:19:14  ║  Avg ep length : 8192.0 steps
2026-04-01 13:19:14  ║  Avg reward/ep : 20.0000
2026-04-01 13:19:14  ║  p_loss        : 0.0005
2026-04-01 13:19:14  ║  v_loss        : 0.1648
2026-04-01 13:19:14  ║  entropy       : 3.1240
2026-04-01 13:19:14  ╚════════════════════════════════════════════════════════════
2026-04-01 13:19:14  
2026-04-01 13:32:52  
[update 0431] winner found after 1 simulation round(s)  (dist 0.174s | collect 817.39s)
2026-04-01 13:32:52  [update 0431] per-player GAE in 0.0208s
2026-04-01 13:48:40  [update 0431] PPO update done in 934.58s
2026-04-01 13:48:41    [ckpt] removed old checkpoint: checkpoints_win_reward\policy_update_00428.pt
2026-04-01 13:48:41    [ckpt] saved → checkpoints_win_reward\policy_update_00431.pt  (keeping last 3)
2026-04-01 13:48:41  
2026-04-01 13:48:41  ╔══ update 0431 ════════════════════════════════════════════
2026-04-01 13:48:41  ║  Wall time     : 1767.3s  (dist 0.17s | collect 817.39s | GAE 0.0208s | PPO 934.58s)
2026-04-01 13:48:41  ║  Simul rounds  : 1
2026-04-01 13:48:41  ║  Games finished:      6  (conquest 6, timeout 0)
2026-04-01 13:48:41  ║  Win rate      : 1.000
2026-04-01 13:48:41  ║  Avg ep length : 5461.3 steps
2026-04-01 13:48:41  ║  Avg reward/ep : 20.0000
2026-04-01 13:48:41  ║  p_loss        : 0.0019
2026-04-01 13:48:41  ║  v_loss        : 0.2857
2026-04-01 13:48:41  ║  entropy       : 2.7781
2026-04-01 13:48:41  ╚════════════════════════════════════════════════════════════
2026-04-01 13:48:41  
2026-04-01 14:03:03  
[update 0432] winner found after 1 simulation round(s)  (dist 0.168s | collect 861.26s)
2026-04-01 14:03:03  [update 0432] per-player GAE in 0.0217s
2026-04-01 14:09:43  [update 0432] PPO update done in 387.24s
2026-04-01 14:09:44    [ckpt] removed old checkpoint: checkpoints_win_reward\policy_update_00429.pt
2026-04-01 14:09:44    [ckpt] saved → checkpoints_win_reward\policy_update_00432.pt  (keeping last 3)
2026-04-01 14:09:44  
2026-04-01 14:09:44  ╔══ update 0432 ════════════════════════════════════════════
2026-04-01 14:09:44  ║  Wall time     : 1262.6s  (dist 0.17s | collect 861.26s | GAE 0.0217s | PPO 387.24s)
2026-04-01 14:09:44  ║  Simul rounds  : 1
2026-04-01 14:09:44  ║  Games finished:      6  (conquest 6, timeout 0)
2026-04-01 14:09:44  ║  Win rate      : 1.000
2026-04-01 14:09:44  ║  Avg ep length : 5461.3 steps
2026-04-01 14:09:44  ║  Avg reward/ep : 20.0000
2026-04-01 14:09:44  ║  p_loss        : 0.0073
2026-04-01 14:09:44  ║  v_loss        : 0.3608
2026-04-01 14:09:44  ║  entropy       : 2.5309
2026-04-01 14:09:44  ╚════════════════════════════════════════════════════════════
2026-04-01 14:09:44  
2026-04-01 14:23:40  
[update 0433] winner found after 1 simulation round(s)  (dist 0.115s | collect 836.32s)
2026-04-01 14:23:40  [update 0433] per-player GAE in 0.0234s
2026-04-01 14:30:03  [update 0433] PPO update done in 369.88s
2026-04-01 14:30:04    [ckpt] removed old checkpoint: checkpoints_win_reward\policy_update_00430.pt
2026-04-01 14:30:04    [ckpt] saved → checkpoints_win_reward\policy_update_00433.pt  (keeping last 3)
2026-04-01 14:30:04  
2026-04-01 14:30:04  ╔══ update 0433 ════════════════════════════════════════════
2026-04-01 14:30:04  ║  Wall time     : 1219.7s  (dist 0.11s | collect 836.32s | GAE 0.0234s | PPO 369.88s)
2026-04-01 14:30:04  ║  Simul rounds  : 1
2026-04-01 14:30:04  ║  Games finished:      3  (conquest 3, timeout 0)
2026-04-01 14:30:04  ║  Win rate      : 1.000
2026-04-01 14:30:04  ║  Avg ep length : 10922.7 steps
2026-04-01 14:30:04  ║  Avg reward/ep : 20.0000
2026-04-01 14:30:04  ║  p_loss        : -0.0050
2026-04-01 14:30:04  ║  v_loss        : 0.8824
2026-04-01 14:30:04  ║  entropy       : 2.7572
2026-04-01 14:30:04  ╚════════════════════════════════════════════════════════════
2026-04-01 14:30:04  
2026-04-01 14:45:00  
[update 0434] winner found after 1 simulation round(s)  (dist 0.111s | collect 895.97s)
2026-04-01 14:45:00  [update 0434] per-player GAE in 0.0223s
2026-04-01 14:59:00  [update 0434] PPO update done in 826.84s
2026-04-01 14:59:01    [ckpt] removed old checkpoint: checkpoints_win_reward\policy_update_00431.pt
2026-04-01 14:59:01    [ckpt] saved → checkpoints_win_reward\policy_update_00434.pt  (keeping last 3)
2026-04-01 14:59:01  
2026-04-01 14:59:01  ╔══ update 0434 ════════════════════════════════════════════
2026-04-01 14:59:01  ║  Wall time     : 1737.6s  (dist 0.11s | collect 895.97s | GAE 0.0223s | PPO 826.84s)
2026-04-01 14:59:01  ║  Simul rounds  : 1
2026-04-01 14:59:01  ║  Games finished:      4  (conquest 4, timeout 0)
2026-04-01 14:59:01  ║  Win rate      : 1.000
2026-04-01 14:59:01  ║  Avg ep length : 8192.0 steps
2026-04-01 14:59:01  ║  Avg reward/ep : 20.0000
2026-04-01 14:59:01  ║  p_loss        : 0.0019
2026-04-01 14:59:01  ║  v_loss        : 0.2419
2026-04-01 14:59:01  ║  entropy       : 2.7955
2026-04-01 14:59:01  ╚════════════════════════════════════════════════════════════
2026-04-01 14:59:01  
2026-04-01 15:12:12  
[update 0435] winner found after 1 simulation round(s)  (dist 0.163s | collect 790.53s)
2026-04-01 15:12:12  [update 0435] per-player GAE in 0.0257s
2026-04-01 15:20:56  [update 0435] PPO update done in 509.96s
2026-04-01 15:20:57    [ckpt] removed old checkpoint: checkpoints_win_reward\policy_update_00432.pt
2026-04-01 15:20:57    [ckpt] saved → checkpoints_win_reward\policy_update_00435.pt  (keeping last 3)
2026-04-01 15:20:57  
2026-04-01 15:20:57  ╔══ update 0435 ════════════════════════════════════════════
2026-04-01 15:20:57  ║  Wall time     : 1315.5s  (dist 0.16s | collect 790.53s | GAE 0.0257s | PPO 509.96s)
2026-04-01 15:20:57  ║  Simul rounds  : 1
2026-04-01 15:20:57  ║  Games finished:      3  (conquest 3, timeout 0)
2026-04-01 15:20:57  ║  Win rate      : 1.000
2026-04-01 15:20:57  ║  Avg ep length : 10922.7 steps
2026-04-01 15:20:57  ║  Avg reward/ep : 20.0000
2026-04-01 15:20:57  ║  p_loss        : 0.0053
2026-04-01 15:20:57  ║  v_loss        : 0.3264
2026-04-01 15:20:57  ║  entropy       : 3.0007
2026-04-01 15:20:57  ╚════════════════════════════════════════════════════════════
2026-04-01 15:20:57  
2026-04-01 15:34:03  
[update 0436] winner found after 1 simulation round(s)  (dist 0.190s | collect 786.58s)
2026-04-01 15:34:04  [update 0436] per-player GAE in 0.0227s
2026-04-01 15:40:14  [update 0436] PPO update done in 357.58s
2026-04-01 15:40:15    [ckpt] removed old checkpoint: checkpoints_win_reward\policy_update_00433.pt
2026-04-01 15:40:15    [ckpt] saved → checkpoints_win_reward\policy_update_00436.pt  (keeping last 3)
2026-04-01 15:40:15  
2026-04-01 15:40:15  ╔══ update 0436 ════════════════════════════════════════════
2026-04-01 15:40:15  ║  Wall time     : 1158.0s  (dist 0.19s | collect 786.58s | GAE 0.0227s | PPO 357.58s)
2026-04-01 15:40:15  ║  Simul rounds  : 1
2026-04-01 15:40:15  ║  Games finished:      5  (conquest 5, timeout 0)
2026-04-01 15:40:15  ║  Win rate      : 1.000
2026-04-01 15:40:15  ║  Avg ep length : 6553.6 steps
2026-04-01 15:40:15  ║  Avg reward/ep : 20.0000
2026-04-01 15:40:15  ║  p_loss        : 0.0051
2026-04-01 15:40:15  ║  v_loss        : 0.4825
2026-04-01 15:40:15  ║  entropy       : 2.4798
2026-04-01 15:40:15  ╚════════════════════════════════════════════════════════════
2026-04-01 15:40:15  
2026-04-01 15:53:23  
[update 0437] winner found after 1 simulation round(s)  (dist 0.178s | collect 788.51s)
2026-04-01 15:53:23  [update 0437] per-player GAE in 0.0231s
2026-04-01 16:07:23  [update 0437] PPO update done in 826.09s
2026-04-01 16:07:24    [ckpt] removed old checkpoint: checkpoints_win_reward\policy_update_00434.pt
2026-04-01 16:07:24    [ckpt] saved → checkpoints_win_reward\policy_update_00437.pt  (keeping last 3)
2026-04-01 16:07:24  
2026-04-01 16:07:24  ╔══ update 0437 ════════════════════════════════════════════
2026-04-01 16:07:24  ║  Wall time     : 1629.5s  (dist 0.18s | collect 788.51s | GAE 0.0231s | PPO 826.09s)
2026-04-01 16:07:24  ║  Simul rounds  : 1
2026-04-01 16:07:24  ║  Games finished:     10  (conquest 10, timeout 0)
2026-04-01 16:07:24  ║  Win rate      : 1.000
2026-04-01 16:07:24  ║  Avg ep length : 3276.8 steps
2026-04-01 16:07:24  ║  Avg reward/ep : 20.0000
2026-04-01 16:07:24  ║  p_loss        : 0.0016
2026-04-01 16:07:24  ║  v_loss        : 0.3082
2026-04-01 16:07:24  ║  entropy       : 2.6887
2026-04-01 16:07:24  ╚════════════════════════════════════════════════════════════
2026-04-01 16:07:24  
2026-04-01 16:20:40  
[update 0438] winner found after 1 simulation round(s)  (dist 0.183s | collect 795.13s)
2026-04-01 16:20:40  [update 0438] per-player GAE in 0.0240s
2026-04-01 16:30:22  [update 0438] PPO update done in 568.68s
2026-04-01 16:30:23    [ckpt] removed old checkpoint: checkpoints_win_reward\policy_update_00435.pt
2026-04-01 16:30:23    [ckpt] saved → checkpoints_win_reward\policy_update_00438.pt  (keeping last 3)
2026-04-01 16:30:23  
2026-04-01 16:30:23  ╔══ update 0438 ════════════════════════════════════════════
2026-04-01 16:30:23  ║  Wall time     : 1378.6s  (dist 0.18s | collect 795.13s | GAE 0.0240s | PPO 568.68s)
2026-04-01 16:30:23  ║  Simul rounds  : 1
2026-04-01 16:30:23  ║  Games finished:      5  (conquest 5, timeout 0)
2026-04-01 16:30:23  ║  Win rate      : 1.000
2026-04-01 16:30:23  ║  Avg ep length : 6553.6 steps
2026-04-01 16:30:23  ║  Avg reward/ep : 20.0000
2026-04-01 16:30:23  ║  p_loss        : 0.0101
2026-04-01 16:30:23  ║  v_loss        : 0.3642
2026-04-01 16:30:23  ║  entropy       : 2.7556
2026-04-01 16:30:23  ╚════════════════════════════════════════════════════════════
2026-04-01 16:30:23  
2026-04-01 16:43:39  
[update 0439] winner found after 1 simulation round(s)  (dist 0.114s | collect 796.25s)
2026-04-01 16:43:39  [update 0439] per-player GAE in 0.0234s
2026-04-01 17:10:48  [update 0439] PPO update done in 1616.84s
2026-04-01 17:10:51    [ckpt] removed old checkpoint: checkpoints_win_reward\policy_update_00436.pt
2026-04-01 17:10:51    [ckpt] saved → checkpoints_win_reward\policy_update_00439.pt  (keeping last 3)
2026-04-01 17:10:51  
2026-04-01 17:10:51  ╔══ update 0439 ════════════════════════════════════════════
2026-04-01 17:10:51  ║  Wall time     : 2428.5s  (dist 0.11s | collect 796.25s | GAE 0.0234s | PPO 1616.84s)
2026-04-01 17:10:51  ║  Simul rounds  : 1
2026-04-01 17:10:51  ║  Games finished:     14  (conquest 14, timeout 0)
2026-04-01 17:10:51  ║  Win rate      : 1.000
2026-04-01 17:10:51  ║  Avg ep length : 2340.6 steps
2026-04-01 17:10:51  ║  Avg reward/ep : 20.0000
2026-04-01 17:10:51  ║  p_loss        : 0.0085
2026-04-01 17:10:51  ║  v_loss        : 0.3643
2026-04-01 17:10:51  ║  entropy       : 2.6656
2026-04-01 17:10:51  ╚════════════════════════════════════════════════════════════
2026-04-01 17:10:51  
2026-04-01 17:24:05  
[update 0440] winner found after 1 simulation round(s)  (dist 0.105s | collect 793.70s)
2026-04-01 17:24:05  [update 0440] per-player GAE in 0.0257s
2026-04-01 17:42:19  [update 0440] PPO update done in 1081.59s
2026-04-01 17:42:22    [ckpt] removed old checkpoint: checkpoints_win_reward\policy_update_00437.pt
2026-04-01 17:42:22    [ckpt] saved → checkpoints_win_reward\policy_update_00440.pt  (keeping last 3)
2026-04-01 17:42:22  
2026-04-01 17:42:22  ╔══ update 0440 ════════════════════════════════════════════
2026-04-01 17:42:22  ║  Wall time     : 1890.4s  (dist 0.11s | collect 793.70s | GAE 0.0257s | PPO 1081.59s)
2026-04-01 17:42:22  ║  Simul rounds  : 1
2026-04-01 17:42:22  ║  Games finished:     11  (conquest 11, timeout 0)
2026-04-01 17:42:22  ║  Win rate      : 1.000
2026-04-01 17:42:22  ║  Avg ep length : 2978.9 steps
2026-04-01 17:42:22  ║  Avg reward/ep : 20.0000
2026-04-01 17:42:22  ║  p_loss        : 0.0013
2026-04-01 17:42:22  ║  v_loss        : 0.3002
2026-04-01 17:42:22  ║  entropy       : 2.7996
2026-04-01 17:42:22  ╚════════════════════════════════════════════════════════════
2026-04-01 17:42:22  
2026-04-01 17:55:47  
[update 0441] winner found after 1 simulation round(s)  (dist 0.174s | collect 804.71s)
2026-04-01 17:55:47  [update 0441] per-player GAE in 0.0254s
2026-04-01 18:12:36  [update 0441] PPO update done in 1000.14s
2026-04-01 18:12:37    [ckpt] removed old checkpoint: checkpoints_win_reward\policy_update_00438.pt
2026-04-01 18:12:37    [ckpt] saved → checkpoints_win_reward\policy_update_00441.pt  (keeping last 3)
2026-04-01 18:12:37  
2026-04-01 18:12:37  ╔══ update 0441 ════════════════════════════════════════════
2026-04-01 18:12:37  ║  Wall time     : 1815.6s  (dist 0.17s | collect 804.71s | GAE 0.0254s | PPO 1000.14s)
2026-04-01 18:12:37  ║  Simul rounds  : 1
2026-04-01 18:12:37  ║  Games finished:      8  (conquest 8, timeout 0)
2026-04-01 18:12:37  ║  Win rate      : 1.000
2026-04-01 18:12:37  ║  Avg ep length : 4096.0 steps
2026-04-01 18:12:37  ║  Avg reward/ep : 20.0000
2026-04-01 18:12:37  ║  p_loss        : 0.0047
2026-04-01 18:12:37  ║  v_loss        : 0.3014
2026-04-01 18:12:37  ║  entropy       : 2.7398
2026-04-01 18:12:37  ╚════════════════════════════════════════════════════════════
2026-04-01 18:12:37  
2026-04-01 18:25:46  
[update 0442] winner found after 1 simulation round(s)  (dist 0.172s | collect 788.02s)
2026-04-01 18:25:46  [update 0442] per-player GAE in 0.0222s
2026-04-01 18:49:50  [update 0442] PPO update done in 1434.66s
2026-04-01 18:49:52    [ckpt] removed old checkpoint: checkpoints_win_reward\policy_update_00439.pt
2026-04-01 18:49:52    [ckpt] saved → checkpoints_win_reward\policy_update_00442.pt  (keeping last 3)
2026-04-01 18:49:52  
2026-04-01 18:49:52  ╔══ update 0442 ════════════════════════════════════════════
2026-04-01 18:49:52  ║  Wall time     : 2234.5s  (dist 0.17s | collect 788.02s | GAE 0.0222s | PPO 1434.66s)
2026-04-01 18:49:52  ║  Simul rounds  : 1
2026-04-01 18:49:52  ║  Games finished:     12  (conquest 12, timeout 0)
2026-04-01 18:49:52  ║  Win rate      : 1.000
2026-04-01 18:49:52  ║  Avg ep length : 2730.7 steps
2026-04-01 18:49:52  ║  Avg reward/ep : 20.0000
2026-04-01 18:49:52  ║  p_loss        : 0.0010
2026-04-01 18:49:52  ║  v_loss        : 0.3551
2026-04-01 18:49:52  ║  entropy       : 2.6912
2026-04-01 18:49:52  ╚════════════════════════════════════════════════════════════
2026-04-01 18:49:52  
2026-04-01 19:03:35  
[update 0443] winner found after 1 simulation round(s)  (dist 0.107s | collect 823.33s)
2026-04-01 19:03:35  [update 0443] per-player GAE in 0.0229s
2026-04-01 19:22:58  [update 0443] PPO update done in 1152.53s
2026-04-01 19:23:00    [ckpt] removed old checkpoint: checkpoints_win_reward\policy_update_00440.pt
2026-04-01 19:23:00    [ckpt] saved → checkpoints_win_reward\policy_update_00443.pt  (keeping last 3)
2026-04-01 19:23:00  
2026-04-01 19:23:00  ╔══ update 0443 ════════════════════════════════════════════
2026-04-01 19:23:00  ║  Wall time     : 1988.2s  (dist 0.11s | collect 823.33s | GAE 0.0229s | PPO 1152.53s)
2026-04-01 19:23:00  ║  Simul rounds  : 1
2026-04-01 19:23:00  ║  Games finished:     14  (conquest 14, timeout 0)
2026-04-01 19:23:00  ║  Win rate      : 1.000
2026-04-01 19:23:00  ║  Avg ep length : 2340.6 steps
2026-04-01 19:23:00  ║  Avg reward/ep : 20.0000
2026-04-01 19:23:00  ║  p_loss        : -0.0049
2026-04-01 19:23:00  ║  v_loss        : 0.4947
2026-04-01 19:23:00  ║  entropy       : 2.6377
2026-04-01 19:23:00  ╚════════════════════════════════════════════════════════════
2026-04-01 19:23:00  
2026-04-01 19:35:20  
[update 0444] winner found after 1 simulation round(s)  (dist 0.104s | collect 739.71s)
2026-04-01 19:35:20  [update 0444] per-player GAE in 0.0225s
2026-04-01 19:56:56  [update 0444] PPO update done in 1286.07s
2026-04-01 19:56:58    [ckpt] removed old checkpoint: checkpoints_win_reward\policy_update_00441.pt
2026-04-01 19:56:58    [ckpt] saved → checkpoints_win_reward\policy_update_00444.pt  (keeping last 3)
2026-04-01 19:56:58  
2026-04-01 19:56:58  ╔══ update 0444 ════════════════════════════════════════════
2026-04-01 19:56:58  ║  Wall time     : 2037.9s  (dist 0.10s | collect 739.71s | GAE 0.0225s | PPO 1286.07s)
2026-04-01 19:56:58  ║  Simul rounds  : 1
2026-04-01 19:56:58  ║  Games finished:      8  (conquest 8, timeout 0)
2026-04-01 19:56:58  ║  Win rate      : 1.000
2026-04-01 19:56:58  ║  Avg ep length : 4096.0 steps
2026-04-01 19:56:58  ║  Avg reward/ep : 20.0000
2026-04-01 19:56:58  ║  p_loss        : -0.0079
2026-04-01 19:56:58  ║  v_loss        : 0.2147
2026-04-01 19:56:58  ║  entropy       : 2.7310
2026-04-01 19:56:58  ╚════════════════════════════════════════════════════════════
2026-04-01 19:56:58  
2026-04-01 20:08:15  
[update 0445] winner found after 1 simulation round(s)  (dist 0.174s | collect 677.08s)
2026-04-01 20:08:15  [update 0445] per-player GAE in 0.0237s
2026-04-01 20:28:57  [update 0445] PPO update done in 1232.47s
2026-04-01 20:28:59    [ckpt] removed old checkpoint: checkpoints_win_reward\policy_update_00442.pt
2026-04-01 20:28:59    [ckpt] saved → checkpoints_win_reward\policy_update_00445.pt  (keeping last 3)
2026-04-01 20:28:59  
2026-04-01 20:28:59  ╔══ update 0445 ════════════════════════════════════════════
2026-04-01 20:28:59  ║  Wall time     : 1921.5s  (dist 0.17s | collect 677.08s | GAE 0.0237s | PPO 1232.47s)
2026-04-01 20:28:59  ║  Simul rounds  : 1
2026-04-01 20:28:59  ║  Games finished:     18  (conquest 18, timeout 0)
2026-04-01 20:28:59  ║  Win rate      : 1.000
2026-04-01 20:28:59  ║  Avg ep length : 1820.4 steps
2026-04-01 20:28:59  ║  Avg reward/ep : 20.0000
2026-04-01 20:28:59  ║  p_loss        : 0.0081
2026-04-01 20:28:59  ║  v_loss        : 0.4753
2026-04-01 20:28:59  ║  entropy       : 2.5521
2026-04-01 20:28:59  ╚════════════════════════════════════════════════════════════
2026-04-01 20:28:59  
2026-04-01 20:41:12  
[update 0446] winner found after 1 simulation round(s)  (dist 0.108s | collect 732.45s)
2026-04-01 20:41:12  [update 0446] per-player GAE in 0.0229s
2026-04-01 20:51:10  [update 0446] PPO update done in 588.31s
2026-04-01 20:51:12    [ckpt] removed old checkpoint: checkpoints_win_reward\policy_update_00443.pt
2026-04-01 20:51:12    [ckpt] saved → checkpoints_win_reward\policy_update_00446.pt  (keeping last 3)
2026-04-01 20:51:12  
2026-04-01 20:51:12  ╔══ update 0446 ════════════════════════════════════════════
2026-04-01 20:51:12  ║  Wall time     : 1332.4s  (dist 0.11s | collect 732.45s | GAE 0.0229s | PPO 588.31s)
2026-04-01 20:51:12  ║  Simul rounds  : 1
2026-04-01 20:51:12  ║  Games finished:     14  (conquest 14, timeout 0)
2026-04-01 20:51:12  ║  Win rate      : 1.000
2026-04-01 20:51:12  ║  Avg ep length : 2340.6 steps
2026-04-01 20:51:12  ║  Avg reward/ep : 20.0000
2026-04-01 20:51:12  ║  p_loss        : 0.0061
2026-04-01 20:51:12  ║  v_loss        : 0.5338
2026-04-01 20:51:12  ║  entropy       : 2.4338
2026-04-01 20:51:12  ╚════════════════════════════════════════════════════════════
2026-04-01 20:51:12  
2026-04-01 21:02:19  
[update 0447] winner found after 1 simulation round(s)  (dist 0.103s | collect 666.71s)
2026-04-01 21:02:19  [update 0447] per-player GAE in 0.0212s
2026-04-01 21:26:18  [update 0447] PPO update done in 1429.08s
2026-04-01 21:26:21    [ckpt] removed old checkpoint: checkpoints_win_reward\policy_update_00444.pt
2026-04-01 21:26:21    [ckpt] saved → checkpoints_win_reward\policy_update_00447.pt  (keeping last 3)
2026-04-01 21:26:21  
2026-04-01 21:26:21  ╔══ update 0447 ════════════════════════════════════════════
2026-04-01 21:26:21  ║  Wall time     : 2108.8s  (dist 0.10s | collect 666.71s | GAE 0.0212s | PPO 1429.08s)
2026-04-01 21:26:21  ║  Simul rounds  : 1
2026-04-01 21:26:21  ║  Games finished:     15  (conquest 15, timeout 0)
2026-04-01 21:26:21  ║  Win rate      : 1.000
2026-04-01 21:26:21  ║  Avg ep length : 2184.5 steps
2026-04-01 21:26:21  ║  Avg reward/ep : 20.0000
2026-04-01 21:26:21  ║  p_loss        : 0.0046
2026-04-01 21:26:21  ║  v_loss        : 0.3849
2026-04-01 21:26:21  ║  entropy       : 2.6550
2026-04-01 21:26:21  ╚════════════════════════════════════════════════════════════
2026-04-01 21:26:21  
2026-04-01 21:38:10  
[update 0448] winner found after 1 simulation round(s)  (dist 0.174s | collect 709.63s)
2026-04-01 21:38:11  [update 0448] per-player GAE in 0.0238s
2026-04-01 21:57:42  [update 0448] PPO update done in 1162.12s
2026-04-01 21:57:44    [ckpt] removed old checkpoint: checkpoints_win_reward\policy_update_00445.pt
2026-04-01 21:57:44    [ckpt] saved → checkpoints_win_reward\policy_update_00448.pt  (keeping last 3)
2026-04-01 21:57:44  
2026-04-01 21:57:44  ╔══ update 0448 ════════════════════════════════════════════
2026-04-01 21:57:44  ║  Wall time     : 1883.7s  (dist 0.17s | collect 709.63s | GAE 0.0238s | PPO 1162.12s)
2026-04-01 21:57:44  ║  Simul rounds  : 1
2026-04-01 21:57:44  ║  Games finished:     10  (conquest 10, timeout 0)
2026-04-01 21:57:44  ║  Win rate      : 1.000
2026-04-01 21:57:44  ║  Avg ep length : 3276.8 steps
2026-04-01 21:57:44  ║  Avg reward/ep : 20.0000
2026-04-01 21:57:44  ║  p_loss        : 0.0070
2026-04-01 21:57:44  ║  v_loss        : 0.1769
2026-04-01 21:57:44  ║  entropy       : 2.7115
2026-04-01 21:57:44  ╚════════════════════════════════════════════════════════════
2026-04-01 21:57:44  
2026-04-01 22:09:27  
[update 0449] winner found after 1 simulation round(s)  (dist 0.168s | collect 702.15s)
2026-04-01 22:09:27  [update 0449] per-player GAE in 0.0230s
2026-04-01 22:17:45  [update 0449] PPO update done in 488.70s
2026-04-01 22:17:46    [ckpt] removed old checkpoint: checkpoints_win_reward\policy_update_00446.pt
2026-04-01 22:17:46    [ckpt] saved → checkpoints_win_reward\policy_update_00449.pt  (keeping last 3)
2026-04-01 22:17:46  
2026-04-01 22:17:46  ╔══ update 0449 ════════════════════════════════════════════
2026-04-01 22:17:46  ║  Wall time     : 1201.5s  (dist 0.17s | collect 702.15s | GAE 0.0230s | PPO 488.70s)
2026-04-01 22:17:46  ║  Simul rounds  : 1
2026-04-01 22:17:46  ║  Games finished:      4  (conquest 4, timeout 0)
2026-04-01 22:17:46  ║  Win rate      : 1.000
2026-04-01 22:17:46  ║  Avg ep length : 8192.0 steps
2026-04-01 22:17:46  ║  Avg reward/ep : 20.0000
2026-04-01 22:17:46  ║  p_loss        : -0.0039
2026-04-01 22:17:46  ║  v_loss        : 0.3861
2026-04-01 22:17:46  ║  entropy       : 2.8074
2026-04-01 22:17:46  ╚════════════════════════════════════════════════════════════
2026-04-01 22:17:46  
2026-04-01 22:29:14  
[update 0450] winner found after 1 simulation round(s)  (dist 0.167s | collect 688.09s)
2026-04-01 22:29:14  [update 0450] per-player GAE in 0.0226s
2026-04-01 22:47:37  [update 0450] PPO update done in 1092.27s
2026-04-01 22:47:39    [ckpt] removed old checkpoint: checkpoints_win_reward\policy_update_00447.pt
2026-04-01 22:47:39    [ckpt] saved → checkpoints_win_reward\policy_update_00450.pt  (keeping last 3)
2026-04-01 22:47:39  
2026-04-01 22:47:39  ╔══ update 0450 ════════════════════════════════════════════
2026-04-01 22:47:39  ║  Wall time     : 1793.2s  (dist 0.17s | collect 688.09s | GAE 0.0226s | PPO 1092.27s)
2026-04-01 22:47:39  ║  Simul rounds  : 1
2026-04-01 22:47:39  ║  Games finished:      9  (conquest 9, timeout 0)
2026-04-01 22:47:39  ║  Win rate      : 1.000
2026-04-01 22:47:39  ║  Avg ep length : 3640.9 steps
2026-04-01 22:47:39  ║  Avg reward/ep : 20.0000
2026-04-01 22:47:39  ║  p_loss        : 0.0065
2026-04-01 22:47:39  ║  v_loss        : 0.4143
2026-04-01 22:47:39  ║  entropy       : 2.8817
2026-04-01 22:47:39  ╚════════════════════════════════════════════════════════════
2026-04-01 22:47:39  
2026-04-01 22:58:43  
[update 0451] winner found after 1 simulation round(s)  (dist 0.169s | collect 663.28s)
2026-04-01 22:58:43  [update 0451] per-player GAE in 0.0235s
2026-04-01 23:22:10  [update 0451] PPO update done in 1395.49s
2026-04-01 23:22:13    [ckpt] removed old checkpoint: checkpoints_win_reward\policy_update_00448.pt
2026-04-01 23:22:13    [ckpt] saved → checkpoints_win_reward\policy_update_00451.pt  (keeping last 3)
2026-04-01 23:22:13  
2026-04-01 23:22:13  ╔══ update 0451 ════════════════════════════════════════════
2026-04-01 23:22:13  ║  Wall time     : 2073.8s  (dist 0.17s | collect 663.28s | GAE 0.0235s | PPO 1395.49s)
2026-04-01 23:22:13  ║  Simul rounds  : 1
2026-04-01 23:22:13  ║  Games finished:     19  (conquest 19, timeout 0)
2026-04-01 23:22:13  ║  Win rate      : 1.000
2026-04-01 23:22:13  ║  Avg ep length : 1724.6 steps
2026-04-01 23:22:13  ║  Avg reward/ep : 20.0000
2026-04-01 23:22:13  ║  p_loss        : 0.0046
2026-04-01 23:22:13  ║  v_loss        : 0.4221
2026-04-01 23:22:13  ║  entropy       : 2.6196
2026-04-01 23:22:13  ╚════════════════════════════════════════════════════════════
2026-04-01 23:22:13  
2026-04-01 23:33:24  
[update 0452] winner found after 1 simulation round(s)  (dist 0.176s | collect 671.29s)
2026-04-01 23:33:24  [update 0452] per-player GAE in 0.0228s
2026-04-01 23:47:33  [update 0452] PPO update done in 838.20s
2026-04-01 23:47:34    [ckpt] removed old checkpoint: checkpoints_win_reward\policy_update_00449.pt
2026-04-01 23:47:34    [ckpt] saved → checkpoints_win_reward\policy_update_00452.pt  (keeping last 3)
2026-04-01 23:47:34  
2026-04-01 23:47:34  ╔══ update 0452 ════════════════════════════════════════════
2026-04-01 23:47:34  ║  Wall time     : 1521.6s  (dist 0.18s | collect 671.29s | GAE 0.0228s | PPO 838.20s)
2026-04-01 23:47:34  ║  Simul rounds  : 1
2026-04-01 23:47:34  ║  Games finished:      8  (conquest 8, timeout 0)
2026-04-01 23:47:34  ║  Win rate      : 1.000
2026-04-01 23:47:34  ║  Avg ep length : 4096.0 steps
2026-04-01 23:47:34  ║  Avg reward/ep : 20.0000
2026-04-01 23:47:34  ║  p_loss        : 0.0065
2026-04-01 23:47:34  ║  v_loss        : 0.2695
2026-04-01 23:47:34  ║  entropy       : 2.7412
2026-04-01 23:47:34  ╚════════════════════════════════════════════════════════════
2026-04-01 23:47:34  
2026-04-01 23:58:15  
[update 0453] winner found after 1 simulation round(s)  (dist 0.119s | collect 640.43s)
2026-04-01 23:58:15  [update 0453] per-player GAE in 0.0228s
2026-04-02 00:04:04  [update 0453] PPO update done in 339.53s
2026-04-02 00:04:05    [ckpt] removed old checkpoint: checkpoints_win_reward\policy_update_00450.pt
2026-04-02 00:04:05    [ckpt] saved → checkpoints_win_reward\policy_update_00453.pt  (keeping last 3)
2026-04-02 00:04:05  
2026-04-02 00:04:05  ╔══ update 0453 ════════════════════════════════════════════
2026-04-02 00:04:05  ║  Wall time     : 990.5s  (dist 0.12s | collect 640.43s | GAE 0.0228s | PPO 339.53s)
2026-04-02 00:04:05  ║  Simul rounds  : 1
2026-04-02 00:04:05  ║  Games finished:      3  (conquest 3, timeout 0)
2026-04-02 00:04:05  ║  Win rate      : 1.000
2026-04-02 00:04:05  ║  Avg ep length : 10922.7 steps
2026-04-02 00:04:05  ║  Avg reward/ep : 20.0000
2026-04-02 00:04:05  ║  p_loss        : 0.0099
2026-04-02 00:04:05  ║  v_loss        : 0.1376
2026-04-02 00:04:05  ║  entropy       : 2.6909
2026-04-02 00:04:05  ╚════════════════════════════════════════════════════════════
2026-04-02 00:04:05  
2026-04-02 00:16:04  
[update 0454] winner found after 1 simulation round(s)  (dist 0.165s | collect 718.62s)
2026-04-02 00:16:04  [update 0454] per-player GAE in 0.0227s
2026-04-02 00:24:38  [update 0454] PPO update done in 504.53s
2026-04-02 00:24:39    [ckpt] removed old checkpoint: checkpoints_win_reward\policy_update_00451.pt
2026-04-02 00:24:39    [ckpt] saved → checkpoints_win_reward\policy_update_00454.pt  (keeping last 3)
2026-04-02 00:24:39  
2026-04-02 00:24:39  ╔══ update 0454 ════════════════════════════════════════════
2026-04-02 00:24:39  ║  Wall time     : 1234.0s  (dist 0.17s | collect 718.62s | GAE 0.0227s | PPO 504.53s)
2026-04-02 00:24:39  ║  Simul rounds  : 1
2026-04-02 00:24:39  ║  Games finished:      4  (conquest 4, timeout 0)
2026-04-02 00:24:39  ║  Win rate      : 1.000
2026-04-02 00:24:39  ║  Avg ep length : 8192.0 steps
2026-04-02 00:24:39  ║  Avg reward/ep : 20.0000
2026-04-02 00:24:39  ║  p_loss        : 0.0061
2026-04-02 00:24:39  ║  v_loss        : 0.5358
2026-04-02 00:24:39  ║  entropy       : 3.1191
2026-04-02 00:24:39  ╚════════════════════════════════════════════════════════════
2026-04-02 00:24:39  
2026-04-02 00:36:05  
[update 0455] winner found after 1 simulation round(s)  (dist 0.104s | collect 685.59s)
2026-04-02 00:36:05  [update 0455] per-player GAE in 0.0230s
2026-04-02 00:45:08  [update 0455] PPO update done in 534.75s
2026-04-02 00:45:09    [ckpt] removed old checkpoint: checkpoints_win_reward\policy_update_00452.pt
2026-04-02 00:45:09    [ckpt] saved → checkpoints_win_reward\policy_update_00455.pt  (keeping last 3)
2026-04-02 00:45:09  
2026-04-02 00:45:09  ╔══ update 0455 ════════════════════════════════════════════
2026-04-02 00:45:09  ║  Wall time     : 1230.4s  (dist 0.10s | collect 685.59s | GAE 0.0230s | PPO 534.75s)
2026-04-02 00:45:09  ║  Simul rounds  : 1
2026-04-02 00:45:09  ║  Games finished:      6  (conquest 6, timeout 0)
2026-04-02 00:45:09  ║  Win rate      : 1.000
2026-04-02 00:45:09  ║  Avg ep length : 5461.3 steps
2026-04-02 00:45:09  ║  Avg reward/ep : 20.0000
2026-04-02 00:45:09  ║  p_loss        : 0.0121
2026-04-02 00:45:09  ║  v_loss        : 0.3991
2026-04-02 00:45:09  ║  entropy       : 2.5474
2026-04-02 00:45:09  ╚════════════════════════════════════════════════════════════
2026-04-02 00:45:09  
2026-04-02 00:56:53  
[update 0456] winner found after 1 simulation round(s)  (dist 0.106s | collect 703.37s)
2026-04-02 00:56:53  [update 0456] per-player GAE in 0.0225s
2026-04-02 01:09:45  [update 0456] PPO update done in 763.23s
2026-04-02 01:09:46    [ckpt] removed old checkpoint: checkpoints_win_reward\policy_update_00453.pt
2026-04-02 01:09:46    [ckpt] saved → checkpoints_win_reward\policy_update_00456.pt  (keeping last 3)
2026-04-02 01:09:46  
2026-04-02 01:09:46  ╔══ update 0456 ════════════════════════════════════════════
2026-04-02 01:09:46  ║  Wall time     : 1476.7s  (dist 0.11s | collect 703.37s | GAE 0.0225s | PPO 763.23s)
2026-04-02 01:09:46  ║  Simul rounds  : 1
2026-04-02 01:09:46  ║  Games finished:      4  (conquest 4, timeout 0)
2026-04-02 01:09:46  ║  Win rate      : 1.000
2026-04-02 01:09:46  ║  Avg ep length : 8192.0 steps
2026-04-02 01:09:46  ║  Avg reward/ep : 20.0000
2026-04-02 01:09:46  ║  p_loss        : -0.0121
2026-04-02 01:09:46  ║  v_loss        : 0.4552
2026-04-02 01:09:46  ║  entropy       : 3.0542
2026-04-02 01:09:46  ╚════════════════════════════════════════════════════════════
2026-04-02 01:09:46  
2026-04-02 01:21:06  
[update 0457] winner found after 1 simulation round(s)  (dist 0.172s | collect 679.76s)
2026-04-02 01:21:06  [update 0457] per-player GAE in 0.0227s
2026-04-02 01:36:02  [update 0457] PPO update done in 887.38s
2026-04-02 01:36:03    [ckpt] removed old checkpoint: checkpoints_win_reward\policy_update_00454.pt
2026-04-02 01:36:03    [ckpt] saved → checkpoints_win_reward\policy_update_00457.pt  (keeping last 3)
2026-04-02 01:36:03  
2026-04-02 01:36:03  ╔══ update 0457 ════════════════════════════════════════════
2026-04-02 01:36:03  ║  Wall time     : 1577.0s  (dist 0.17s | collect 679.76s | GAE 0.0227s | PPO 887.38s)
2026-04-02 01:36:03  ║  Simul rounds  : 1
2026-04-02 01:36:03  ║  Games finished:     10  (conquest 10, timeout 0)
2026-04-02 01:36:03  ║  Win rate      : 1.000
2026-04-02 01:36:03  ║  Avg ep length : 3276.8 steps
2026-04-02 01:36:03  ║  Avg reward/ep : 20.0000
2026-04-02 01:36:03  ║  p_loss        : 0.0039
2026-04-02 01:36:03  ║  v_loss        : 0.4504
2026-04-02 01:36:03  ║  entropy       : 2.6385
2026-04-02 01:36:03  ╚════════════════════════════════════════════════════════════
2026-04-02 01:36:03  
2026-04-02 01:46:51  
[update 0458] winner found after 1 simulation round(s)  (dist 0.125s | collect 647.50s)
2026-04-02 01:46:51  [update 0458] per-player GAE in 0.0230s
2026-04-02 02:09:46  [update 0458] PPO update done in 1365.89s
2026-04-02 02:09:48    [ckpt] removed old checkpoint: checkpoints_win_reward\policy_update_00455.pt
2026-04-02 02:09:48    [ckpt] saved → checkpoints_win_reward\policy_update_00458.pt  (keeping last 3)
2026-04-02 02:09:48  
2026-04-02 02:09:48  ╔══ update 0458 ════════════════════════════════════════════
2026-04-02 02:09:48  ║  Wall time     : 2024.8s  (dist 0.13s | collect 647.50s | GAE 0.0230s | PPO 1365.89s)
2026-04-02 02:09:48  ║  Simul rounds  : 1
2026-04-02 02:09:48  ║  Games finished:     16  (conquest 16, timeout 0)
2026-04-02 02:09:48  ║  Win rate      : 1.000
2026-04-02 02:09:48  ║  Avg ep length : 2048.0 steps
2026-04-02 02:09:48  ║  Avg reward/ep : 20.0000
2026-04-02 02:09:48  ║  p_loss        : 0.0005
2026-04-02 02:09:48  ║  v_loss        : 0.5251
2026-04-02 02:09:48  ║  entropy       : 2.7503
2026-04-02 02:09:48  ╚════════════════════════════════════════════════════════════
2026-04-02 02:09:48  
2026-04-02 02:21:11  
[update 0459] winner found after 1 simulation round(s)  (dist 0.162s | collect 683.05s)
2026-04-02 02:21:11  [update 0459] per-player GAE in 0.0239s
2026-04-02 02:31:51  [update 0459] PPO update done in 630.88s
2026-04-02 02:31:52    [ckpt] removed old checkpoint: checkpoints_win_reward\policy_update_00456.pt
2026-04-02 02:31:52    [ckpt] saved → checkpoints_win_reward\policy_update_00459.pt  (keeping last 3)
2026-04-02 02:31:52  
2026-04-02 02:31:52  ╔══ update 0459 ════════════════════════════════════════════
2026-04-02 02:31:52  ║  Wall time     : 1324.7s  (dist 0.16s | collect 683.05s | GAE 0.0239s | PPO 630.88s)
2026-04-02 02:31:52  ║  Simul rounds  : 1
2026-04-02 02:31:52  ║  Games finished:      7  (conquest 7, timeout 0)
2026-04-02 02:31:52  ║  Win rate      : 1.000
2026-04-02 02:31:52  ║  Avg ep length : 4681.1 steps
2026-04-02 02:31:52  ║  Avg reward/ep : 21.4286
2026-04-02 02:31:52  ║  p_loss        : 0.0099
2026-04-02 02:31:52  ║  v_loss        : 0.2867
2026-04-02 02:31:52  ║  entropy       : 2.6791
2026-04-02 02:31:52  ╚════════════════════════════════════════════════════════════
2026-04-02 02:31:52  
2026-04-02 02:42:49  
[update 0460] winner found after 1 simulation round(s)  (dist 0.167s | collect 656.25s)
2026-04-02 02:42:49  [update 0460] per-player GAE in 0.0222s
2026-04-02 02:57:47  [update 0460] PPO update done in 888.19s
2026-04-02 02:57:49    [ckpt] removed old checkpoint: checkpoints_win_reward\policy_update_00457.pt
2026-04-02 02:57:49    [ckpt] saved → checkpoints_win_reward\policy_update_00460.pt  (keeping last 3)
2026-04-02 02:57:49  
2026-04-02 02:57:49  ╔══ update 0460 ════════════════════════════════════════════
2026-04-02 02:57:49  ║  Wall time     : 1556.5s  (dist 0.17s | collect 656.25s | GAE 0.0222s | PPO 888.19s)
2026-04-02 02:57:49  ║  Simul rounds  : 1
2026-04-02 02:57:49  ║  Games finished:      9  (conquest 9, timeout 0)
2026-04-02 02:57:49  ║  Win rate      : 1.000
2026-04-02 02:57:49  ║  Avg ep length : 3640.9 steps
2026-04-02 02:57:49  ║  Avg reward/ep : 20.0000
2026-04-02 02:57:49  ║  p_loss        : 0.0082
2026-04-02 02:57:49  ║  v_loss        : 0.4831
2026-04-02 02:57:49  ║  entropy       : 2.6683
2026-04-02 02:57:49  ╚════════════════════════════════════════════════════════════
2026-04-02 02:57:49  
2026-04-02 03:08:28  
[update 0461] winner found after 1 simulation round(s)  (dist 0.179s | collect 638.61s)
2026-04-02 03:08:28  [update 0461] per-player GAE in 0.0232s
2026-04-02 03:40:09  [update 0461] PPO update done in 1891.95s
2026-04-02 03:40:13    [ckpt] removed old checkpoint: checkpoints_win_reward\policy_update_00458.pt
2026-04-02 03:40:13    [ckpt] saved → checkpoints_win_reward\policy_update_00461.pt  (keeping last 3)
2026-04-02 03:40:13  
2026-04-02 03:40:13  ╔══ update 0461 ════════════════════════════════════════════
2026-04-02 03:40:13  ║  Wall time     : 2543.7s  (dist 0.18s | collect 638.61s | GAE 0.0232s | PPO 1891.95s)
2026-04-02 03:40:13  ║  Simul rounds  : 1
2026-04-02 03:40:13  ║  Games finished:     14  (conquest 14, timeout 0)
2026-04-02 03:40:13  ║  Win rate      : 1.000
2026-04-02 03:40:13  ║  Avg ep length : 2340.6 steps
2026-04-02 03:40:13  ║  Avg reward/ep : 20.7143
2026-04-02 03:40:13  ║  p_loss        : 0.0041
2026-04-02 03:40:13  ║  v_loss        : 0.3068
2026-04-02 03:40:13  ║  entropy       : 2.8742
2026-04-02 03:40:13  ╚════════════════════════════════════════════════════════════
2026-04-02 03:40:13  
2026-04-02 03:50:47  
[update 0462] winner found after 1 simulation round(s)  (dist 0.174s | collect 634.61s)
2026-04-02 03:50:47  [update 0462] per-player GAE in 0.0230s
2026-04-02 04:16:31  [update 0462] PPO update done in 1534.48s
2026-04-02 04:16:34    [ckpt] removed old checkpoint: checkpoints_win_reward\policy_update_00459.pt
2026-04-02 04:16:34    [ckpt] saved → checkpoints_win_reward\policy_update_00462.pt  (keeping last 3)
2026-04-02 04:16:34  
2026-04-02 04:16:34  ╔══ update 0462 ════════════════════════════════════════════
2026-04-02 04:16:34  ║  Wall time     : 2181.5s  (dist 0.17s | collect 634.61s | GAE 0.0230s | PPO 1534.48s)
2026-04-02 04:16:34  ║  Simul rounds  : 1
2026-04-02 04:16:34  ║  Games finished:     13  (conquest 13, timeout 0)
2026-04-02 04:16:34  ║  Win rate      : 1.000
2026-04-02 04:16:34  ║  Avg ep length : 2520.6 steps
2026-04-02 04:16:34  ║  Avg reward/ep : 20.0000
2026-04-02 04:16:34  ║  p_loss        : -0.0072
2026-04-02 04:16:34  ║  v_loss        : 0.3472
2026-04-02 04:16:34  ║  entropy       : 2.7558
2026-04-02 04:16:34  ╚════════════════════════════════════════════════════════════
2026-04-02 04:16:34  
2026-04-02 04:25:41  
[update 0463] winner found after 1 simulation round(s)  (dist 0.114s | collect 547.23s)
2026-04-02 04:25:41  [update 0463] per-player GAE in 0.0223s
2026-04-02 04:48:47  [update 0463] PPO update done in 1376.15s
2026-04-02 04:48:50    [ckpt] removed old checkpoint: checkpoints_win_reward\policy_update_00460.pt
2026-04-02 04:48:50    [ckpt] saved → checkpoints_win_reward\policy_update_00463.pt  (keeping last 3)
2026-04-02 04:48:50  
2026-04-02 04:48:50  ╔══ update 0463 ════════════════════════════════════════════
2026-04-02 04:48:50  ║  Wall time     : 1936.0s  (dist 0.11s | collect 547.23s | GAE 0.0223s | PPO 1376.15s)
2026-04-02 04:48:50  ║  Simul rounds  : 1
2026-04-02 04:48:50  ║  Games finished:     19  (conquest 19, timeout 0)
2026-04-02 04:48:50  ║  Win rate      : 1.000
2026-04-02 04:48:50  ║  Avg ep length : 1724.6 steps
2026-04-02 04:48:50  ║  Avg reward/ep : 20.0000
2026-04-02 04:48:50  ║  p_loss        : 0.0066
2026-04-02 04:48:50  ║  v_loss        : 0.4448
2026-04-02 04:48:50  ║  entropy       : 2.3907
2026-04-02 04:48:50  ╚════════════════════════════════════════════════════════════
2026-04-02 04:48:50  
2026-04-02 04:58:21  
[update 0464] winner found after 1 simulation round(s)  (dist 0.166s | collect 570.86s)
2026-04-02 04:58:21  [update 0464] per-player GAE in 0.0226s
2026-04-02 05:18:11  [update 0464] PPO update done in 1181.65s
2026-04-02 05:18:14    [ckpt] removed old checkpoint: checkpoints_win_reward\policy_update_00461.pt
2026-04-02 05:18:14    [ckpt] saved → checkpoints_win_reward\policy_update_00464.pt  (keeping last 3)
2026-04-02 05:18:14  
2026-04-02 05:18:14  ╔══ update 0464 ════════════════════════════════════════════
2026-04-02 05:18:14  ║  Wall time     : 1763.8s  (dist 0.17s | collect 570.86s | GAE 0.0226s | PPO 1181.65s)
2026-04-02 05:18:14  ║  Simul rounds  : 1
2026-04-02 05:18:14  ║  Games finished:     10  (conquest 10, timeout 0)
2026-04-02 05:18:14  ║  Win rate      : 1.000
2026-04-02 05:18:14  ║  Avg ep length : 3276.8 steps
2026-04-02 05:18:14  ║  Avg reward/ep : 20.0000
2026-04-02 05:18:14  ║  p_loss        : 0.0033
2026-04-02 05:18:14  ║  v_loss        : 0.2573
2026-04-02 05:18:14  ║  entropy       : 2.4889
2026-04-02 05:18:14  ╚════════════════════════════════════════════════════════════
2026-04-02 05:18:14  
2026-04-02 05:28:13  
[update 0465] winner found after 1 simulation round(s)  (dist 0.161s | collect 598.48s)
2026-04-02 05:28:13  [update 0465] per-player GAE in 0.0231s
2026-04-02 05:45:47  [update 0465] PPO update done in 1046.08s
2026-04-02 05:45:49    [ckpt] removed old checkpoint: checkpoints_win_reward\policy_update_00462.pt
2026-04-02 05:45:49    [ckpt] saved → checkpoints_win_reward\policy_update_00465.pt  (keeping last 3)
2026-04-02 05:45:49  
2026-04-02 05:45:49  ╔══ update 0465 ════════════════════════════════════════════
2026-04-02 05:45:49  ║  Wall time     : 1655.5s  (dist 0.16s | collect 598.48s | GAE 0.0231s | PPO 1046.08s)
2026-04-02 05:45:49  ║  Simul rounds  : 1
2026-04-02 05:45:49  ║  Games finished:     13  (conquest 13, timeout 0)
2026-04-02 05:45:49  ║  Win rate      : 1.000
2026-04-02 05:45:49  ║  Avg ep length : 2520.6 steps
2026-04-02 05:45:49  ║  Avg reward/ep : 20.0000
2026-04-02 05:45:49  ║  p_loss        : 0.0029
2026-04-02 05:45:49  ║  v_loss        : 0.4993
2026-04-02 05:45:49  ║  entropy       : 2.7107
2026-04-02 05:45:49  ╚════════════════════════════════════════════════════════════
2026-04-02 05:45:49  
2026-04-02 05:54:58  
[update 0466] winner found after 1 simulation round(s)  (dist 0.105s | collect 548.25s)
2026-04-02 05:54:58  [update 0466] per-player GAE in 0.0251s
2026-04-02 06:09:27  [update 0466] PPO update done in 863.06s
2026-04-02 06:09:29    [ckpt] removed old checkpoint: checkpoints_win_reward\policy_update_00463.pt
2026-04-02 06:09:29    [ckpt] saved → checkpoints_win_reward\policy_update_00466.pt  (keeping last 3)
2026-04-02 06:09:29  
2026-04-02 06:09:29  ╔══ update 0466 ════════════════════════════════════════════
2026-04-02 06:09:29  ║  Wall time     : 1419.2s  (dist 0.11s | collect 548.25s | GAE 0.0251s | PPO 863.06s)
2026-04-02 06:09:29  ║  Simul rounds  : 1
2026-04-02 06:09:29  ║  Games finished:     12  (conquest 12, timeout 0)
2026-04-02 06:09:29  ║  Win rate      : 1.000
2026-04-02 06:09:29  ║  Avg ep length : 2730.7 steps
2026-04-02 06:09:29  ║  Avg reward/ep : 20.0000
2026-04-02 06:09:29  ║  p_loss        : 0.0054
2026-04-02 06:09:29  ║  v_loss        : 0.2623
2026-04-02 06:09:29  ║  entropy       : 2.5505
2026-04-02 06:09:29  ╚════════════════════════════════════════════════════════════
2026-04-02 06:09:29  
2026-04-02 06:19:17  
[update 0467] winner found after 1 simulation round(s)  (dist 0.101s | collect 588.30s)
2026-04-02 06:19:17  [update 0467] per-player GAE in 0.0225s
2026-04-02 06:46:33  [update 0467] PPO update done in 1628.39s
2026-04-02 06:46:36    [ckpt] removed old checkpoint: checkpoints_win_reward\policy_update_00464.pt
2026-04-02 06:46:36    [ckpt] saved → checkpoints_win_reward\policy_update_00467.pt  (keeping last 3)
2026-04-02 06:46:36  
2026-04-02 06:46:36  ╔══ update 0467 ════════════════════════════════════════════
2026-04-02 06:46:36  ║  Wall time     : 2227.4s  (dist 0.10s | collect 588.30s | GAE 0.0225s | PPO 1628.39s)
2026-04-02 06:46:36  ║  Simul rounds  : 1
2026-04-02 06:46:36  ║  Games finished:     15  (conquest 15, timeout 0)
2026-04-02 06:46:36  ║  Win rate      : 1.000
2026-04-02 06:46:36  ║  Avg ep length : 2184.5 steps
2026-04-02 06:46:36  ║  Avg reward/ep : 20.0000
2026-04-02 06:46:36  ║  p_loss        : 0.0010
2026-04-02 06:46:36  ║  v_loss        : 0.3135
2026-04-02 06:46:36  ║  entropy       : 2.6950
2026-04-02 06:46:36  ╚════════════════════════════════════════════════════════════
2026-04-02 06:46:36  
2026-04-02 06:55:49  
[update 0468] winner found after 1 simulation round(s)  (dist 0.107s | collect 553.06s)
2026-04-02 06:55:49  [update 0468] per-player GAE in 0.0242s
2026-04-02 07:12:53  [update 0468] PPO update done in 1016.34s
2026-04-02 07:12:55    [ckpt] removed old checkpoint: checkpoints_win_reward\policy_update_00465.pt
2026-04-02 07:12:55    [ckpt] saved → checkpoints_win_reward\policy_update_00468.pt  (keeping last 3)
2026-04-02 07:12:55  
2026-04-02 07:12:55  ╔══ update 0468 ════════════════════════════════════════════
2026-04-02 07:12:55  ║  Wall time     : 1578.9s  (dist 0.11s | collect 553.06s | GAE 0.0242s | PPO 1016.34s)
2026-04-02 07:12:55  ║  Simul rounds  : 1
2026-04-02 07:12:55  ║  Games finished:     14  (conquest 14, timeout 0)
2026-04-02 07:12:55  ║  Win rate      : 1.000
2026-04-02 07:12:55  ║  Avg ep length : 2340.6 steps
2026-04-02 07:12:55  ║  Avg reward/ep : 20.0000
2026-04-02 07:12:55  ║  p_loss        : 0.0033
2026-04-02 07:12:55  ║  v_loss        : 0.5335
2026-04-02 07:12:55  ║  entropy       : 2.5971
2026-04-02 07:12:55  ╚════════════════════════════════════════════════════════════
2026-04-02 07:12:55  
2026-04-02 07:22:19  
[update 0469] winner found after 1 simulation round(s)  (dist 0.108s | collect 563.69s)
2026-04-02 07:22:19  [update 0469] per-player GAE in 0.0232s
2026-04-02 07:31:51  [update 0469] PPO update done in 564.27s
2026-04-02 07:31:52    [ckpt] removed old checkpoint: checkpoints_win_reward\policy_update_00466.pt
2026-04-02 07:31:52    [ckpt] saved → checkpoints_win_reward\policy_update_00469.pt  (keeping last 3)
2026-04-02 07:31:52  
2026-04-02 07:31:52  ╔══ update 0469 ════════════════════════════════════════════
2026-04-02 07:31:52  ║  Wall time     : 1137.1s  (dist 0.11s | collect 563.69s | GAE 0.0232s | PPO 564.27s)
2026-04-02 07:31:52  ║  Simul rounds  : 1
2026-04-02 07:31:52  ║  Games finished:      4  (conquest 4, timeout 0)
2026-04-02 07:31:52  ║  Win rate      : 1.000
2026-04-02 07:31:52  ║  Avg ep length : 8192.0 steps
2026-04-02 07:31:52  ║  Avg reward/ep : 20.0000
2026-04-02 07:31:52  ║  p_loss        : 0.0013
2026-04-02 07:31:52  ║  v_loss        : 0.3099
2026-04-02 07:31:52  ║  entropy       : 2.8548
2026-04-02 07:31:52  ╚════════════════════════════════════════════════════════════
2026-04-02 07:31:52  
2026-04-02 07:41:16  
[update 0470] winner found after 1 simulation round(s)  (dist 0.184s | collect 563.76s)
2026-04-02 07:41:16  [update 0470] per-player GAE in 0.0223s
2026-04-02 07:53:20  [update 0470] PPO update done in 714.97s
2026-04-02 07:53:21    [ckpt] removed old checkpoint: checkpoints_win_reward\policy_update_00467.pt
2026-04-02 07:53:21    [ckpt] saved → checkpoints_win_reward\policy_update_00470.pt  (keeping last 3)
2026-04-02 07:53:21  
2026-04-02 07:53:21  ╔══ update 0470 ════════════════════════════════════════════
2026-04-02 07:53:21  ║  Wall time     : 1288.9s  (dist 0.18s | collect 563.76s | GAE 0.0223s | PPO 714.97s)
2026-04-02 07:53:21  ║  Simul rounds  : 1
2026-04-02 07:53:21  ║  Games finished:     11  (conquest 11, timeout 0)
2026-04-02 07:53:21  ║  Win rate      : 1.000
2026-04-02 07:53:21  ║  Avg ep length : 2978.9 steps
2026-04-02 07:53:21  ║  Avg reward/ep : 20.0000
2026-04-02 07:53:21  ║  p_loss        : 0.0091
2026-04-02 07:53:21  ║  v_loss        : 0.3633
2026-04-02 07:53:21  ║  entropy       : 2.3757
2026-04-02 07:53:21  ╚════════════════════════════════════════════════════════════
2026-04-02 07:53:21  
2026-04-02 08:03:02  
[update 0471] winner found after 1 simulation round(s)  (dist 0.109s | collect 580.43s)
2026-04-02 08:03:02  [update 0471] per-player GAE in 0.0224s
2026-04-02 08:07:16  [update 0471] PPO update done in 245.56s
2026-04-02 08:07:16    [ckpt] removed old checkpoint: checkpoints_win_reward\policy_update_00468.pt
2026-04-02 08:07:16    [ckpt] saved → checkpoints_win_reward\policy_update_00471.pt  (keeping last 3)
2026-04-02 08:07:16  
2026-04-02 08:07:16  ╔══ update 0471 ════════════════════════════════════════════
2026-04-02 08:07:16  ║  Wall time     : 835.4s  (dist 0.11s | collect 580.43s | GAE 0.0224s | PPO 245.56s)
2026-04-02 08:07:16  ║  Simul rounds  : 1
2026-04-02 08:07:16  ║  Games finished:      2  (conquest 2, timeout 0)
2026-04-02 08:07:16  ║  Win rate      : 1.000
2026-04-02 08:07:16  ║  Avg ep length : 16384.0 steps
2026-04-02 08:07:16  ║  Avg reward/ep : 20.0000
2026-04-02 08:07:16  ║  p_loss        : 0.0076
2026-04-02 08:07:16  ║  v_loss        : 0.1266
2026-04-02 08:07:16  ║  entropy       : 2.8304
2026-04-02 08:07:16  ╚════════════════════════════════════════════════════════════
2026-04-02 08:07:16  
2026-04-02 08:17:25  
[update 0472] winner found after 1 simulation round(s)  (dist 0.120s | collect 608.23s)
2026-04-02 08:17:25  [update 0472] per-player GAE in 0.0247s
2026-04-02 08:26:12  [update 0472] PPO update done in 518.74s
2026-04-02 08:26:14    [ckpt] removed old checkpoint: checkpoints_win_reward\policy_update_00469.pt
2026-04-02 08:26:14    [ckpt] saved → checkpoints_win_reward\policy_update_00472.pt  (keeping last 3)
2026-04-02 08:26:14  
2026-04-02 08:26:14  ╔══ update 0472 ════════════════════════════════════════════
2026-04-02 08:26:14  ║  Wall time     : 1137.3s  (dist 0.12s | collect 608.23s | GAE 0.0247s | PPO 518.74s)
2026-04-02 08:26:14  ║  Simul rounds  : 1
2026-04-02 08:26:14  ║  Games finished:      5  (conquest 5, timeout 0)
2026-04-02 08:26:14  ║  Win rate      : 1.000
2026-04-02 08:26:14  ║  Avg ep length : 6553.6 steps
2026-04-02 08:26:14  ║  Avg reward/ep : 20.0000
2026-04-02 08:26:14  ║  p_loss        : 0.0051
2026-04-02 08:26:14  ║  v_loss        : 0.3107
2026-04-02 08:26:14  ║  entropy       : 2.5150
2026-04-02 08:26:14  ╚════════════════════════════════════════════════════════════
2026-04-02 08:26:14  
2026-04-02 08:35:59  
[update 0473] winner found after 1 simulation round(s)  (dist 0.105s | collect 585.34s)
2026-04-02 08:35:59  [update 0473] per-player GAE in 0.0234s
2026-04-02 08:53:16  [update 0473] PPO update done in 1027.33s
2026-04-02 08:53:18    [ckpt] removed old checkpoint: checkpoints_win_reward\policy_update_00470.pt
2026-04-02 08:53:18    [ckpt] saved → checkpoints_win_reward\policy_update_00473.pt  (keeping last 3)
2026-04-02 08:53:18  
2026-04-02 08:53:18  ╔══ update 0473 ════════════════════════════════════════════
2026-04-02 08:53:18  ║  Wall time     : 1623.9s  (dist 0.10s | collect 585.34s | GAE 0.0234s | PPO 1027.33s)
2026-04-02 08:53:18  ║  Simul rounds  : 1
2026-04-02 08:53:18  ║  Games finished:     10  (conquest 10, timeout 0)
2026-04-02 08:53:18  ║  Win rate      : 1.000
2026-04-02 08:53:18  ║  Avg ep length : 3276.8 steps
2026-04-02 08:53:18  ║  Avg reward/ep : 20.0000
2026-04-02 08:53:18  ║  p_loss        : 0.0004
2026-04-02 08:53:18  ║  v_loss        : 0.5039
2026-04-02 08:53:18  ║  entropy       : 2.7653
2026-04-02 08:53:18  ╚════════════════════════════════════════════════════════════
2026-04-02 08:53:18  
2026-04-02 09:03:28  
[update 0474] winner found after 1 simulation round(s)  (dist 0.114s | collect 610.37s)
2026-04-02 09:03:28  [update 0474] per-player GAE in 0.0250s
2026-04-02 09:08:49  [update 0474] PPO update done in 311.99s
2026-04-02 09:08:50    [ckpt] removed old checkpoint: checkpoints_win_reward\policy_update_00471.pt
2026-04-02 09:08:50    [ckpt] saved → checkpoints_win_reward\policy_update_00474.pt  (keeping last 3)
2026-04-02 09:08:50  
2026-04-02 09:08:50  ╔══ update 0474 ════════════════════════════════════════════
2026-04-02 09:08:50  ║  Wall time     : 932.7s  (dist 0.11s | collect 610.37s | GAE 0.0250s | PPO 311.99s)
2026-04-02 09:08:50  ║  Simul rounds  : 1
2026-04-02 09:08:50  ║  Games finished:      4  (conquest 4, timeout 0)
2026-04-02 09:08:50  ║  Win rate      : 1.000
2026-04-02 09:08:50  ║  Avg ep length : 8192.0 steps
2026-04-02 09:08:50  ║  Avg reward/ep : 20.0000
2026-04-02 09:08:50  ║  p_loss        : 0.0060
2026-04-02 09:08:50  ║  v_loss        : 0.4100
2026-04-02 09:08:50  ║  entropy       : 2.3582
2026-04-02 09:08:50  ╚════════════════════════════════════════════════════════════
2026-04-02 09:08:50  
2026-04-02 09:18:57  
[update 0475] winner found after 1 simulation round(s)  (dist 0.179s | collect 606.82s)
2026-04-02 09:18:57  [update 0475] per-player GAE in 0.0226s
2026-04-02 09:30:30  [update 0475] PPO update done in 682.97s
2026-04-02 09:30:31    [ckpt] removed old checkpoint: checkpoints_win_reward\policy_update_00472.pt
2026-04-02 09:30:31    [ckpt] saved → checkpoints_win_reward\policy_update_00475.pt  (keeping last 3)
2026-04-02 09:30:31  
2026-04-02 09:30:31  ╔══ update 0475 ════════════════════════════════════════════
2026-04-02 09:30:31  ║  Wall time     : 1300.8s  (dist 0.18s | collect 606.82s | GAE 0.0226s | PPO 682.97s)
2026-04-02 09:30:31  ║  Simul rounds  : 1
2026-04-02 09:30:31  ║  Games finished:      4  (conquest 4, timeout 0)
2026-04-02 09:30:31  ║  Win rate      : 1.000
2026-04-02 09:30:31  ║  Avg ep length : 8192.0 steps
2026-04-02 09:30:31  ║  Avg reward/ep : 20.0000
2026-04-02 09:30:31  ║  p_loss        : 0.0008
2026-04-02 09:30:31  ║  v_loss        : 0.2124
2026-04-02 09:30:31  ║  entropy       : 2.9573
2026-04-02 09:30:31  ╚════════════════════════════════════════════════════════════
2026-04-02 09:30:31  
2026-04-02 09:41:00  
[update 0476] winner found after 1 simulation round(s)  (dist 0.162s | collect 628.43s)
2026-04-02 09:41:00  [update 0476] per-player GAE in 0.0259s
2026-04-02 09:42:50  [update 0476] PPO update done in 100.70s
2026-04-02 09:42:50    [ckpt] removed old checkpoint: checkpoints_win_reward\policy_update_00473.pt
2026-04-02 09:42:50    [ckpt] saved → checkpoints_win_reward\policy_update_00476.pt  (keeping last 3)
2026-04-02 09:42:50  
2026-04-02 09:42:50  ╔══ update 0476 ════════════════════════════════════════════
2026-04-02 09:42:50  ║  Wall time     : 739.3s  (dist 0.16s | collect 628.43s | GAE 0.0259s | PPO 100.70s)
2026-04-02 09:42:50  ║  Simul rounds  : 1
2026-04-02 09:42:50  ║  Games finished:      1  (conquest 1, timeout 0)
2026-04-02 09:42:50  ║  Win rate      : 1.000
2026-04-02 09:42:50  ║  Avg ep length : 32768.0 steps
2026-04-02 09:42:50  ║  Avg reward/ep : 20.0000
2026-04-02 09:42:50  ║  p_loss        : 0.0021
2026-04-02 09:42:50  ║  v_loss        : 0.1482
2026-04-02 09:42:50  ║  entropy       : 2.4519
2026-04-02 09:42:50  ╚════════════════════════════════════════════════════════════
2026-04-02 09:42:50  
2026-04-02 09:53:23  
[update 0477] winner found after 1 simulation round(s)  (dist 0.168s | collect 632.23s)
2026-04-02 09:53:23  [update 0477] per-player GAE in 0.0241s
2026-04-02 10:08:50  [update 0477] PPO update done in 917.74s
2026-04-02 10:08:51    [ckpt] removed old checkpoint: checkpoints_win_reward\policy_update_00474.pt
2026-04-02 10:08:51    [ckpt] saved → checkpoints_win_reward\policy_update_00477.pt  (keeping last 3)
2026-04-02 10:08:51  
2026-04-02 10:08:51  ╔══ update 0477 ════════════════════════════════════════════
2026-04-02 10:08:51  ║  Wall time     : 1561.0s  (dist 0.17s | collect 632.23s | GAE 0.0241s | PPO 917.74s)
2026-04-02 10:08:51  ║  Simul rounds  : 1
2026-04-02 10:08:51  ║  Games finished:      6  (conquest 6, timeout 0)
2026-04-02 10:08:51  ║  Win rate      : 1.000
2026-04-02 10:08:51  ║  Avg ep length : 5461.3 steps
2026-04-02 10:08:51  ║  Avg reward/ep : 20.0000
2026-04-02 10:08:51  ║  p_loss        : 0.0001
2026-04-02 10:08:51  ║  v_loss        : 0.2537
2026-04-02 10:08:51  ║  entropy       : 3.0475
2026-04-02 10:08:51  ╚════════════════════════════════════════════════════════════
2026-04-02 10:08:51  
2026-04-02 10:19:21  
[update 0478] winner found after 1 simulation round(s)  (dist 0.170s | collect 629.56s)
2026-04-02 10:19:21  [update 0478] per-player GAE in 0.0236s
2026-04-02 10:21:10  [update 0478] PPO update done in 100.00s
2026-04-02 10:21:11    [ckpt] removed old checkpoint: checkpoints_win_reward\policy_update_00475.pt
2026-04-02 10:21:11    [ckpt] saved → checkpoints_win_reward\policy_update_00478.pt  (keeping last 3)
2026-04-02 10:21:11  
2026-04-02 10:21:11  ╔══ update 0478 ════════════════════════════════════════════
2026-04-02 10:21:11  ║  Wall time     : 739.6s  (dist 0.17s | collect 629.56s | GAE 0.0236s | PPO 100.00s)
2026-04-02 10:21:11  ║  Simul rounds  : 1
2026-04-02 10:21:11  ║  Games finished:      1  (conquest 1, timeout 0)
2026-04-02 10:21:11  ║  Win rate      : 1.000
2026-04-02 10:21:11  ║  Avg ep length : 32768.0 steps
2026-04-02 10:21:11  ║  Avg reward/ep : 20.0000
2026-04-02 10:21:11  ║  p_loss        : 0.0098
2026-04-02 10:21:11  ║  v_loss        : 0.0585
2026-04-02 10:21:11  ║  entropy       : 2.7015
2026-04-02 10:21:11  ╚════════════════════════════════════════════════════════════
2026-04-02 10:21:11  
2026-04-02 10:32:02  
[update 0479] winner found after 1 simulation round(s)  (dist 0.109s | collect 650.80s)
2026-04-02 10:32:02  [update 0479] per-player GAE in 0.0221s
2026-04-02 10:40:52  [update 0479] PPO update done in 520.08s
2026-04-02 10:40:53    [ckpt] removed old checkpoint: checkpoints_win_reward\policy_update_00476.pt
2026-04-02 10:40:53    [ckpt] saved → checkpoints_win_reward\policy_update_00479.pt  (keeping last 3)
2026-04-02 10:40:53  
2026-04-02 10:40:53  ╔══ update 0479 ════════════════════════════════════════════
2026-04-02 10:40:53  ║  Wall time     : 1182.4s  (dist 0.11s | collect 650.80s | GAE 0.0221s | PPO 520.08s)
2026-04-02 10:40:53  ║  Simul rounds  : 1
2026-04-02 10:40:53  ║  Games finished:      4  (conquest 4, timeout 0)
2026-04-02 10:40:53  ║  Win rate      : 1.000
2026-04-02 10:40:53  ║  Avg ep length : 8192.0 steps
2026-04-02 10:40:53  ║  Avg reward/ep : 20.0000
2026-04-02 10:40:53  ║  p_loss        : 0.0023
2026-04-02 10:40:53  ║  v_loss        : 0.4193
2026-04-02 10:40:53  ║  entropy       : 3.0311
2026-04-02 10:40:53  ╚════════════════════════════════════════════════════════════
2026-04-02 10:40:53  
2026-04-02 10:51:16  
[update 0480] winner found after 1 simulation round(s)  (dist 0.170s | collect 622.13s)
2026-04-02 10:51:16  [update 0480] per-player GAE in 0.0317s
2026-04-02 10:55:42  [update 0480] PPO update done in 256.51s
2026-04-02 10:55:43    [ckpt] removed old checkpoint: checkpoints_win_reward\policy_update_00477.pt
2026-04-02 10:55:43    [ckpt] saved → checkpoints_win_reward\policy_update_00480.pt  (keeping last 3)
2026-04-02 10:55:43  
2026-04-02 10:55:43  ╔══ update 0480 ════════════════════════════════════════════
2026-04-02 10:55:43  ║  Wall time     : 889.4s  (dist 0.17s | collect 622.13s | GAE 0.0317s | PPO 256.51s)
2026-04-02 10:55:43  ║  Simul rounds  : 1
2026-04-02 10:55:43  ║  Games finished:      4  (conquest 4, timeout 0)
2026-04-02 10:55:43  ║  Win rate      : 1.000
2026-04-02 10:55:43  ║  Avg ep length : 8192.0 steps
2026-04-02 10:55:43  ║  Avg reward/ep : 20.0000
2026-04-02 10:55:43  ║  p_loss        : 0.0125
2026-04-02 10:55:43  ║  v_loss        : 0.2446
2026-04-02 10:55:43  ║  entropy       : 2.2065
2026-04-02 10:55:43  ╚════════════════════════════════════════════════════════════
2026-04-02 10:55:43  
2026-04-02 11:06:36  
[update 0481] winner found after 1 simulation round(s)  (dist 0.172s | collect 653.55s)
2026-04-02 11:06:36  [update 0481] per-player GAE in 0.0225s
2026-04-02 11:14:12  [update 0481] PPO update done in 445.23s
2026-04-02 11:14:13    [ckpt] removed old checkpoint: checkpoints_win_reward\policy_update_00478.pt
2026-04-02 11:14:13    [ckpt] saved → checkpoints_win_reward\policy_update_00481.pt  (keeping last 3)
2026-04-02 11:14:13  
2026-04-02 11:14:13  ╔══ update 0481 ════════════════════════════════════════════
2026-04-02 11:14:13  ║  Wall time     : 1110.1s  (dist 0.17s | collect 653.55s | GAE 0.0225s | PPO 445.23s)
2026-04-02 11:14:13  ║  Simul rounds  : 1
2026-04-02 11:14:13  ║  Games finished:      6  (conquest 6, timeout 0)
2026-04-02 11:14:13  ║  Win rate      : 1.000
2026-04-02 11:14:13  ║  Avg ep length : 5461.3 steps
2026-04-02 11:14:13  ║  Avg reward/ep : 20.0000
2026-04-02 11:14:13  ║  p_loss        : 0.0070
2026-04-02 11:14:13  ║  v_loss        : 0.3713
2026-04-02 11:14:13  ║  entropy       : 2.5915
2026-04-02 11:14:13  ╚════════════════════════════════════════════════════════════
2026-04-02 11:14:13  
2026-04-02 11:25:16  
[update 0482] winner found after 1 simulation round(s)  (dist 0.111s | collect 663.37s)
2026-04-02 11:25:16  [update 0482] per-player GAE in 0.0228s
2026-04-02 11:37:02  [update 0482] PPO update done in 695.03s
2026-04-02 11:37:04    [ckpt] removed old checkpoint: checkpoints_win_reward\policy_update_00479.pt
2026-04-02 11:37:04    [ckpt] saved → checkpoints_win_reward\policy_update_00482.pt  (keeping last 3)
2026-04-02 11:37:04  
2026-04-02 11:37:04  ╔══ update 0482 ════════════════════════════════════════════
2026-04-02 11:37:04  ║  Wall time     : 1370.8s  (dist 0.11s | collect 663.37s | GAE 0.0228s | PPO 695.03s)
2026-04-02 11:37:04  ║  Simul rounds  : 1
2026-04-02 11:37:04  ║  Games finished:      9  (conquest 9, timeout 0)
2026-04-02 11:37:04  ║  Win rate      : 1.000
2026-04-02 11:37:04  ║  Avg ep length : 3640.9 steps
2026-04-02 11:37:04  ║  Avg reward/ep : 20.0000
2026-04-02 11:37:04  ║  p_loss        : 0.0040
2026-04-02 11:37:04  ║  v_loss        : 0.2861
2026-04-02 11:37:04  ║  entropy       : 2.4674
2026-04-02 11:37:04  ╚════════════════════════════════════════════════════════════
2026-04-02 11:37:04  
2026-04-02 11:48:17  
[update 0483] winner found after 1 simulation round(s)  (dist 0.169s | collect 673.33s)
2026-04-02 11:48:17  [update 0483] per-player GAE in 0.0232s
2026-04-02 11:53:31  [update 0483] PPO update done in 303.66s
2026-04-02 11:53:31    [ckpt] removed old checkpoint: checkpoints_win_reward\policy_update_00480.pt
2026-04-02 11:53:31    [ckpt] saved → checkpoints_win_reward\policy_update_00483.pt  (keeping last 3)
2026-04-02 11:53:31  
2026-04-02 11:53:31  ╔══ update 0483 ════════════════════════════════════════════
2026-04-02 11:53:31  ║  Wall time     : 987.6s  (dist 0.17s | collect 673.33s | GAE 0.0232s | PPO 303.66s)
2026-04-02 11:53:31  ║  Simul rounds  : 1
2026-04-02 11:53:31  ║  Games finished:      2  (conquest 2, timeout 0)
2026-04-02 11:53:31  ║  Win rate      : 1.000
2026-04-02 11:53:31  ║  Avg ep length : 16384.0 steps
2026-04-02 11:53:31  ║  Avg reward/ep : 20.0000
2026-04-02 11:53:31  ║  p_loss        : 0.0021
2026-04-02 11:53:31  ║  v_loss        : 0.5710
2026-04-02 11:53:31  ║  entropy       : 2.7765
2026-04-02 11:53:31  ╚════════════════════════════════════════════════════════════
2026-04-02 11:53:31  
2026-04-02 12:04:17  
[update 0484] winner found after 1 simulation round(s)  (dist 0.193s | collect 645.20s)
2026-04-02 12:04:17  [update 0484] per-player GAE in 0.0225s
2026-04-02 12:09:51  [update 0484] PPO update done in 325.18s
2026-04-02 12:09:52    [ckpt] removed old checkpoint: checkpoints_win_reward\policy_update_00481.pt
2026-04-02 12:09:52    [ckpt] saved → checkpoints_win_reward\policy_update_00484.pt  (keeping last 3)
2026-04-02 12:09:52  
2026-04-02 12:09:52  ╔══ update 0484 ════════════════════════════════════════════
2026-04-02 12:09:52  ║  Wall time     : 980.4s  (dist 0.19s | collect 645.20s | GAE 0.0225s | PPO 325.18s)
2026-04-02 12:09:52  ║  Simul rounds  : 1
2026-04-02 12:09:52  ║  Games finished:      4  (conquest 4, timeout 0)
2026-04-02 12:09:52  ║  Win rate      : 1.000
2026-04-02 12:09:52  ║  Avg ep length : 8192.0 steps
2026-04-02 12:09:52  ║  Avg reward/ep : 20.0000
2026-04-02 12:09:52  ║  p_loss        : 0.0079
2026-04-02 12:09:52  ║  v_loss        : 0.3874
2026-04-02 12:09:52  ║  entropy       : 2.4892
2026-04-02 12:09:52  ╚════════════════════════════════════════════════════════════
2026-04-02 12:09:52  
2026-04-02 12:20:57  
[update 0485] winner found after 1 simulation round(s)  (dist 0.180s | collect 665.63s)
2026-04-02 12:20:57  [update 0485] per-player GAE in 0.0225s
2026-04-02 12:23:43  [update 0485] PPO update done in 156.03s
2026-04-02 12:23:43    [ckpt] removed old checkpoint: checkpoints_win_reward\policy_update_00482.pt
2026-04-02 12:23:43    [ckpt] saved → checkpoints_win_reward\policy_update_00485.pt  (keeping last 3)
2026-04-02 12:23:43  
2026-04-02 12:23:43  ╔══ update 0485 ════════════════════════════════════════════
2026-04-02 12:23:43  ║  Wall time     : 831.7s  (dist 0.18s | collect 665.63s | GAE 0.0225s | PPO 156.03s)
2026-04-02 12:23:43  ║  Simul rounds  : 1
2026-04-02 12:23:43  ║  Games finished:      1  (conquest 1, timeout 0)
2026-04-02 12:23:43  ║  Win rate      : 1.000
2026-04-02 12:23:43  ║  Avg ep length : 32768.0 steps
2026-04-02 12:23:43  ║  Avg reward/ep : 20.0000
2026-04-02 12:23:43  ║  p_loss        : 0.0091
2026-04-02 12:23:43  ║  v_loss        : 0.1769
2026-04-02 12:23:43  ║  entropy       : 2.9474
2026-04-02 12:23:43  ╚════════════════════════════════════════════════════════════
2026-04-02 12:23:43  
2026-04-02 12:34:42  
[update 0486] winner found after 1 simulation round(s)  (dist 0.184s | collect 658.14s)
2026-04-02 12:34:42  [update 0486] per-player GAE in 0.0231s
2026-04-02 12:40:12  [update 0486] PPO update done in 319.11s
2026-04-02 12:40:13    [ckpt] removed old checkpoint: checkpoints_win_reward\policy_update_00483.pt
2026-04-02 12:40:13    [ckpt] saved → checkpoints_win_reward\policy_update_00486.pt  (keeping last 3)
2026-04-02 12:40:13  
2026-04-02 12:40:13  ╔══ update 0486 ════════════════════════════════════════════
2026-04-02 12:40:13  ║  Wall time     : 989.7s  (dist 0.18s | collect 658.14s | GAE 0.0231s | PPO 319.11s)
2026-04-02 12:40:13  ║  Simul rounds  : 1
2026-04-02 12:40:13  ║  Games finished:      8  (conquest 8, timeout 0)
2026-04-02 12:40:13  ║  Win rate      : 1.000
2026-04-02 12:40:13  ║  Avg ep length : 4096.0 steps
2026-04-02 12:40:13  ║  Avg reward/ep : 20.0000
2026-04-02 12:40:13  ║  p_loss        : 0.0106
2026-04-02 12:40:13  ║  v_loss        : 0.5445
2026-04-02 12:40:13  ║  entropy       : 2.1651
2026-04-02 12:40:13  ╚════════════════════════════════════════════════════════════
2026-04-02 12:40:13  
2026-04-02 12:50:47  
[update 0487] winner found after 1 simulation round(s)  (dist 0.178s | collect 633.97s)
2026-04-02 12:50:47  [update 0487] per-player GAE in 0.0217s
2026-04-02 12:52:04  [update 0487] PPO update done in 68.33s
2026-04-02 12:52:05    [ckpt] removed old checkpoint: checkpoints_win_reward\policy_update_00484.pt
2026-04-02 12:52:05    [ckpt] saved → checkpoints_win_reward\policy_update_00487.pt  (keeping last 3)
2026-04-02 12:52:05  
2026-04-02 12:52:05  ╔══ update 0487 ════════════════════════════════════════════
2026-04-02 12:52:05  ║  Wall time     : 711.8s  (dist 0.18s | collect 633.97s | GAE 0.0217s | PPO 68.33s)
2026-04-02 12:52:05  ║  Simul rounds  : 1
2026-04-02 12:52:05  ║  Games finished:      3  (conquest 3, timeout 0)
2026-04-02 12:52:05  ║  Win rate      : 1.000
2026-04-02 12:52:05  ║  Avg ep length : 10922.7 steps
2026-04-02 12:52:05  ║  Avg reward/ep : 20.0000
2026-04-02 12:52:05  ║  p_loss        : 0.0147
2026-04-02 12:52:05  ║  v_loss        : 0.2882
2026-04-02 12:52:05  ║  entropy       : 1.5771
2026-04-02 12:52:05  ╚════════════════════════════════════════════════════════════
2026-04-02 12:52:05  
2026-04-02 13:03:02  
[update 0488] winner found after 1 simulation round(s)  (dist 0.179s | collect 657.51s)
2026-04-02 13:03:03  [update 0488] per-player GAE in 0.0239s
2026-04-02 13:11:02  [update 0488] PPO update done in 470.26s
2026-04-02 13:11:03    [ckpt] removed old checkpoint: checkpoints_win_reward\policy_update_00485.pt
2026-04-02 13:11:03    [ckpt] saved → checkpoints_win_reward\policy_update_00488.pt  (keeping last 3)
2026-04-02 13:11:03  
2026-04-02 13:11:03  ╔══ update 0488 ════════════════════════════════════════════
2026-04-02 13:11:03  ║  Wall time     : 1138.2s  (dist 0.18s | collect 657.51s | GAE 0.0239s | PPO 470.26s)
2026-04-02 13:11:03  ║  Simul rounds  : 1
2026-04-02 13:11:03  ║  Games finished:      3  (conquest 3, timeout 0)
2026-04-02 13:11:03  ║  Win rate      : 1.000
2026-04-02 13:11:03  ║  Avg ep length : 10922.7 steps
2026-04-02 13:11:03  ║  Avg reward/ep : 20.0000
2026-04-02 13:11:03  ║  p_loss        : 0.0030
2026-04-02 13:11:03  ║  v_loss        : 0.4958
2026-04-02 13:11:03  ║  entropy       : 2.7177
2026-04-02 13:11:03  ╚════════════════════════════════════════════════════════════
2026-04-02 13:11:03  
2026-04-02 13:22:10  
[update 0489] winner found after 1 simulation round(s)  (dist 0.171s | collect 667.08s)
2026-04-02 13:22:10  [update 0489] per-player GAE in 0.0223s
2026-04-02 13:30:40  [update 0489] PPO update done in 501.90s
2026-04-02 13:30:41    [ckpt] removed old checkpoint: checkpoints_win_reward\policy_update_00486.pt
2026-04-02 13:30:41    [ckpt] saved → checkpoints_win_reward\policy_update_00489.pt  (keeping last 3)
2026-04-02 13:30:41  
2026-04-02 13:30:41  ╔══ update 0489 ════════════════════════════════════════════
2026-04-02 13:30:41  ║  Wall time     : 1178.2s  (dist 0.17s | collect 667.08s | GAE 0.0223s | PPO 501.90s)
2026-04-02 13:30:41  ║  Simul rounds  : 1
2026-04-02 13:30:41  ║  Games finished:      3  (conquest 3, timeout 0)
2026-04-02 13:30:41  ║  Win rate      : 1.000
2026-04-02 13:30:41  ║  Avg ep length : 10922.7 steps
2026-04-02 13:30:41  ║  Avg reward/ep : 20.0000
2026-04-02 13:30:41  ║  p_loss        : 0.0063
2026-04-02 13:30:41  ║  v_loss        : 0.2793
2026-04-02 13:30:41  ║  entropy       : 2.9838
2026-04-02 13:30:41  ╚════════════════════════════════════════════════════════════
2026-04-02 13:30:41  
2026-04-02 13:41:19  
[update 0490] winner found after 1 simulation round(s)  (dist 0.108s | collect 638.27s)
2026-04-02 13:41:20  [update 0490] per-player GAE in 0.0243s
2026-04-02 13:43:19  [update 0490] PPO update done in 109.13s
2026-04-02 13:43:19    [ckpt] removed old checkpoint: checkpoints_win_reward\policy_update_00487.pt
2026-04-02 13:43:19    [ckpt] saved → checkpoints_win_reward\policy_update_00490.pt  (keeping last 3)
2026-04-02 13:43:19  
2026-04-02 13:43:19  ╔══ update 0490 ════════════════════════════════════════════
2026-04-02 13:43:19  ║  Wall time     : 758.4s  (dist 0.11s | collect 638.27s | GAE 0.0243s | PPO 109.13s)
2026-04-02 13:43:19  ║  Simul rounds  : 1
2026-04-02 13:43:19  ║  Games finished:      1  (conquest 1, timeout 0)
2026-04-02 13:43:19  ║  Win rate      : 1.000
2026-04-02 13:43:19  ║  Avg ep length : 32768.0 steps
2026-04-02 13:43:19  ║  Avg reward/ep : 20.0000
2026-04-02 13:43:19  ║  p_loss        : 0.0030
2026-04-02 13:43:19  ║  v_loss        : 0.3380
2026-04-02 13:43:19  ║  entropy       : 2.2111
2026-04-02 13:43:19  ╚════════════════════════════════════════════════════════════
2026-04-02 13:43:19  
2026-04-02 13:55:05  
[update 0491] winner found after 1 simulation round(s)  (dist 0.166s | collect 705.15s)
2026-04-02 13:55:05  [update 0491] per-player GAE in 0.0229s
2026-04-02 14:00:08  [update 0491] PPO update done in 293.26s
2026-04-02 14:00:09    [ckpt] removed old checkpoint: checkpoints_win_reward\policy_update_00488.pt
2026-04-02 14:00:09    [ckpt] saved → checkpoints_win_reward\policy_update_00491.pt  (keeping last 3)
2026-04-02 14:00:09  
2026-04-02 14:00:09  ╔══ update 0491 ════════════════════════════════════════════
2026-04-02 14:00:09  ║  Wall time     : 1009.4s  (dist 0.17s | collect 705.15s | GAE 0.0229s | PPO 293.26s)
2026-04-02 14:00:09  ║  Simul rounds  : 1
2026-04-02 14:00:09  ║  Games finished:      2  (conquest 2, timeout 0)
2026-04-02 14:00:09  ║  Win rate      : 1.000
2026-04-02 14:00:09  ║  Avg ep length : 16384.0 steps
2026-04-02 14:00:09  ║  Avg reward/ep : 20.0000
2026-04-02 14:00:09  ║  p_loss        : 0.0073
2026-04-02 14:00:09  ║  v_loss        : 0.3806
2026-04-02 14:00:09  ║  entropy       : 2.4005
2026-04-02 14:00:09  ╚════════════════════════════════════════════════════════════
2026-04-02 14:00:09  
2026-04-02 14:11:17  
[update 0492] winner found after 1 simulation round(s)  (dist 0.178s | collect 667.52s)
2026-04-02 14:11:17  [update 0492] per-player GAE in 0.0223s
2026-04-02 14:13:55  [update 0492] PPO update done in 148.98s
2026-04-02 14:13:56    [ckpt] removed old checkpoint: checkpoints_win_reward\policy_update_00489.pt
2026-04-02 14:13:56    [ckpt] saved → checkpoints_win_reward\policy_update_00492.pt  (keeping last 3)
2026-04-02 14:13:56  
2026-04-02 14:13:56  ╔══ update 0492 ════════════════════════════════════════════
2026-04-02 14:13:56  ║  Wall time     : 826.6s  (dist 0.18s | collect 667.52s | GAE 0.0223s | PPO 148.98s)
2026-04-02 14:13:56  ║  Simul rounds  : 1
2026-04-02 14:13:56  ║  Games finished:      1  (conquest 1, timeout 0)
2026-04-02 14:13:56  ║  Win rate      : 1.000
2026-04-02 14:13:56  ║  Avg ep length : 32768.0 steps
2026-04-02 14:13:56  ║  Avg reward/ep : 20.0000
2026-04-02 14:13:56  ║  p_loss        : -0.0029
2026-04-02 14:13:56  ║  v_loss        : 0.4241
2026-04-02 14:13:56  ║  entropy       : 2.6488
2026-04-02 14:13:56  ╚════════════════════════════════════════════════════════════
2026-04-02 14:13:56  
2026-04-02 14:24:38  
[update 0493] winner found after 1 simulation round(s)  (dist 0.105s | collect 642.63s)
2026-04-02 14:24:38  [update 0493] per-player GAE in 0.0231s
2026-04-02 14:28:56  [update 0493] PPO update done in 249.23s
2026-04-02 14:28:57    [ckpt] removed old checkpoint: checkpoints_win_reward\policy_update_00490.pt
2026-04-02 14:28:57    [ckpt] saved → checkpoints_win_reward\policy_update_00493.pt  (keeping last 3)
2026-04-02 14:28:57  
2026-04-02 14:28:57  ╔══ update 0493 ════════════════════════════════════════════
2026-04-02 14:28:57  ║  Wall time     : 901.1s  (dist 0.11s | collect 642.63s | GAE 0.0231s | PPO 249.23s)
2026-04-02 14:28:57  ║  Simul rounds  : 1
2026-04-02 14:28:57  ║  Games finished:      2  (conquest 2, timeout 0)
2026-04-02 14:28:57  ║  Win rate      : 1.000
2026-04-02 14:28:57  ║  Avg ep length : 16384.0 steps
2026-04-02 14:28:57  ║  Avg reward/ep : 20.0000
2026-04-02 14:28:57  ║  p_loss        : -0.0044
2026-04-02 14:28:57  ║  v_loss        : 0.6731
2026-04-02 14:28:57  ║  entropy       : 2.5839
2026-04-02 14:28:57  ╚════════════════════════════════════════════════════════════
2026-04-02 14:28:57  
2026-04-02 14:40:06  
[update 0494] winner found after 1 simulation round(s)  (dist 0.110s | collect 669.06s)
2026-04-02 14:40:06  [update 0494] per-player GAE in 0.0250s
2026-04-02 14:48:12  [update 0494] PPO update done in 475.31s
2026-04-02 14:48:13    [ckpt] removed old checkpoint: checkpoints_win_reward\policy_update_00491.pt
2026-04-02 14:48:13    [ckpt] saved → checkpoints_win_reward\policy_update_00494.pt  (keeping last 3)
2026-04-02 14:48:13  
2026-04-02 14:48:13  ╔══ update 0494 ════════════════════════════════════════════
2026-04-02 14:48:13  ║  Wall time     : 1156.0s  (dist 0.11s | collect 669.06s | GAE 0.0250s | PPO 475.31s)
2026-04-02 14:48:13  ║  Simul rounds  : 1
2026-04-02 14:48:13  ║  Games finished:      6  (conquest 6, timeout 0)
2026-04-02 14:48:13  ║  Win rate      : 1.000
2026-04-02 14:48:13  ║  Avg ep length : 5461.3 steps
2026-04-02 14:48:13  ║  Avg reward/ep : 20.0000
2026-04-02 14:48:13  ║  p_loss        : 0.0049
2026-04-02 14:48:13  ║  v_loss        : 0.5312
2026-04-02 14:48:13  ║  entropy       : 2.2713
2026-04-02 14:48:13  ╚════════════════════════════════════════════════════════════
2026-04-02 14:48:13  
2026-04-02 14:59:20  
[update 0495] winner found after 1 simulation round(s)  (dist 0.101s | collect 667.30s)
2026-04-02 14:59:20  [update 0495] per-player GAE in 0.0224s
2026-04-02 15:06:48  [update 0495] PPO update done in 439.74s
2026-04-02 15:06:49    [ckpt] removed old checkpoint: checkpoints_win_reward\policy_update_00492.pt
2026-04-02 15:06:49    [ckpt] saved → checkpoints_win_reward\policy_update_00495.pt  (keeping last 3)
2026-04-02 15:06:49  
2026-04-02 15:06:49  ╔══ update 0495 ════════════════════════════════════════════
2026-04-02 15:06:49  ║  Wall time     : 1116.1s  (dist 0.10s | collect 667.30s | GAE 0.0224s | PPO 439.74s)
2026-04-02 15:06:49  ║  Simul rounds  : 1
2026-04-02 15:06:49  ║  Games finished:      5  (conquest 5, timeout 0)
2026-04-02 15:06:49  ║  Win rate      : 1.000
2026-04-02 15:06:49  ║  Avg ep length : 6553.6 steps
2026-04-02 15:06:49  ║  Avg reward/ep : 20.0000
2026-04-02 15:06:49  ║  p_loss        : 0.0093
2026-04-02 15:06:49  ║  v_loss        : 0.4595
2026-04-02 15:06:49  ║  entropy       : 2.5032
2026-04-02 15:06:49  ╚════════════════════════════════════════════════════════════
2026-04-02 15:06:49  
2026-04-02 15:17:19  
[update 0496] winner found after 1 simulation round(s)  (dist 0.122s | collect 630.13s)
2026-04-02 15:17:19  [update 0496] per-player GAE in 0.0234s
2026-04-02 15:21:48  [update 0496] PPO update done in 261.24s
2026-04-02 15:21:49    [ckpt] removed old checkpoint: checkpoints_win_reward\policy_update_00493.pt
2026-04-02 15:21:49    [ckpt] saved → checkpoints_win_reward\policy_update_00496.pt  (keeping last 3)
2026-04-02 15:21:49  
2026-04-02 15:21:49  ╔══ update 0496 ════════════════════════════════════════════
2026-04-02 15:21:49  ║  Wall time     : 900.1s  (dist 0.12s | collect 630.13s | GAE 0.0234s | PPO 261.24s)
2026-04-02 15:21:49  ║  Simul rounds  : 1
2026-04-02 15:21:49  ║  Games finished:      8  (conquest 8, timeout 0)
2026-04-02 15:21:49  ║  Win rate      : 1.000
2026-04-02 15:21:49  ║  Avg ep length : 4096.0 steps
2026-04-02 15:21:49  ║  Avg reward/ep : 20.0000
2026-04-02 15:21:49  ║  p_loss        : 0.0004
2026-04-02 15:21:49  ║  v_loss        : 0.7779
2026-04-02 15:21:49  ║  entropy       : 1.9006
2026-04-02 15:21:49  ╚════════════════════════════════════════════════════════════
2026-04-02 15:21:49  
2026-04-02 15:33:01  [update 0497] no conquest in round 1 — re-simulating …
2026-04-02 15:44:45  
[update 0497] winner found after 2 simulation round(s)  (dist 0.301s | collect 1367.12s)
2026-04-02 15:44:45  [update 0497] per-player GAE in 0.0225s
2026-04-02 15:57:30  [update 0497] PPO update done in 756.62s
2026-04-02 15:57:31    [ckpt] removed old checkpoint: checkpoints_win_reward\policy_update_00494.pt
2026-04-02 15:57:31    [ckpt] saved → checkpoints_win_reward\policy_update_00497.pt  (keeping last 3)
2026-04-02 15:57:31  
2026-04-02 15:57:31  ╔══ update 0497 ════════════════════════════════════════════
2026-04-02 15:57:31  ║  Wall time     : 2141.9s  (dist 0.30s | collect 1367.12s | GAE 0.0225s | PPO 756.62s)
2026-04-02 15:57:31  ║  Simul rounds  : 2
2026-04-02 15:57:31  ║  Games finished:      5  (conquest 5, timeout 0)
2026-04-02 15:57:31  ║  Win rate      : 1.000
2026-04-02 15:57:31  ║  Avg ep length : 6553.6 steps
2026-04-02 15:57:31  ║  Avg reward/ep : 20.0000
2026-04-02 15:57:31  ║  p_loss        : -0.0039
2026-04-02 15:57:31  ║  v_loss        : 0.3631
2026-04-02 15:57:31  ║  entropy       : 2.7804
2026-04-02 15:57:31  ╚════════════════════════════════════════════════════════════
2026-04-02 15:57:31  
2026-04-02 16:09:56  
[update 0498] winner found after 1 simulation round(s)  (dist 0.100s | collect 745.50s)
2026-04-02 16:09:56  [update 0498] per-player GAE in 0.0233s
2026-04-02 16:15:37  [update 0498] PPO update done in 332.14s
2026-04-02 16:15:38    [ckpt] removed old checkpoint: checkpoints_win_reward\policy_update_00495.pt
2026-04-02 16:15:38    [ckpt] saved → checkpoints_win_reward\policy_update_00498.pt  (keeping last 3)
2026-04-02 16:15:38  
2026-04-02 16:15:38  ╔══ update 0498 ════════════════════════════════════════════
2026-04-02 16:15:38  ║  Wall time     : 1087.2s  (dist 0.10s | collect 745.50s | GAE 0.0233s | PPO 332.14s)
2026-04-02 16:15:38  ║  Simul rounds  : 1
2026-04-02 16:15:38  ║  Games finished:      7  (conquest 7, timeout 0)
2026-04-02 16:15:38  ║  Win rate      : 1.000
2026-04-02 16:15:38  ║  Avg ep length : 4681.1 steps
2026-04-02 16:15:38  ║  Avg reward/ep : 20.0000
2026-04-02 16:15:38  ║  p_loss        : 0.0078
2026-04-02 16:15:38  ║  v_loss        : 0.4103
2026-04-02 16:15:38  ║  entropy       : 1.8456
2026-04-02 16:15:38  ╚════════════════════════════════════════════════════════════
2026-04-02 16:15:38  
2026-04-02 16:27:36  
[update 0499] winner found after 1 simulation round(s)  (dist 0.111s | collect 717.39s)
2026-04-02 16:27:36  [update 0499] per-player GAE in 0.0218s
2026-04-02 16:29:24  [update 0499] PPO update done in 98.78s
2026-04-02 16:29:24    [ckpt] removed old checkpoint: checkpoints_win_reward\policy_update_00496.pt
2026-04-02 16:29:24    [ckpt] saved → checkpoints_win_reward\policy_update_00499.pt  (keeping last 3)
2026-04-02 16:29:24  
2026-04-02 16:29:24  ╔══ update 0499 ════════════════════════════════════════════
2026-04-02 16:29:24  ║  Wall time     : 826.5s  (dist 0.11s | collect 717.39s | GAE 0.0218s | PPO 98.78s)
2026-04-02 16:29:24  ║  Simul rounds  : 1
2026-04-02 16:29:24  ║  Games finished:      1  (conquest 1, timeout 0)
2026-04-02 16:29:24  ║  Win rate      : 1.000
2026-04-02 16:29:24  ║  Avg ep length : 32768.0 steps
2026-04-02 16:29:24  ║  Avg reward/ep : 20.0000
2026-04-02 16:29:24  ║  p_loss        : 0.0072
2026-04-02 16:29:24  ║  v_loss        : 0.1633
2026-04-02 16:29:24  ║  entropy       : 2.0014
2026-04-02 16:29:24  ╚════════════════════════════════════════════════════════════
2026-04-02 16:29:24  
2026-04-02 16:29:25  
Final policy saved → checkpoints_win_reward\policy_FINAL.pt
2026-04-02 16:29:27  All workers shut down.  Training complete.
